-- Generated by Craft v2.4.2677 on 8 nov. 2016 09:58:59.

--
-- Disable foreign key checks and autocommit.
--

SET FOREIGN_KEY_CHECKS = 0;
SET SQL_MODE = "NO_AUTO_VALUE_ON_ZERO";
SET AUTOCOMMIT = 0;
SET NAMES utf8;


DROP TABLE IF EXISTS `craft_assetfiles`;


--
-- Schema for table `craft_assetfiles`
--
CREATE TABLE `craft_assetfiles` (
  `id` int(11) NOT NULL,
  `sourceId` int(11) DEFAULT NULL,
  `folderId` int(11) NOT NULL,
  `filename` varchar(255) COLLATE utf8_unicode_ci NOT NULL,
  `kind` varchar(50) COLLATE utf8_unicode_ci NOT NULL DEFAULT 'unknown',
  `width` smallint(6) unsigned DEFAULT NULL,
  `height` smallint(6) unsigned DEFAULT NULL,
  `size` int(11) unsigned DEFAULT NULL,
  `dateModified` datetime DEFAULT NULL,
  `dateCreated` datetime NOT NULL,
  `dateUpdated` datetime NOT NULL,
  `uid` char(36) COLLATE utf8_unicode_ci NOT NULL DEFAULT '0',
  PRIMARY KEY (`id`),
  UNIQUE KEY `craft_assetfiles_filename_folderId_unq_idx` (`filename`,`folderId`),
  KEY `craft_assetfiles_sourceId_fk` (`sourceId`),
  KEY `craft_assetfiles_folderId_fk` (`folderId`)
) ENGINE=InnoDB DEFAULT CHARSET=utf8 COLLATE=utf8_unicode_ci;

--
-- Data for table `craft_assetfiles`
--

INSERT INTO `craft_assetfiles` (`id`, `sourceId`, `folderId`, `filename`, `kind`, `width`, `height`, `size`, `dateModified`, `dateCreated`, `dateUpdated`, `uid`) VALUES
 ('4', '1', '1', 'Before-bar-press_right.jpg', 'image', '549', '734', '56180', '2015-07-23 13:28:16', '2015-07-23 13:28:16', '2016-02-05 14:43:13', '5b164580-cf86-4347-b11d-2833702ef4f0'),
 ('6', '1', '1', 'Before-bar-press_right_1.jpg', 'image', '549', '734', '56180', '2015-07-23 13:44:28', '2015-07-23 13:44:28', '2016-02-05 14:43:23', 'ec2aa3f1-66fd-47ae-b98b-de4db3404377'),
 ('11', '1', '1', 'Before-bar-grazia-cover.png', 'image', '423', '567', '461178', '2015-07-24 09:16:22', '2015-07-24 09:16:23', '2016-02-05 14:42:06', '5ffc9819-5ac9-4bb8-ac24-930f9d0316d1'),
 ('12', '1', '1', 'Before-bar-grazia-text.png', 'image', '423', '567', '184967', '2015-07-24 09:16:23', '2015-07-24 09:16:23', '2016-02-05 14:42:18', '6a6ec348-66c5-46e7-ae94-dd622078ed37'),
 ('13', '1', '1', 'Before-bar-jalouse-cover.png', 'image', '423', '567', '465044', '2015-07-24 09:16:23', '2015-07-24 09:16:24', '2016-02-05 14:42:25', '9d8424c0-8c73-4dbc-a71b-20c0d87877f6'),
 ('14', '1', '1', 'Before-bar-jalouse-text.png', 'image', '423', '567', '195632', '2015-07-24 09:16:25', '2015-07-24 09:16:25', '2016-02-05 14:42:37', '026f5024-ae82-4133-b2ac-03e12cde9b8d'),
 ('15', '1', '1', 'Before-bar-mariee-cover.png', 'image', '423', '567', '399907', '2015-07-24 09:16:26', '2015-07-24 09:16:26', '2016-02-05 14:42:45', '78e61a83-7dbb-433a-b79d-0aa32b7b590d'),
 ('16', '1', '1', 'Before-bar-mariee-text.png', 'image', '423', '567', '316697', '2015-07-24 09:16:28', '2015-07-24 09:16:28', '2016-02-05 14:43:03', 'd0c08465-7d5e-4d3c-ae46-ba719b12e276'),
 ('24', '4', '4', 'Privatisez-un-salon-beaute.jpg', 'image', '550', '550', '139492', '2015-07-24 18:05:58', '2015-07-24 18:05:58', '2016-02-05 14:39:46', 'dbd168ab-a813-4add-a038-1981c21cb906'),
 ('25', '4', '4', 'Beaute-a-domicile.jpg', 'image', '550', '550', '85501', '2015-07-24 18:06:24', '2015-07-24 18:06:24', '2016-02-05 14:40:39', 'c879f6c5-f7e0-42bf-9f83-5497d93acca7'),
 ('27', '2', '2', 'Before-bar-cover.jpg', 'image', '1900', '1220', '336079', '2015-09-05 18:21:59', '2015-09-05 18:21:59', '2016-02-05 14:41:44', '41da7597-1f0f-4498-b01d-51922e1cac5b'),
 ('28', '3', '3', 'Conciergerie-beaute-luxe.jpg', 'image', '1900', '1220', '423466', '2015-09-05 18:23:26', '2015-09-05 18:23:26', '2016-02-05 14:41:24', 'dd27ee14-b05f-41f5-bde7-8168b120e736'),
 ('32', '5', '5', '16_MG_3798.jpg', 'image', '1899', '602', '140050', '2015-10-13 15:24:35', '2015-10-13 15:24:35', '2015-10-13 15:24:35', '58d28ae8-cf32-484f-8c09-736fafb94146'),
 ('33', '5', '5', '16_MG_3859.jpg', 'image', '1899', '602', '148340', '2015-10-13 15:24:36', '2015-10-13 15:24:36', '2015-10-13 15:24:36', '70766cf3-071f-493d-bc38-dc53e58e5340'),
 ('34', '5', '5', '16_MG_3896.jpg', 'image', '1899', '602', '161166', '2015-10-13 15:24:37', '2015-10-13 15:24:37', '2015-10-13 15:24:37', '73b18c7a-5540-4a63-affc-24378304eaab'),
 ('35', '5', '5', '17_Concept_Photo1.jpg', 'image', '1900', '602', '183584', '2015-10-13 15:24:59', '2015-10-13 15:24:59', '2015-10-13 15:24:59', 'e87c4b09-b6bb-4831-aef1-b3024e61a98d'),
 ('36', '5', '5', '17_Concept_Photo5.jpg', 'image', '1900', '602', '165325', '2015-10-13 15:25:00', '2015-10-13 15:25:01', '2015-10-13 15:25:01', '4651dd4b-1c44-4ba3-bab0-42fa4d49ea87'),
 ('37', '5', '5', '17_Concept_Photo7.jpg', 'image', '1900', '602', '175104', '2015-10-13 15:25:02', '2015-10-13 15:25:02', '2015-10-13 15:25:02', 'b1fef75e-ecd8-43d9-8c9c-c44e1eeb5e1a'),
 ('53', '5', '5', '16e_01.jpg', 'image', '2500', '945', '317379', '2015-10-27 12:12:31', '2015-10-27 12:12:31', '2015-10-27 12:12:31', '7c41b2bc-b5e0-46bd-b715-1a16dc82f479'),
 ('54', '5', '5', '16e_02.jpg', 'image', '2500', '945', '316091', '2015-10-27 12:12:32', '2015-10-27 12:12:32', '2015-10-27 12:12:32', '9b76b917-e3e1-4fb7-8066-da446c9cad2c'),
 ('55', '5', '5', '16e_03.jpg', 'image', '2500', '945', '326346', '2015-10-27 12:12:34', '2015-10-27 12:12:34', '2015-10-27 12:12:34', 'd62e438e-6bea-4d55-805b-c099975983e2'),
 ('56', '5', '5', '17e_01.jpg', 'image', '2500', '945', '350660', '2015-10-27 12:12:35', '2015-10-27 12:12:36', '2015-10-27 12:12:36', '10e1e8e9-7646-4b2b-8c3b-d05ec1e822f6'),
 ('57', '5', '5', '17e_02.jpg', 'image', '2500', '945', '392804', '2015-10-27 12:12:37', '2015-10-27 12:12:37', '2015-10-27 12:12:37', '526ddd67-de04-4525-9930-380f2cd3d117'),
 ('58', '5', '5', '17e_03.jpg', 'image', '2500', '945', '284532', '2015-10-27 12:12:39', '2015-10-27 12:12:39', '2015-10-27 12:12:39', '2d40ba5a-cc13-4a28-acf3-2cbe6fdcebb8'),
 ('62', '1', '1', 'Before-bar-public-texte.png', 'image', '1170', '1431', '2112373', '2015-12-06 07:58:20', '2015-12-06 07:58:20', '2016-02-05 14:43:46', '37304365-3a36-428a-9b71-24d0ee517feb'),
 ('64', '1', '1', 'Before-bar-public-cover.png', 'image', '550', '768', '769786', '2015-12-06 07:59:00', '2015-12-06 07:59:01', '2016-02-05 14:43:31', 'c842f86d-70f4-46fd-93af-4ba598192235'),
 ('66', '5', '5', 'Salon-beaute-Paris16-1.jpg', 'image', '1240', '945', '327604', '2016-01-26 15:08:31', '2016-01-26 15:08:31', '2016-02-05 14:33:44', 'e4546e90-ea28-4ff4-835f-2486b394ed69'),
 ('67', '5', '5', 'Salon-beaute-Paris16-2.jpg', 'image', '1240', '945', '163016', '2016-01-26 15:08:34', '2016-01-26 15:08:34', '2016-02-05 14:34:28', '22e1a3d3-d0a3-4d0f-aa91-895fc4772ade'),
 ('68', '5', '5', 'Salon-beaute-Paris16-3.jpg', 'image', '1240', '945', '170590', '2016-01-26 15:08:37', '2016-01-26 15:08:37', '2016-02-05 14:34:43', '22b8f84d-7ae1-485b-b017-096b6a3de23e'),
 ('69', '5', '5', 'Salon-beaute-Paris16-4.jpg', 'image', '1240', '945', '171106', '2016-01-26 15:08:39', '2016-01-26 15:08:39', '2016-02-05 14:35:23', 'e25e4d9d-54c8-41a1-adda-76e827db89a7'),
 ('70', '5', '5', 'Salon-beaute-Paris16-5.jpg', 'image', '1240', '945', '196311', '2016-01-26 15:08:42', '2016-01-26 15:08:42', '2016-02-05 14:35:08', 'd020d94e-8410-49b4-b2a4-91a8932012f6'),
 ('71', '5', '5', 'Salon-beaute-Paris16-6.jpg', 'image', '1240', '945', '291471', '2016-01-26 15:08:45', '2016-01-26 15:08:45', '2016-02-05 14:35:38', '1b6effb4-a4ec-407f-8d32-362025cc8495'),
 ('72', '5', '5', 'Salon-beaute-Paris17-1.jpg', 'image', '1240', '945', '189078', '2016-01-26 15:08:50', '2016-01-26 15:08:51', '2016-02-05 14:36:14', 'a6b24e7e-bb0d-4a5e-8625-25a3411b5b98'),
 ('73', '5', '5', 'Salon-beaute-Paris17-2.jpg', 'image', '1240', '945', '337214', '2016-01-26 15:08:54', '2016-01-26 15:08:54', '2016-02-05 14:36:30', '3669d1e3-d2bc-408b-80c1-7b48320abb4e'),
 ('74', '5', '5', 'Salon-beaute-Paris17-3.jpg', 'image', '1240', '945', '203105', '2016-01-26 15:08:58', '2016-01-26 15:08:58', '2016-02-05 14:36:53', '9fb5e9c4-f419-4e2f-b0f1-9274af04a066'),
 ('75', '5', '5', 'Salon-beaute-Paris17-4.jpg', 'image', '1240', '945', '381118', '2016-01-26 15:09:02', '2016-01-26 15:09:02', '2016-02-05 14:37:04', '681003b8-a722-4b6e-b277-678fc7165b90'),
 ('76', '5', '5', 'Salon-beaute-Paris17-5.jpg', 'image', '1240', '945', '141960', '2016-01-26 15:09:04', '2016-01-26 15:09:04', '2016-02-05 14:37:15', '729c03e3-17db-4951-b1d9-349e8dae97a1'),
 ('77', '5', '5', 'Salon-beaute-Paris17-6.jpg', 'image', '1240', '945', '222226', '2016-01-26 15:09:07', '2016-01-26 15:09:08', '2016-02-05 14:37:31', '17cd08dc-2b87-49e9-ae61-23d15fca109b'),
 ('78', '1', '1', 'Anna_Todd_chez_Before_Bar.jpg', 'image', '540', '960', '65369', '2016-02-16 10:45:04', '2016-02-16 10:45:04', '2016-02-16 10:45:04', '1eab3558-a0c5-405d-9c85-34b8c0722473'),
 ('80', '1', '1', 'Ines-Olympe-Mercadal.jpg', 'image', '960', '960', '108585', '2016-02-16 10:50:34', '2016-02-16 10:50:34', '2016-02-16 10:50:34', '66ef2809-40bb-48ad-a112-6557df1729a0'),
 ('82', '1', '1', 'Jessica_Minh_Anh_Autumn-Fashion_Show-Eiffel-Tower.jpg', 'image', '800', '1202', '413023', '2016-02-22 10:31:49', '2016-02-22 10:31:49', '2016-02-22 10:31:49', 'd3194c90-5045-4005-8e95-b2581d1c01a1'),
 ('84', '1', '1', 'Public_Buzz_Awards_Before_Beauty_Bar.JPG', 'image', '1080', '1080', '484292', '2016-02-22 10:35:44', '2016-02-22 10:35:44', '2016-02-22 10:35:44', '5d2574e5-6a3a-4a52-ab03-71f625d94993'),
 ('86', '1', '1', 'IMG_4389.JPG', 'image', '960', '960', '94774', '2016-02-22 14:41:59', '2016-02-22 14:38:42', '2016-02-22 14:42:05', '0d6127e2-d80f-4f26-ae4e-63a81d415bb2'),
 ('89', '1', '1', 'IMG_4391.JPG', 'image', '544', '720', '78787', '2016-02-22 14:46:08', '2016-02-22 14:46:08', '2016-02-22 14:46:08', '51374b86-7a09-4954-9032-302f9d8a7210'),
 ('90', '1', '1', 'IMG_4390.JPG', 'image', '584', '960', '87442', '2016-02-22 14:50:12', '2016-02-22 14:50:12', '2016-02-22 14:50:12', '9dce4d28-1a60-479b-86bf-e0560777504a'),
 ('92', '1', '1', 'IMG_4399.JPG', 'image', '4032', '3024', '2553782', '2016-02-23 17:00:39', '2016-02-23 17:00:43', '2016-02-23 17:00:43', '6b7745f9-1ff9-4395-bd48-fc27b6d55928'),
 ('93', '1', '1', 'IMG_4404.JPG', 'image', '3024', '4032', '1243145', '2016-02-23 22:07:22', '2016-02-23 22:07:26', '2016-02-23 22:07:26', '66ff206c-224e-4b85-a7fe-25d22adc706e'),
 ('94', '1', '1', 'IMG_4407.JPG', 'image', '2400', '2400', '800564', '2016-02-23 22:18:53', '2016-02-23 22:18:55', '2016-02-23 22:18:55', 'bd7297ac-fa7d-4b72-8b3c-d9ccfdc40aa2'),
 ('95', '1', '1', 'IMG_4408.JPG', 'image', '2400', '2400', '891541', '2016-02-23 22:26:04', '2016-02-23 22:26:06', '2016-02-23 22:26:06', '8b7a2bb1-2dd2-4d84-8060-9e7a5a1318e7'),
 ('96', '1', '1', 'IMG_2644.JPG', 'image', '974', '918', '235934', '2016-02-23 22:30:02', '2016-02-23 22:30:03', '2016-02-23 22:30:03', '182078f0-6788-4610-9c60-6e9bd06b4610'),
 ('97', '1', '1', 'IMG_4409.JPG', 'image', '2400', '2400', '866907', '2016-02-23 22:35:36', '2016-02-23 22:35:38', '2016-02-23 22:35:38', 'ecf96878-c646-41f6-8f06-d2942e7773e8'),
 ('98', '1', '1', 'IMG_4410.JPG', 'image', '2400', '2400', '750020', '2016-02-23 23:37:50', '2016-02-23 23:37:52', '2016-02-23 23:37:52', '4bc1b673-d978-430b-98b1-9374a3bf333c'),
 ('101', '1', '1', 'image.jpeg', 'image', '2400', '2400', '1214930', '2016-03-20 00:27:50', '2016-02-24 00:13:26', '2016-03-20 00:27:58', '5f70b167-6808-4893-afb9-652931b7ffe0'),
 ('102', '1', '1', 'image_1.jpeg', 'image', '2048', '2048', '845987', '2016-02-24 08:04:43', '2016-02-24 08:04:43', '2016-02-24 08:04:43', 'f037ab23-63ae-400b-b0b7-4973bf004cee'),
 ('103', '1', '1', 'image_2.jpeg', 'image', '2048', '2048', '853923', '2016-02-24 08:59:07', '2016-02-24 08:59:07', '2016-02-24 08:59:07', '9407ec1d-c3b7-41d1-b2f5-948df3216184'),
 ('104', '1', '1', 'IMG_4422.JPG', 'image', '800', '800', '191039', '2016-02-24 09:16:49', '2016-02-24 09:16:49', '2016-02-24 09:16:49', '6637071f-f2ec-473e-8bc6-c3f5de6fb79d'),
 ('106', '1', '1', '2BEC94A6-716E-44F8-9B7D-46B0FEDEB335.JPG', 'image', '2400', '2400', '768711', '2016-03-05 15:20:43', '2016-03-05 15:20:45', '2016-03-05 15:20:45', '19738374-f011-4d97-a103-b8bc82c0be44'),
 ('108', '1', '1', 'image_3.jpeg', 'image', '600', '647', '92279', '2016-03-07 20:35:32', '2016-03-07 20:35:33', '2016-03-07 20:35:33', '6d45c1a3-cb12-4e18-a8da-05b903bb6298'),
 ('112', '1', '1', 'image_4.jpeg', 'image', '600', '647', '171488', '2016-03-20 00:38:28', '2016-03-20 00:38:28', '2016-03-20 00:38:28', 'da621609-c60a-4fb4-99bf-33bdda58c1c0'),
 ('113', '1', '1', 'image_5.jpeg', 'image', '643', '971', '81016', '2016-03-24 07:49:21', '2016-03-24 07:49:22', '2016-03-24 07:49:22', 'f0b9acc2-f1b7-423b-b49d-20cf5cd6d4d9'),
 ('115', '1', '1', 'image_6.jpeg', 'image', '2400', '2400', '827411', '2016-03-30 07:43:01', '2016-03-30 07:43:02', '2016-03-30 07:43:02', '60d9e337-5e42-434d-9b14-71654b9fc201'),
 ('118', '1', '1', 'image_7.jpeg', 'image', '2400', '2400', '482568', '2016-03-30 11:51:18', '2016-03-30 11:51:19', '2016-03-30 11:51:19', '9362441d-2dfa-4cc5-854d-e74502f56a0c'),
 ('119', '1', '1', 'image_8.jpeg', 'image', '3124', '4132', '3700851', '2016-04-04 18:52:00', '2016-04-04 18:52:01', '2016-04-04 18:52:01', '293c0774-31d3-4e7b-9469-66bff9eaed0b'),
 ('121', '1', '1', 'image_9.jpeg', 'image', '780', '438', '110584', '2016-04-08 20:59:40', '2016-04-08 20:59:41', '2016-04-08 20:59:41', '1f824575-baa7-4374-aa83-2797541756cd'),
 ('123', '1', '1', 'image_10.jpeg', 'image', '2493', '2493', '287834', '2016-05-26 22:42:43', '2016-05-26 22:42:44', '2016-05-26 22:42:44', 'd208cc89-3683-41cb-befc-22624567c433'),
 ('125', '1', '1', 'image_11.jpeg', 'image', '2400', '2400', '2069291', '2016-06-12 22:47:32', '2016-06-12 22:47:33', '2016-06-12 22:47:33', '56ec5eba-88b0-4587-a0b1-5c9ea546305b'),
 ('127', '1', '1', 'image_12.jpeg', 'image', '4132', '3124', '3064630', '2016-06-17 22:00:54', '2016-06-17 22:00:54', '2016-06-17 22:00:54', '0ccb9543-895f-40f6-8db2-fd5f0c3b0d9a'),
 ('129', '1', '1', 'image_13.jpeg', 'image', '984', '1600', '133915', '2016-08-30 22:30:45', '2016-08-30 22:30:46', '2016-08-30 22:30:46', 'ae639624-a299-4f03-bcff-aa8c524b17f2'),
 ('131', '1', '1', 'IMG_1108.JPG', 'image', '850', '314', '53712', '2016-10-02 22:09:08', '2016-10-02 22:09:09', '2016-10-02 22:09:09', '4924e50a-aaf2-4948-904d-fa28d75f29b6'),
 ('133', '1', '1', 'IMG_1264.JPG', 'image', '1815', '4032', '1925799', '2016-11-04 21:58:00', '2016-11-04 21:58:02', '2016-11-04 21:58:02', 'eab99bfe-7b8f-4a12-955d-75138cd734a0');



DROP TABLE IF EXISTS `craft_assetfolders`;


--
-- Schema for table `craft_assetfolders`
--
CREATE TABLE `craft_assetfolders` (
  `id` int(11) NOT NULL AUTO_INCREMENT,
  `parentId` int(11) DEFAULT NULL,
  `sourceId` int(11) DEFAULT NULL,
  `name` varchar(255) COLLATE utf8_unicode_ci NOT NULL,
  `path` varchar(255) COLLATE utf8_unicode_ci DEFAULT NULL,
  `dateCreated` datetime NOT NULL,
  `dateUpdated` datetime NOT NULL,
  `uid` char(36) COLLATE utf8_unicode_ci NOT NULL DEFAULT '0',
  PRIMARY KEY (`id`),
  UNIQUE KEY `craft_assetfolders_name_parentId_sourceId_unq_idx` (`name`,`parentId`,`sourceId`),
  KEY `craft_assetfolders_parentId_fk` (`parentId`),
  KEY `craft_assetfolders_sourceId_fk` (`sourceId`)
) ENGINE=InnoDB AUTO_INCREMENT=6 DEFAULT CHARSET=utf8 COLLATE=utf8_unicode_ci;

--
-- Data for table `craft_assetfolders`
--

INSERT INTO `craft_assetfolders` (`id`, `parentId`, `sourceId`, `name`, `path`, `dateCreated`, `dateUpdated`, `uid`) VALUES
 ('1', NULL, '1', 'ImagesPresse', '', '2015-07-23 13:23:49', '2015-07-23 13:23:49', '0fd90884-dd1b-49ca-8bc3-c7a83da57620'),
 ('2', NULL, '2', 'CoverTop', '', '2015-07-23 13:32:51', '2015-09-05 18:17:52', 'a720dfef-1f0f-4c55-8335-3b4a8e888928'),
 ('3', NULL, '3', 'CoverPro', '', '2015-07-23 13:33:37', '2015-09-05 18:18:05', 'fb4b520d-d87b-4c5b-b78c-3f7f2c5995cf'),
 ('4', NULL, '4', 'PrivateEvents', '', '2015-07-24 18:00:09', '2015-07-24 18:00:09', 'e1398e3f-b52a-4692-895a-3d55dff12de1'),
 ('5', NULL, '5', 'Stores', '', '2015-09-29 09:45:02', '2015-09-29 09:45:02', 'a0270881-05d3-4a8a-898d-826cdce67f1d');



DROP TABLE IF EXISTS `craft_assetindexdata`;


--
-- Schema for table `craft_assetindexdata`
--
CREATE TABLE `craft_assetindexdata` (
  `id` int(11) NOT NULL AUTO_INCREMENT,
  `sessionId` varchar(36) COLLATE utf8_unicode_ci NOT NULL DEFAULT '',
  `sourceId` int(10) NOT NULL,
  `offset` int(10) NOT NULL,
  `uri` varchar(255) COLLATE utf8_unicode_ci DEFAULT NULL,
  `size` int(10) DEFAULT NULL,
  `recordId` int(10) DEFAULT NULL,
  `dateCreated` datetime NOT NULL,
  `dateUpdated` datetime NOT NULL,
  `uid` char(36) COLLATE utf8_unicode_ci NOT NULL DEFAULT '0',
  PRIMARY KEY (`id`),
  UNIQUE KEY `craft_assetindexdata_sessionId_sourceId_offset_unq_idx` (`sessionId`,`sourceId`,`offset`),
  KEY `craft_assetindexdata_sourceId_fk` (`sourceId`)
) ENGINE=InnoDB DEFAULT CHARSET=utf8 COLLATE=utf8_unicode_ci;

DROP TABLE IF EXISTS `craft_assetsources`;


--
-- Schema for table `craft_assetsources`
--
CREATE TABLE `craft_assetsources` (
  `id` int(11) NOT NULL AUTO_INCREMENT,
  `name` varchar(255) COLLATE utf8_unicode_ci NOT NULL,
  `handle` varchar(255) COLLATE utf8_unicode_ci NOT NULL,
  `type` varchar(150) COLLATE utf8_unicode_ci NOT NULL,
  `settings` text COLLATE utf8_unicode_ci,
  `sortOrder` tinyint(4) DEFAULT NULL,
  `fieldLayoutId` int(10) DEFAULT NULL,
  `dateCreated` datetime NOT NULL,
  `dateUpdated` datetime NOT NULL,
  `uid` char(36) COLLATE utf8_unicode_ci NOT NULL DEFAULT '0',
  PRIMARY KEY (`id`),
  UNIQUE KEY `craft_assetsources_name_unq_idx` (`name`),
  UNIQUE KEY `craft_assetsources_handle_unq_idx` (`handle`),
  KEY `craft_assetsources_fieldLayoutId_fk` (`fieldLayoutId`)
) ENGINE=InnoDB AUTO_INCREMENT=6 DEFAULT CHARSET=utf8 COLLATE=utf8_unicode_ci;

--
-- Data for table `craft_assetsources`
--

INSERT INTO `craft_assetsources` (`id`, `name`, `handle`, `type`, `settings`, `sortOrder`, `fieldLayoutId`, `dateCreated`, `dateUpdated`, `uid`) VALUES
 ('1', 'ImagesPresse', 'imagespresse', 'Local', '{\"path\":\"uploads\\/press\\/\",\"url\":\"http:\\/\\/www.beforebar.com\\/uploads\\/press\\/\"}', '1', '67', '2015-07-23 13:23:49', '2015-10-29 12:41:10', 'ff2332c3-f80b-4e0a-b9db-6bf05a1e0f34'),
 ('2', 'CoverTop', 'covertop', 'Local', '{\"path\":\"uploads\\/cover\\/\",\"url\":\"http:\\/\\/www.beforebar.com\\/uploads\\/cover\\/\"}', '2', '68', '2015-07-23 13:32:51', '2015-10-29 12:41:15', '83cd73a0-edae-4983-8880-cc548c114d2d'),
 ('3', 'CoverPro', 'coverpro', 'Local', '{\"path\":\"uploads\\/cover\\/\",\"url\":\"http:\\/\\/www.beforebar.com\\/uploads\\/cover\\/\"}', '3', '69', '2015-07-23 13:33:37', '2015-10-29 12:41:19', 'a44f7ddc-394a-4921-87fe-2db19a6fcd9d'),
 ('4', 'PrivateEvents', 'privateevents', 'Local', '{\"path\":\"uploads\\/events\\/\",\"url\":\"http:\\/\\/www.beforebar.com\\/uploads\\/events\\/\"}', '4', '70', '2015-07-24 18:00:09', '2015-10-29 12:41:24', 'c6ba87d2-db66-42c5-af8b-70347418acc7'),
 ('5', 'Stores', 'stores', 'Local', '{\"path\":\"uploads\\/stores\\/\",\"url\":\"http:\\/\\/www.beforebar.com\\/uploads\\/stores\\/\"}', '5', '71', '2015-09-29 09:45:02', '2015-10-29 12:41:29', '3187e11b-d83b-45fa-8f7f-db36d1b8f1be');



DROP TABLE IF EXISTS `craft_assettransformindex`;


--
-- Schema for table `craft_assettransformindex`
--
CREATE TABLE `craft_assettransformindex` (
  `id` int(11) NOT NULL AUTO_INCREMENT,
  `fileId` int(11) NOT NULL,
  `filename` varchar(255) COLLATE utf8_unicode_ci DEFAULT NULL,
  `format` varchar(255) COLLATE utf8_unicode_ci DEFAULT NULL,
  `location` varchar(255) COLLATE utf8_unicode_ci NOT NULL,
  `sourceId` int(11) DEFAULT NULL,
  `fileExists` tinyint(1) DEFAULT NULL,
  `inProgress` tinyint(1) DEFAULT NULL,
  `dateIndexed` datetime DEFAULT NULL,
  `dateCreated` datetime NOT NULL,
  `dateUpdated` datetime NOT NULL,
  `uid` char(36) COLLATE utf8_unicode_ci NOT NULL DEFAULT '0',
  PRIMARY KEY (`id`),
  KEY `craft_assettransformindex_sourceId_fileId_location_idx` (`sourceId`,`fileId`,`location`)
) ENGINE=InnoDB DEFAULT CHARSET=utf8 COLLATE=utf8_unicode_ci;

DROP TABLE IF EXISTS `craft_assettransforms`;


--
-- Schema for table `craft_assettransforms`
--
CREATE TABLE `craft_assettransforms` (
  `id` int(11) NOT NULL AUTO_INCREMENT,
  `name` varchar(255) COLLATE utf8_unicode_ci NOT NULL,
  `handle` varchar(255) COLLATE utf8_unicode_ci NOT NULL,
  `mode` enum('stretch','fit','crop') COLLATE utf8_unicode_ci NOT NULL DEFAULT 'crop',
  `position` enum('top-left','top-center','top-right','center-left','center-center','center-right','bottom-left','bottom-center','bottom-right') COLLATE utf8_unicode_ci NOT NULL DEFAULT 'center-center',
  `height` int(10) DEFAULT NULL,
  `width` int(10) DEFAULT NULL,
  `format` varchar(255) COLLATE utf8_unicode_ci DEFAULT NULL,
  `quality` int(10) DEFAULT NULL,
  `dimensionChangeTime` datetime DEFAULT NULL,
  `dateCreated` datetime NOT NULL,
  `dateUpdated` datetime NOT NULL,
  `uid` char(36) COLLATE utf8_unicode_ci NOT NULL DEFAULT '0',
  PRIMARY KEY (`id`),
  UNIQUE KEY `craft_assettransforms_name_unq_idx` (`name`),
  UNIQUE KEY `craft_assettransforms_handle_unq_idx` (`handle`)
) ENGINE=InnoDB DEFAULT CHARSET=utf8 COLLATE=utf8_unicode_ci;

DROP TABLE IF EXISTS `craft_categories`;


--
-- Schema for table `craft_categories`
--
CREATE TABLE `craft_categories` (
  `id` int(11) NOT NULL,
  `groupId` int(11) NOT NULL,
  `dateCreated` datetime NOT NULL,
  `dateUpdated` datetime NOT NULL,
  `uid` char(36) COLLATE utf8_unicode_ci NOT NULL DEFAULT '0',
  PRIMARY KEY (`id`),
  KEY `craft_categories_groupId_fk` (`groupId`)
) ENGINE=InnoDB DEFAULT CHARSET=utf8 COLLATE=utf8_unicode_ci;

DROP TABLE IF EXISTS `craft_categorygroups`;


--
-- Schema for table `craft_categorygroups`
--
CREATE TABLE `craft_categorygroups` (
  `id` int(11) NOT NULL AUTO_INCREMENT,
  `structureId` int(11) NOT NULL,
  `fieldLayoutId` int(11) DEFAULT NULL,
  `name` varchar(255) COLLATE utf8_unicode_ci NOT NULL,
  `handle` varchar(255) COLLATE utf8_unicode_ci NOT NULL,
  `hasUrls` tinyint(1) unsigned NOT NULL DEFAULT '1',
  `template` varchar(500) COLLATE utf8_unicode_ci DEFAULT NULL,
  `dateCreated` datetime NOT NULL,
  `dateUpdated` datetime NOT NULL,
  `uid` char(36) COLLATE utf8_unicode_ci NOT NULL DEFAULT '0',
  PRIMARY KEY (`id`),
  UNIQUE KEY `craft_categorygroups_name_unq_idx` (`name`),
  UNIQUE KEY `craft_categorygroups_handle_unq_idx` (`handle`),
  KEY `craft_categorygroups_structureId_fk` (`structureId`),
  KEY `craft_categorygroups_fieldLayoutId_fk` (`fieldLayoutId`)
) ENGINE=InnoDB DEFAULT CHARSET=utf8 COLLATE=utf8_unicode_ci;

DROP TABLE IF EXISTS `craft_categorygroups_i18n`;


--
-- Schema for table `craft_categorygroups_i18n`
--
CREATE TABLE `craft_categorygroups_i18n` (
  `id` int(11) NOT NULL AUTO_INCREMENT,
  `groupId` int(11) NOT NULL,
  `locale` char(12) COLLATE utf8_unicode_ci NOT NULL,
  `urlFormat` varchar(255) COLLATE utf8_unicode_ci DEFAULT NULL,
  `nestedUrlFormat` varchar(255) COLLATE utf8_unicode_ci DEFAULT NULL,
  `dateCreated` datetime NOT NULL,
  `dateUpdated` datetime NOT NULL,
  `uid` char(36) COLLATE utf8_unicode_ci NOT NULL DEFAULT '0',
  PRIMARY KEY (`id`),
  UNIQUE KEY `craft_categorygroups_i18n_groupId_locale_unq_idx` (`groupId`,`locale`),
  KEY `craft_categorygroups_i18n_locale_fk` (`locale`)
) ENGINE=InnoDB DEFAULT CHARSET=utf8 COLLATE=utf8_unicode_ci;

DROP TABLE IF EXISTS `craft_content`;


--
-- Schema for table `craft_content`
--
CREATE TABLE `craft_content` (
  `id` int(11) NOT NULL AUTO_INCREMENT,
  `elementId` int(11) NOT NULL,
  `locale` char(12) COLLATE utf8_unicode_ci NOT NULL,
  `title` varchar(255) COLLATE utf8_unicode_ci DEFAULT NULL,
  `field_body` text COLLATE utf8_unicode_ci,
  `field_forfaits` text COLLATE utf8_unicode_ci,
  `field_soins` text COLLATE utf8_unicode_ci,
  `field_privatisation` text COLLATE utf8_unicode_ci,
  `field_espacePro` text COLLATE utf8_unicode_ci,
  `field_presse` text COLLATE utf8_unicode_ci,
  `field_social` text COLLATE utf8_unicode_ci,
  `field_contact` text COLLATE utf8_unicode_ci,
  `field_headTitle` text COLLATE utf8_unicode_ci,
  `field_headDescription` text COLLATE utf8_unicode_ci,
  `field_headButton` text COLLATE utf8_unicode_ci,
  `field_forfaitsTitle` text COLLATE utf8_unicode_ci,
  `field_forfaitsDesc` text COLLATE utf8_unicode_ci,
  `field_forfaitsBtnDiscover` text COLLATE utf8_unicode_ci,
  `field_forfaitEventsTitle` text COLLATE utf8_unicode_ci,
  `field_forfaitEventsIntro` text COLLATE utf8_unicode_ci,
  `field_forfaitEventsDesc` text COLLATE utf8_unicode_ci,
  `field_forfaitEventsPrice` text COLLATE utf8_unicode_ci,
  `field_forfaitDatingTitle` text COLLATE utf8_unicode_ci,
  `field_forfaitDatingDesc` text COLLATE utf8_unicode_ci,
  `field_forfaitDatingIntro` text COLLATE utf8_unicode_ci,
  `field_forfaitDatingPrice` text COLLATE utf8_unicode_ci,
  `field_forfaitWeddingTitle` text COLLATE utf8_unicode_ci,
  `field_forfaitWeddingIntro` text COLLATE utf8_unicode_ci,
  `field_forfaitWeddingDesc` text COLLATE utf8_unicode_ci,
  `field_forfaitWeddingPrice` text COLLATE utf8_unicode_ci,
  `field_forfaitBeachTitle` text COLLATE utf8_unicode_ci,
  `field_forfaitBeachIntro` text COLLATE utf8_unicode_ci,
  `field_forfaitBeachDesc` text COLLATE utf8_unicode_ci,
  `field_forfaitBeachPrice` text COLLATE utf8_unicode_ci,
  `field_soinsHairTitle` text COLLATE utf8_unicode_ci,
  `field_soinsTitle` text COLLATE utf8_unicode_ci,
  `field_soinsHairDesc` text COLLATE utf8_unicode_ci,
  `field_soinsNailsTitle` text COLLATE utf8_unicode_ci,
  `field_soinsNailsDesc` text COLLATE utf8_unicode_ci,
  `field_soinsMakeupTitle` text COLLATE utf8_unicode_ci,
  `field_soinsMakeupDesc` text COLLATE utf8_unicode_ci,
  `field_soinsSpaTitle` text COLLATE utf8_unicode_ci,
  `field_soinsSpaDesc` text COLLATE utf8_unicode_ci,
  `field_eventsDesc` text COLLATE utf8_unicode_ci,
  `field_eventsTitle` text COLLATE utf8_unicode_ci,
  `field_privateDesc` text COLLATE utf8_unicode_ci,
  `field_privateTitle` text COLLATE utf8_unicode_ci,
  `field_privatisationBtn` text COLLATE utf8_unicode_ci,
  `field_proDesc` text COLLATE utf8_unicode_ci,
  `field_proTitle` text COLLATE utf8_unicode_ci,
  `field_presseTitle` text COLLATE utf8_unicode_ci,
  `field_presseDesc` text COLLATE utf8_unicode_ci,
  `field_presseArchiveBtn` text COLLATE utf8_unicode_ci,
  `field_socialTitle` text COLLATE utf8_unicode_ci,
  `field_socialDesc` text COLLATE utf8_unicode_ci,
  `field_socialInsta` text COLLATE utf8_unicode_ci,
  `field_socialFb` text COLLATE utf8_unicode_ci,
  `field_socialFbLink` text COLLATE utf8_unicode_ci,
  `field_socialInstaLink` text COLLATE utf8_unicode_ci,
  `field_contactTitle` text COLLATE utf8_unicode_ci,
  `field_contactHours` text COLLATE utf8_unicode_ci,
  `field_contactAddress` text COLLATE utf8_unicode_ci,
  `field_contactBook` text COLLATE utf8_unicode_ci,
  `field_contactBtmDesc` text COLLATE utf8_unicode_ci,
  `field_contactFranchiseTitle` text COLLATE utf8_unicode_ci,
  `field_contactFranchiseDesc` text COLLATE utf8_unicode_ci,
  `field_contactCgvTitle` text COLLATE utf8_unicode_ci,
  `field_contactCgvDesc` text COLLATE utf8_unicode_ci,
  `field_contactMentionsTitle` text COLLATE utf8_unicode_ci,
  `field_contactMentionsDesc` text COLLATE utf8_unicode_ci,
  `field_contactCreditsTitle` text COLLATE utf8_unicode_ci,
  `field_contactCreditsDesc` text COLLATE utf8_unicode_ci,
  `field_contactUs` text COLLATE utf8_unicode_ci,
  `field_store1Title` text COLLATE utf8_unicode_ci,
  `field_store1Hours` text COLLATE utf8_unicode_ci,
  `field_store1Book` text COLLATE utf8_unicode_ci,
  `field_store1Address` text COLLATE utf8_unicode_ci,
  `field_store2Title` text COLLATE utf8_unicode_ci,
  `field_store2Address` text COLLATE utf8_unicode_ci,
  `field_store2Hours` text COLLATE utf8_unicode_ci,
  `field_store2Book` text COLLATE utf8_unicode_ci,
  `field_titreArticle` text COLLATE utf8_unicode_ci,
  `field_descArticle` text COLLATE utf8_unicode_ci,
  `field_metatitle` text COLLATE utf8_unicode_ci,
  `field_metaDescription` text COLLATE utf8_unicode_ci,
  `field_contactMailSuccess` text COLLATE utf8_unicode_ci,
  `field_store1Link` text COLLATE utf8_unicode_ci,
  `field_store2Link` text COLLATE utf8_unicode_ci,
  `field_linkBeach1` text COLLATE utf8_unicode_ci,
  `field_linkBeach2` text COLLATE utf8_unicode_ci,
  `field_linkDating1` text COLLATE utf8_unicode_ci,
  `field_linkDating2` text COLLATE utf8_unicode_ci,
  `field_linkEvents1` text COLLATE utf8_unicode_ci,
  `field_linkEvents2` text COLLATE utf8_unicode_ci,
  `field_linkHair1` text COLLATE utf8_unicode_ci,
  `field_linkHair2` text COLLATE utf8_unicode_ci,
  `field_linkMake1` text COLLATE utf8_unicode_ci,
  `field_linkMake2` text COLLATE utf8_unicode_ci,
  `field_linkNails1` text COLLATE utf8_unicode_ci,
  `field_linkNails2` text COLLATE utf8_unicode_ci,
  `field_linkSpa1` text COLLATE utf8_unicode_ci,
  `field_linkSpa2` text COLLATE utf8_unicode_ci,
  `field_linkWedding1` text COLLATE utf8_unicode_ci,
  `field_linkWedding2` text COLLATE utf8_unicode_ci,
  `field_googleanalyticsTracking` text COLLATE utf8_unicode_ci,
  `field_contactMailError` text COLLATE utf8_unicode_ci,
  `field_bonsCadeaux` text COLLATE utf8_unicode_ci,
  `field_bonsCadeauxLien1` text COLLATE utf8_unicode_ci,
  `field_boutiquesCta` text COLLATE utf8_unicode_ci,
  `field_boutiquesMapCta` text COLLATE utf8_unicode_ci,
  `field_shops` text COLLATE utf8_unicode_ci,
  `field_proCta` text COLLATE utf8_unicode_ci,
  `field_eventsLink1` text COLLATE utf8_unicode_ci,
  `field_eventsLink2` text COLLATE utf8_unicode_ci,
  `field_eventsBtn1` text COLLATE utf8_unicode_ci,
  `field_eventsBtn2` text COLLATE utf8_unicode_ci,
  `field_offersEventsCta` text COLLATE utf8_unicode_ci,
  `field_offersEventsCta1` text COLLATE utf8_unicode_ci,
  `field_offersEventsCta2` text COLLATE utf8_unicode_ci,
  `field_offersDatingCta` text COLLATE utf8_unicode_ci,
  `field_offersDatingCta1` text COLLATE utf8_unicode_ci,
  `field_offersDatingCta2` text COLLATE utf8_unicode_ci,
  `field_offersWeddingCta` text COLLATE utf8_unicode_ci,
  `field_offersWeddingCta1` text COLLATE utf8_unicode_ci,
  `field_offersWeddingCta2` text COLLATE utf8_unicode_ci,
  `field_offersBeachCta` text COLLATE utf8_unicode_ci,
  `field_offersBeachCta1` text COLLATE utf8_unicode_ci,
  `field_offersBeachCta2` text COLLATE utf8_unicode_ci,
  `field_bonsCadeauxLien2` text COLLATE utf8_unicode_ci,
  `field_actusArchiveBtn` text COLLATE utf8_unicode_ci,
  `field_actusDesc` text COLLATE utf8_unicode_ci,
  `field_actusTitle` text COLLATE utf8_unicode_ci,
  `field_descActu` text COLLATE utf8_unicode_ci,
  `field_titreActu` text COLLATE utf8_unicode_ci,
  `dateCreated` datetime NOT NULL,
  `dateUpdated` datetime NOT NULL,
  `uid` char(36) COLLATE utf8_unicode_ci NOT NULL DEFAULT '0',
  PRIMARY KEY (`id`),
  UNIQUE KEY `craft_content_elementId_locale_unq_idx` (`elementId`,`locale`),
  KEY `craft_content_title_idx` (`title`),
  KEY `craft_content_locale_fk` (`locale`)
) ENGINE=InnoDB AUTO_INCREMENT=135 DEFAULT CHARSET=utf8 COLLATE=utf8_unicode_ci;

--
-- Data for table `craft_content`
--

INSERT INTO `craft_content` (`id`, `elementId`, `locale`, `title`, `field_body`, `field_forfaits`, `field_soins`, `field_privatisation`, `field_espacePro`, `field_presse`, `field_social`, `field_contact`, `field_headTitle`, `field_headDescription`, `field_headButton`, `field_forfaitsTitle`, `field_forfaitsDesc`, `field_forfaitsBtnDiscover`, `field_forfaitEventsTitle`, `field_forfaitEventsIntro`, `field_forfaitEventsDesc`, `field_forfaitEventsPrice`, `field_forfaitDatingTitle`, `field_forfaitDatingDesc`, `field_forfaitDatingIntro`, `field_forfaitDatingPrice`, `field_forfaitWeddingTitle`, `field_forfaitWeddingIntro`, `field_forfaitWeddingDesc`, `field_forfaitWeddingPrice`, `field_forfaitBeachTitle`, `field_forfaitBeachIntro`, `field_forfaitBeachDesc`, `field_forfaitBeachPrice`, `field_soinsHairTitle`, `field_soinsTitle`, `field_soinsHairDesc`, `field_soinsNailsTitle`, `field_soinsNailsDesc`, `field_soinsMakeupTitle`, `field_soinsMakeupDesc`, `field_soinsSpaTitle`, `field_soinsSpaDesc`, `field_eventsDesc`, `field_eventsTitle`, `field_privateDesc`, `field_privateTitle`, `field_privatisationBtn`, `field_proDesc`, `field_proTitle`, `field_presseTitle`, `field_presseDesc`, `field_presseArchiveBtn`, `field_socialTitle`, `field_socialDesc`, `field_socialInsta`, `field_socialFb`, `field_socialFbLink`, `field_socialInstaLink`, `field_contactTitle`, `field_contactHours`, `field_contactAddress`, `field_contactBook`, `field_contactBtmDesc`, `field_contactFranchiseTitle`, `field_contactFranchiseDesc`, `field_contactCgvTitle`, `field_contactCgvDesc`, `field_contactMentionsTitle`, `field_contactMentionsDesc`, `field_contactCreditsTitle`, `field_contactCreditsDesc`, `field_contactUs`, `field_store1Title`, `field_store1Hours`, `field_store1Book`, `field_store1Address`, `field_store2Title`, `field_store2Address`, `field_store2Hours`, `field_store2Book`, `field_titreArticle`, `field_descArticle`, `field_metatitle`, `field_metaDescription`, `field_contactMailSuccess`, `field_store1Link`, `field_store2Link`, `field_linkBeach1`, `field_linkBeach2`, `field_linkDating1`, `field_linkDating2`, `field_linkEvents1`, `field_linkEvents2`, `field_linkHair1`, `field_linkHair2`, `field_linkMake1`, `field_linkMake2`, `field_linkNails1`, `field_linkNails2`, `field_linkSpa1`, `field_linkSpa2`, `field_linkWedding1`, `field_linkWedding2`, `field_googleanalyticsTracking`, `field_contactMailError`, `field_bonsCadeaux`, `field_bonsCadeauxLien1`, `field_boutiquesCta`, `field_boutiquesMapCta`, `field_shops`, `field_proCta`, `field_eventsLink1`, `field_eventsLink2`, `field_eventsBtn1`, `field_eventsBtn2`, `field_offersEventsCta`, `field_offersEventsCta1`, `field_offersEventsCta2`, `field_offersDatingCta`, `field_offersDatingCta1`, `field_offersDatingCta2`, `field_offersWeddingCta`, `field_offersWeddingCta1`, `field_offersWeddingCta2`, `field_offersBeachCta`, `field_offersBeachCta1`, `field_offersBeachCta2`, `field_bonsCadeauxLien2`, `field_actusArchiveBtn`, `field_actusDesc`, `field_actusTitle`, `field_descActu`, `field_titreActu`, `dateCreated`, `dateUpdated`, `uid`) VALUES
 ('1', '1', 'fr_fr', NULL, NULL, NULL, NULL, NULL, NULL, NULL, NULL, NULL, NULL, NULL, NULL, NULL, NULL, NULL, NULL, NULL, NULL, NULL, NULL, NULL, NULL, NULL, NULL, NULL, NULL, NULL, NULL, NULL, NULL, NULL, NULL, NULL, NULL, NULL, NULL, NULL, NULL, NULL, NULL, NULL, NULL, NULL, NULL, NULL, NULL, NULL, NULL, NULL, NULL, NULL, NULL, NULL, NULL, NULL, NULL, NULL, NULL, NULL, NULL, NULL, NULL, NULL, NULL, NULL, NULL, NULL, NULL, NULL, NULL, NULL, NULL, NULL, NULL, NULL, NULL, NULL, NULL, NULL, NULL, NULL, NULL, NULL, NULL, NULL, NULL, NULL, NULL, NULL, NULL, NULL, NULL, NULL, NULL, NULL, NULL, NULL, NULL, NULL, NULL, NULL, NULL, NULL, NULL, NULL, NULL, NULL, NULL, NULL, NULL, NULL, NULL, NULL, NULL, NULL, NULL, NULL, NULL, NULL, NULL, NULL, NULL, NULL, NULL, NULL, NULL, NULL, NULL, NULL, NULL, NULL, '2015-07-22 10:53:27', '2015-07-23 16:39:35', '287b2dc8-03a4-4630-b856-fcebd1e9045f'),
 ('2', '2', 'fr_fr', 'Before Bar', '<p>It’s true, this site doesn’t have a whole lot of content yet, but don’t worry. Our web developers have just installed the CMS, and they’re setting things up for the content editors this very moment. Soon Localhost will be an oasis of fresh perspectives, sharp analyses, and astute opinions that will keep you coming back again and again.</p>', 'Forfaits', 'À la carte', 'Events', 'Pro', 'Presse', 'Social', 'Contact', 'Créateur de beauté', 'Before Beauty Bar vous sublime avant chaque événement', 'Prendre rendez-vous', 'Les forfaits Before', '<p class=\"norm\">Before Beauty Bar est le premier bar à beauté avant événements.<br>\r\n	Dans l\'air du temps, son concept associe un forfait beauté rapide et accessible à chaque occasion de la vie d\'une femme.<br>Découvrez ci-dessous nos 4 forfaits stars. Pour celles qui ne trouvent pas leur bonheur,<br>\r\n	Before propose aussi des <a href=\"#soins\">prestations à la carte</a>.\r\n</p>', 'Découvrir le forfait', 'Events', 'Privatisez pour tous vos events (EVJF, baby shower…)', '<p class=\"offer-desc\">Pour toutes vos occasions entre filles<br><br><br>\r\n	+ Vernis semi-permanent<br><br>\r\n	+ Beauté des mains & des pieds<br><br>\r\n	+ Atelier make-up entre filles<br><br>\r\n	...\r\n</p>', 'A partir de 40€ / personne', 'Dating & Party', '<p class=\"offer-desc\">        \r\n	Avant un RDV professionnel ou amoureux\r\n	<br><br><br>	\r\n	+ Brushing ou coiffure d\'un soir\r\n	<br><br>\r\n	+ Maquillage<br><br>\r\n	+ Beauté mains avec pose de vernis\r\n</p>', 'Avant un RDV professionnel ou amoureux', 'A partir de 42€ / personne', 'Wedding', 'Pour être au top le plus beau jour de votre vie', '<p class=\"offer-desc\">\r\n	Pour être au top le plus beau jour de votre vie<br><br><br>\r\n	+ Essai maquillage ou coiffure<br><br>\r\n	+ Maquillage et coiffure du Jour J<br><br>\r\n	+ Formule complète sur 8 jours jusqu’au mariage<br><br>\r\n	...\r\n</p>', 'A partir de 100€', 'The Beach', 'Pour être belle des pieds à la tête pour vos vacances', '<p class=\"offer-desc\">\r\n	Pour être belle des pieds à la tête pour vos vacances<br><br><br>\r\n	+ Beauté mains, pieds, et pose de vernis<br><br>\r\n	+ Beauté mains, pieds, et vernis semi-permanent<br><br>\r\n	+ Beauté mains, pieds, vernis, maillot brésilien, et jambes complètes<br><br>\r\n	+ Beauté mains, pieds, vernis, maillot brésilien, demi-jambes, et aisselles<br><br>\r\n	...\r\n</p>', 'A partir de 52€ / personne', 'Bar à coiffure', 'Soins à la carte', '<p class=\"contentpop\">Nos professionnels vous accueilllent et mettent leur expertise à votre service. Elégant, léger ou électrique : tous les styles sont permis !<br>\r\n	A partir de 20€\r\n</p>', 'Bar à ongles', '<p class=\"contentpop\">Profitez d’un savoir-faire unique pour être belle jusqu’au bout des ongles ! Une touche de vernis sublimera vos pieds et mains à merveille.<br>\r\n	A partir de 10€\r\n</p>', 'Bar à maquillage', '<p class=\"contentpop\">Quelle que soit l’occasion, votre visage est au centre de nos attentions. A travers les teintes et les textures, faites-vous chouchouter selon vos envies !<br>\r\n	A partir de 25€\r\n</p>', 'Spa urbain', '<p class=\"contentpop\">Prenez un moment de détente pour vous ressourcer et énergiser votre peau. Nos soins sont variés et complets pour une sensation durable de fraîcheur.<br>\r\nA partir de 35€\r\n</p>', '<p class=\"norm\">La Before Team se déplace chez vous ou dans le lieu de votre choix ! Nos Before Artists sont à vos côtés pour vous conseiller et vous sublimer lors de tous vos événements.\r\n</p>', 'À DOMICILE', '<p class=\"norm\">Privatisez l\'un de nos salons design & girly pour toutes vos occasions entre filles : EVJF, baby shower, anniversaire… Pour  un moment unique et inoubliable rien qu’entre vous.</p>', 'Before Events', 'En savoir plus', '<p><br></p><p>Parce que Before est aussi une conciergerie beauté de luxe, nous vous accompagnons dans vos événements professionnels avec nos formules d’animations beauté pour les entreprises : Nail bar, maquillage, bar à tresses, bar à brushing...\r\n</p>', 'Espace Pro', 'Presse', '<p class=\"norm\">On parle de nous dans la presse ! Parce que les petits mots élogieux font toujours plaisir, vous pouvez retrouver tous les billets sur le salon et son actualité.\r\n</p>', 'Voir nos parutions', 'We are Social', 'Ne ratez plus aucune actu before !', 'Insta', 'Facebook', 'https://www.facebook.com/Beforebeautybar', 'https://instagram.com/beforebeautybar/', 'Nous Contacter', 'Horaires', 'Adresse', 'Réservation', '<p class=\"norm\">Vous avez une question particulière, vous voulez privatiser notre salon ou souhaitez que l’on vous accompagne lors d’un événement ? Ecrivez-nous, nous vous répondrons dans les plus brefs délais.\r\n</p>', 'Franchise', '', 'CGV', '<p>Contenu CGV</p>', 'Mentions Légales', '<p><strong>PROPRIÉTÉ</strong><br>\r\n	Société éditrice : SARL\r\nBEFORE exerçant sous l’enseigne « Beforebar.com »\r\n	<br>\r\n	Capital social : 8.000 €<br>\r\n	Siège social : 97 bis rue de Jouffroy d’Abbans 75017 Paris France<br>\r\n	Numéro d’identification : 529 779 126 RCS Paris<br>\r\n	N° TVA : FR 53 529 779 126\r\n</p><p><strong>PUBLICATION</strong><br>\r\n	Directeur de la publication : Yael KOSKAS<br>\r\n	Téléphone : 01 77 19 12 22 (du mardi au samedi, de 10 h à 19h30)\r\n</p><p><strong>CRÉDITS PHOTOS</strong><br>\r\n	Droit de propriété sur les visuels : BEFORE BEAUTY BAR\r\n</p><p><strong>HÉBERGEUR</strong><br>\r\n	<a href=\"https://www.ovh.com/fr/\" target=\"_blank\">OVH</a>, 2 rue de Kellermann – BP 80157 ROUBAIX\r\n</p>', 'Crédits', '<p>\r\n	Conception/DA/UX : <a href=\"http://blackpizza.com\" target=\"_blank\">Black Pizza</a><br>\r\n	Intégration & développement : <a href=\"http://blackpizza.com\" target=\"_blank\">Black Pizza</a><br><br>\r\n	Prises de vue :<br>\r\n	- DA : <a href=\"http://blackpizza.com\" target=\"_blank\">Black Pizza</a><br>\r\n	- Photographie : <a href=\"http://www.erwanfichou.org/\" target=\"_blank\">Erwan Fichou</a><br>\r\n	- Coiffure, maquillage, manucure : Before Beauty Bar\r\n</p>', 'Contactez-nous', 'Before 17e', '<p>Du mardi au samedi<br>\r\n	de 10h00 à 19h30</p>', '<p><a href=\"tel:0177191222\">01 77 19 12 22</a>\r\n</p>', '<p><a href=\"https://www.google.fr/maps/place/97+Rue+Jouffroy+d\'Abbans,+75017+Paris/@48.8820013,2.3019859,17z/data=!3m1!4b1!4m2!3m1!1s0x47e66fbe06b14afb:0xc4b10c0280c53462?hl=fr\" target=\"_blank\">97 bis rue Jouffroy d\'Abbans<br>75017 Paris</a>\r\n</p>', 'Before 16e', '<p><a href=\"https://www.google.fr/maps/place/74+Rue+Saint-Didier,+75116+Paris/@48.8677807,2.2817583,17z/data=!3m1!4b1!4m2!3m1!1s0x47e66ff763bf95c1:0xf461b396e5344ba4?hl=fr\" target=\"_blank\">74 rue Saint-Didier<br>75016 Paris</a>\r\n</p>', '<p>Du mardi au samedi<br>\r\n	de 10h00 à 19h30</p>', '<p><a href=\"tel:0142562648\">01 42 56 26 48</a>\r\n</p>', NULL, NULL, NULL, NULL, 'Votre message à bien été envoyé. Nous vous recontacterons dans les plus brefs délais.', 'https://app.flexybeauty.com/before/home', 'https://app.flexybeauty.com/before-16/home', NULL, NULL, NULL, NULL, NULL, NULL, NULL, NULL, NULL, NULL, NULL, NULL, NULL, NULL, NULL, NULL, NULL, 'Ce champ est obligatoire', 'Bons Cadeaux', 'https://app.flexybeauty.com/before/giftItems', 'Voir le salon', 'Voir le plan', 'Nos salons', 'Contactez-nous', 'javascript:b4_bar.choose_select(1)', 'https://app.flexybeauty.com/before-16/category/6250230219538432', 'Je privatise', 'Voir les formules', NULL, NULL, NULL, NULL, NULL, NULL, NULL, NULL, NULL, NULL, NULL, NULL, 'https://app.flexybeauty.com/before-16/giftItems', 'Voir les actualités', '<p>Découvrez nos actualités !</p>', 'Actualités', NULL, NULL, '2015-07-22 10:53:28', '2016-02-16 10:44:13', 'a0ce11f0-75ea-4332-8014-8b81f03df28b'),
 ('4', '4', 'fr_fr', 'press right', NULL, NULL, NULL, NULL, NULL, NULL, NULL, NULL, NULL, NULL, NULL, NULL, NULL, NULL, NULL, NULL, NULL, NULL, NULL, NULL, NULL, NULL, NULL, NULL, NULL, NULL, NULL, NULL, NULL, NULL, NULL, NULL, NULL, NULL, NULL, NULL, NULL, NULL, NULL, NULL, NULL, NULL, NULL, NULL, NULL, NULL, NULL, NULL, NULL, NULL, NULL, NULL, NULL, NULL, NULL, NULL, NULL, NULL, NULL, NULL, NULL, NULL, NULL, NULL, NULL, NULL, NULL, NULL, NULL, NULL, NULL, NULL, NULL, NULL, NULL, NULL, NULL, NULL, NULL, NULL, NULL, NULL, NULL, NULL, NULL, NULL, NULL, NULL, NULL, NULL, NULL, NULL, NULL, NULL, NULL, NULL, NULL, NULL, NULL, NULL, NULL, NULL, NULL, NULL, NULL, NULL, NULL, NULL, NULL, NULL, NULL, NULL, NULL, NULL, NULL, NULL, NULL, NULL, NULL, NULL, NULL, NULL, NULL, NULL, NULL, NULL, NULL, NULL, NULL, NULL, '2015-07-23 13:28:16', '2016-02-05 14:43:13', '95b508c3-626d-40fd-88ee-7dbc57fbde06'),
 ('6', '6', 'fr_fr', 'press right 1', NULL, NULL, NULL, NULL, NULL, NULL, NULL, NULL, NULL, NULL, NULL, NULL, NULL, NULL, NULL, NULL, NULL, NULL, NULL, NULL, NULL, NULL, NULL, NULL, NULL, NULL, NULL, NULL, NULL, NULL, NULL, NULL, NULL, NULL, NULL, NULL, NULL, NULL, NULL, NULL, NULL, NULL, NULL, NULL, NULL, NULL, NULL, NULL, NULL, NULL, NULL, NULL, NULL, NULL, NULL, NULL, NULL, NULL, NULL, NULL, NULL, NULL, NULL, NULL, NULL, NULL, NULL, NULL, NULL, NULL, NULL, NULL, NULL, NULL, NULL, NULL, NULL, NULL, NULL, NULL, NULL, NULL, NULL, NULL, NULL, NULL, NULL, NULL, NULL, NULL, NULL, NULL, NULL, NULL, NULL, NULL, NULL, NULL, NULL, NULL, NULL, NULL, NULL, NULL, NULL, NULL, NULL, NULL, NULL, NULL, NULL, NULL, NULL, NULL, NULL, NULL, NULL, NULL, NULL, NULL, NULL, NULL, NULL, NULL, NULL, NULL, NULL, NULL, NULL, NULL, '2015-07-23 13:44:28', '2016-02-05 14:43:22', 'f796e94d-33cf-4678-a609-6a86a3c0d7da'),
 ('10', '10', 'fr_fr', NULL, NULL, NULL, NULL, NULL, NULL, NULL, NULL, NULL, NULL, NULL, NULL, NULL, NULL, NULL, NULL, NULL, NULL, NULL, NULL, NULL, NULL, NULL, NULL, NULL, NULL, NULL, NULL, NULL, NULL, NULL, NULL, NULL, NULL, NULL, NULL, NULL, NULL, NULL, NULL, NULL, NULL, NULL, NULL, NULL, NULL, NULL, NULL, NULL, NULL, NULL, NULL, NULL, NULL, NULL, NULL, NULL, NULL, NULL, NULL, NULL, NULL, NULL, NULL, NULL, NULL, NULL, NULL, NULL, NULL, NULL, NULL, NULL, NULL, NULL, NULL, NULL, NULL, NULL, NULL, 'Before Beauty Bar, salon de beauté avant événements - Paris', 'Before Beauty Bar sont des salons de beauté situés à Paris proposant des soins du visage, des soins du corps, manucure, coiffure, maquillage et spa. Venez vous détendre.', NULL, NULL, NULL, NULL, NULL, NULL, NULL, NULL, NULL, NULL, NULL, NULL, NULL, NULL, NULL, NULL, NULL, NULL, NULL, NULL, NULL, NULL, NULL, NULL, NULL, NULL, NULL, NULL, NULL, NULL, NULL, NULL, NULL, NULL, NULL, NULL, NULL, NULL, NULL, NULL, NULL, NULL, NULL, NULL, NULL, NULL, NULL, NULL, NULL, '2015-07-23 16:43:19', '2016-02-05 15:13:22', '93676623-8d23-4954-8888-a25327c879cc'),
 ('11', '11', 'fr_fr', 'grazia-cover', NULL, NULL, NULL, NULL, NULL, NULL, NULL, NULL, NULL, NULL, NULL, NULL, NULL, NULL, NULL, NULL, NULL, NULL, NULL, NULL, NULL, NULL, NULL, NULL, NULL, NULL, NULL, NULL, NULL, NULL, NULL, NULL, NULL, NULL, NULL, NULL, NULL, NULL, NULL, NULL, NULL, NULL, NULL, NULL, NULL, NULL, NULL, NULL, NULL, NULL, NULL, NULL, NULL, NULL, NULL, NULL, NULL, NULL, NULL, NULL, NULL, NULL, NULL, NULL, NULL, NULL, NULL, NULL, NULL, NULL, NULL, NULL, NULL, NULL, NULL, NULL, NULL, NULL, NULL, NULL, NULL, NULL, NULL, NULL, NULL, NULL, NULL, NULL, NULL, NULL, NULL, NULL, NULL, NULL, NULL, NULL, NULL, NULL, NULL, NULL, NULL, NULL, NULL, NULL, NULL, NULL, NULL, NULL, NULL, NULL, NULL, NULL, NULL, NULL, NULL, NULL, NULL, NULL, NULL, NULL, NULL, NULL, NULL, NULL, NULL, NULL, NULL, NULL, NULL, NULL, '2015-07-24 09:16:22', '2016-02-05 14:42:06', 'b3fbf370-3b3c-4a25-953b-5ce58601cfbe'),
 ('12', '12', 'fr_fr', 'grazia-text', NULL, NULL, NULL, NULL, NULL, NULL, NULL, NULL, NULL, NULL, NULL, NULL, NULL, NULL, NULL, NULL, NULL, NULL, NULL, NULL, NULL, NULL, NULL, NULL, NULL, NULL, NULL, NULL, NULL, NULL, NULL, NULL, NULL, NULL, NULL, NULL, NULL, NULL, NULL, NULL, NULL, NULL, NULL, NULL, NULL, NULL, NULL, NULL, NULL, NULL, NULL, NULL, NULL, NULL, NULL, NULL, NULL, NULL, NULL, NULL, NULL, NULL, NULL, NULL, NULL, NULL, NULL, NULL, NULL, NULL, NULL, NULL, NULL, NULL, NULL, NULL, NULL, NULL, NULL, NULL, NULL, NULL, NULL, NULL, NULL, NULL, NULL, NULL, NULL, NULL, NULL, NULL, NULL, NULL, NULL, NULL, NULL, NULL, NULL, NULL, NULL, NULL, NULL, NULL, NULL, NULL, NULL, NULL, NULL, NULL, NULL, NULL, NULL, NULL, NULL, NULL, NULL, NULL, NULL, NULL, NULL, NULL, NULL, NULL, NULL, NULL, NULL, NULL, NULL, NULL, '2015-07-24 09:16:23', '2016-02-05 14:42:17', '90020041-1f2a-43c3-a711-04d6a7409905'),
 ('13', '13', 'fr_fr', 'jalouse-cover', NULL, NULL, NULL, NULL, NULL, NULL, NULL, NULL, NULL, NULL, NULL, NULL, NULL, NULL, NULL, NULL, NULL, NULL, NULL, NULL, NULL, NULL, NULL, NULL, NULL, NULL, NULL, NULL, NULL, NULL, NULL, NULL, NULL, NULL, NULL, NULL, NULL, NULL, NULL, NULL, NULL, NULL, NULL, NULL, NULL, NULL, NULL, NULL, NULL, NULL, NULL, NULL, NULL, NULL, NULL, NULL, NULL, NULL, NULL, NULL, NULL, NULL, NULL, NULL, NULL, NULL, NULL, NULL, NULL, NULL, NULL, NULL, NULL, NULL, NULL, NULL, NULL, NULL, NULL, NULL, NULL, NULL, NULL, NULL, NULL, NULL, NULL, NULL, NULL, NULL, NULL, NULL, NULL, NULL, NULL, NULL, NULL, NULL, NULL, NULL, NULL, NULL, NULL, NULL, NULL, NULL, NULL, NULL, NULL, NULL, NULL, NULL, NULL, NULL, NULL, NULL, NULL, NULL, NULL, NULL, NULL, NULL, NULL, NULL, NULL, NULL, NULL, NULL, NULL, NULL, '2015-07-24 09:16:24', '2016-02-05 14:42:25', 'dd868843-993f-40e2-bdec-462cdd3eff67'),
 ('14', '14', 'fr_fr', 'jalouse-text', NULL, NULL, NULL, NULL, NULL, NULL, NULL, NULL, NULL, NULL, NULL, NULL, NULL, NULL, NULL, NULL, NULL, NULL, NULL, NULL, NULL, NULL, NULL, NULL, NULL, NULL, NULL, NULL, NULL, NULL, NULL, NULL, NULL, NULL, NULL, NULL, NULL, NULL, NULL, NULL, NULL, NULL, NULL, NULL, NULL, NULL, NULL, NULL, NULL, NULL, NULL, NULL, NULL, NULL, NULL, NULL, NULL, NULL, NULL, NULL, NULL, NULL, NULL, NULL, NULL, NULL, NULL, NULL, NULL, NULL, NULL, NULL, NULL, NULL, NULL, NULL, NULL, NULL, NULL, NULL, NULL, NULL, NULL, NULL, NULL, NULL, NULL, NULL, NULL, NULL, NULL, NULL, NULL, NULL, NULL, NULL, NULL, NULL, NULL, NULL, NULL, NULL, NULL, NULL, NULL, NULL, NULL, NULL, NULL, NULL, NULL, NULL, NULL, NULL, NULL, NULL, NULL, NULL, NULL, NULL, NULL, NULL, NULL, NULL, NULL, NULL, NULL, NULL, NULL, NULL, '2015-07-24 09:16:25', '2016-02-05 14:42:37', '8baa6915-a58c-4e48-a60c-140821d4c7f9'),
 ('15', '15', 'fr_fr', 'mariee-cover', NULL, NULL, NULL, NULL, NULL, NULL, NULL, NULL, NULL, NULL, NULL, NULL, NULL, NULL, NULL, NULL, NULL, NULL, NULL, NULL, NULL, NULL, NULL, NULL, NULL, NULL, NULL, NULL, NULL, NULL, NULL, NULL, NULL, NULL, NULL, NULL, NULL, NULL, NULL, NULL, NULL, NULL, NULL, NULL, NULL, NULL, NULL, NULL, NULL, NULL, NULL, NULL, NULL, NULL, NULL, NULL, NULL, NULL, NULL, NULL, NULL, NULL, NULL, NULL, NULL, NULL, NULL, NULL, NULL, NULL, NULL, NULL, NULL, NULL, NULL, NULL, NULL, NULL, NULL, NULL, NULL, NULL, NULL, NULL, NULL, NULL, NULL, NULL, NULL, NULL, NULL, NULL, NULL, NULL, NULL, NULL, NULL, NULL, NULL, NULL, NULL, NULL, NULL, NULL, NULL, NULL, NULL, NULL, NULL, NULL, NULL, NULL, NULL, NULL, NULL, NULL, NULL, NULL, NULL, NULL, NULL, NULL, NULL, NULL, NULL, NULL, NULL, NULL, NULL, NULL, '2015-07-24 09:16:26', '2016-02-05 14:42:45', '89b377ef-d2a3-4a44-bbd6-9f6b711d5e83'),
 ('16', '16', 'fr_fr', 'mariee-text', NULL, NULL, NULL, NULL, NULL, NULL, NULL, NULL, NULL, NULL, NULL, NULL, NULL, NULL, NULL, NULL, NULL, NULL, NULL, NULL, NULL, NULL, NULL, NULL, NULL, NULL, NULL, NULL, NULL, NULL, NULL, NULL, NULL, NULL, NULL, NULL, NULL, NULL, NULL, NULL, NULL, NULL, NULL, NULL, NULL, NULL, NULL, NULL, NULL, NULL, NULL, NULL, NULL, NULL, NULL, NULL, NULL, NULL, NULL, NULL, NULL, NULL, NULL, NULL, NULL, NULL, NULL, NULL, NULL, NULL, NULL, NULL, NULL, NULL, NULL, NULL, NULL, NULL, NULL, NULL, NULL, NULL, NULL, NULL, NULL, NULL, NULL, NULL, NULL, NULL, NULL, NULL, NULL, NULL, NULL, NULL, NULL, NULL, NULL, NULL, NULL, NULL, NULL, NULL, NULL, NULL, NULL, NULL, NULL, NULL, NULL, NULL, NULL, NULL, NULL, NULL, NULL, NULL, NULL, NULL, NULL, NULL, NULL, NULL, NULL, NULL, NULL, NULL, NULL, NULL, '2015-07-24 09:16:28', '2016-02-05 14:43:03', '51762417-006d-4969-aa02-e70d62eecda2'),
 ('17', '17', 'fr_fr', 'Mariee_cover', NULL, NULL, NULL, NULL, NULL, NULL, NULL, NULL, NULL, NULL, NULL, NULL, NULL, NULL, NULL, NULL, NULL, NULL, NULL, NULL, NULL, NULL, NULL, NULL, NULL, NULL, NULL, NULL, NULL, NULL, NULL, NULL, NULL, NULL, NULL, NULL, NULL, NULL, NULL, NULL, NULL, NULL, NULL, NULL, NULL, NULL, NULL, NULL, NULL, NULL, NULL, NULL, NULL, NULL, NULL, NULL, NULL, NULL, NULL, NULL, NULL, NULL, NULL, NULL, NULL, NULL, NULL, NULL, NULL, NULL, NULL, NULL, NULL, NULL, NULL, NULL, NULL, 'Mariée', 'Décembre 2014', NULL, NULL, NULL, NULL, NULL, NULL, NULL, NULL, NULL, NULL, NULL, NULL, NULL, NULL, NULL, NULL, NULL, NULL, NULL, NULL, NULL, NULL, NULL, NULL, NULL, NULL, NULL, NULL, NULL, NULL, NULL, NULL, NULL, NULL, NULL, NULL, NULL, NULL, NULL, NULL, NULL, NULL, NULL, NULL, NULL, NULL, NULL, NULL, NULL, NULL, NULL, '2015-07-24 09:18:19', '2015-07-24 09:31:31', '6c891b6d-4b64-4f07-b1e2-7d3df7eb3731'),
 ('18', '18', 'fr_fr', 'Mariee_texte', NULL, NULL, NULL, NULL, NULL, NULL, NULL, NULL, NULL, NULL, NULL, NULL, NULL, NULL, NULL, NULL, NULL, NULL, NULL, NULL, NULL, NULL, NULL, NULL, NULL, NULL, NULL, NULL, NULL, NULL, NULL, NULL, NULL, NULL, NULL, NULL, NULL, NULL, NULL, NULL, NULL, NULL, NULL, NULL, NULL, NULL, NULL, NULL, NULL, NULL, NULL, NULL, NULL, NULL, NULL, NULL, NULL, NULL, NULL, NULL, NULL, NULL, NULL, NULL, NULL, NULL, NULL, NULL, NULL, NULL, NULL, NULL, NULL, NULL, NULL, NULL, NULL, 'Mariée', 'Décembre 2014', NULL, NULL, NULL, NULL, NULL, NULL, NULL, NULL, NULL, NULL, NULL, NULL, NULL, NULL, NULL, NULL, NULL, NULL, NULL, NULL, NULL, NULL, NULL, NULL, NULL, NULL, NULL, NULL, NULL, NULL, NULL, NULL, NULL, NULL, NULL, NULL, NULL, NULL, NULL, NULL, NULL, NULL, NULL, NULL, NULL, NULL, NULL, NULL, NULL, NULL, NULL, '2015-07-24 09:19:52', '2015-07-24 09:32:02', 'f71ebca1-aeff-438d-9a4a-706938dea3af'),
 ('19', '19', 'fr_fr', 'Jalouse_cover', NULL, NULL, NULL, NULL, NULL, NULL, NULL, NULL, NULL, NULL, NULL, NULL, NULL, NULL, NULL, NULL, NULL, NULL, NULL, NULL, NULL, NULL, NULL, NULL, NULL, NULL, NULL, NULL, NULL, NULL, NULL, NULL, NULL, NULL, NULL, NULL, NULL, NULL, NULL, NULL, NULL, NULL, NULL, NULL, NULL, NULL, NULL, NULL, NULL, NULL, NULL, NULL, NULL, NULL, NULL, NULL, NULL, NULL, NULL, NULL, NULL, NULL, NULL, NULL, NULL, NULL, NULL, NULL, NULL, NULL, NULL, NULL, NULL, NULL, NULL, NULL, NULL, 'Jalouse', 'Mai 2015', NULL, NULL, NULL, NULL, NULL, NULL, NULL, NULL, NULL, NULL, NULL, NULL, NULL, NULL, NULL, NULL, NULL, NULL, NULL, NULL, NULL, NULL, NULL, NULL, NULL, NULL, NULL, NULL, NULL, NULL, NULL, NULL, NULL, NULL, NULL, NULL, NULL, NULL, NULL, NULL, NULL, NULL, NULL, NULL, NULL, NULL, NULL, NULL, NULL, NULL, NULL, '2015-07-24 09:21:13', '2015-07-24 09:32:19', 'c1d2e8a6-bb5d-4aab-bf02-45ca899405bc'),
 ('20', '20', 'fr_fr', 'Jalouse_texte', NULL, NULL, NULL, NULL, NULL, NULL, NULL, NULL, NULL, NULL, NULL, NULL, NULL, NULL, NULL, NULL, NULL, NULL, NULL, NULL, NULL, NULL, NULL, NULL, NULL, NULL, NULL, NULL, NULL, NULL, NULL, NULL, NULL, NULL, NULL, NULL, NULL, NULL, NULL, NULL, NULL, NULL, NULL, NULL, NULL, NULL, NULL, NULL, NULL, NULL, NULL, NULL, NULL, NULL, NULL, NULL, NULL, NULL, NULL, NULL, NULL, NULL, NULL, NULL, NULL, NULL, NULL, NULL, NULL, NULL, NULL, NULL, NULL, NULL, NULL, NULL, NULL, 'Jalouse', 'Mai 2015', NULL, NULL, NULL, NULL, NULL, NULL, NULL, NULL, NULL, NULL, NULL, NULL, NULL, NULL, NULL, NULL, NULL, NULL, NULL, NULL, NULL, NULL, NULL, NULL, NULL, NULL, NULL, NULL, NULL, NULL, NULL, NULL, NULL, NULL, NULL, NULL, NULL, NULL, NULL, NULL, NULL, NULL, NULL, NULL, NULL, NULL, NULL, NULL, NULL, NULL, NULL, '2015-07-24 09:21:56', '2015-07-24 09:32:31', '963aab45-f442-48f4-9dc2-ac6d1d2230b4'),
 ('21', '21', 'fr_fr', 'Grazia_cover', NULL, NULL, NULL, NULL, NULL, NULL, NULL, NULL, NULL, NULL, NULL, NULL, NULL, NULL, NULL, NULL, NULL, NULL, NULL, NULL, NULL, NULL, NULL, NULL, NULL, NULL, NULL, NULL, NULL, NULL, NULL, NULL, NULL, NULL, NULL, NULL, NULL, NULL, NULL, NULL, NULL, NULL, NULL, NULL, NULL, NULL, NULL, NULL, NULL, NULL, NULL, NULL, NULL, NULL, NULL, NULL, NULL, NULL, NULL, NULL, NULL, NULL, NULL, NULL, NULL, NULL, NULL, NULL, NULL, NULL, NULL, NULL, NULL, NULL, NULL, NULL, NULL, 'Grazia', 'Juin 2015', NULL, NULL, NULL, NULL, NULL, NULL, NULL, NULL, NULL, NULL, NULL, NULL, NULL, NULL, NULL, NULL, NULL, NULL, NULL, NULL, NULL, NULL, NULL, NULL, NULL, NULL, NULL, NULL, NULL, NULL, NULL, NULL, NULL, NULL, NULL, NULL, NULL, NULL, NULL, NULL, NULL, NULL, NULL, NULL, NULL, NULL, NULL, NULL, NULL, NULL, NULL, '2015-07-24 09:23:15', '2015-07-24 09:33:13', '53aed3a1-6f5b-4cb1-8d2f-1e974fd7cb98'),
 ('22', '22', 'fr_fr', 'Grazia_texte', NULL, NULL, NULL, NULL, NULL, NULL, NULL, NULL, NULL, NULL, NULL, NULL, NULL, NULL, NULL, NULL, NULL, NULL, NULL, NULL, NULL, NULL, NULL, NULL, NULL, NULL, NULL, NULL, NULL, NULL, NULL, NULL, NULL, NULL, NULL, NULL, NULL, NULL, NULL, NULL, NULL, NULL, NULL, NULL, NULL, NULL, NULL, NULL, NULL, NULL, NULL, NULL, NULL, NULL, NULL, NULL, NULL, NULL, NULL, NULL, NULL, NULL, NULL, NULL, NULL, NULL, NULL, NULL, NULL, NULL, NULL, NULL, NULL, NULL, NULL, NULL, NULL, 'Grazia', 'Juin 2015', NULL, NULL, NULL, NULL, NULL, NULL, NULL, NULL, NULL, NULL, NULL, NULL, NULL, NULL, NULL, NULL, NULL, NULL, NULL, NULL, NULL, NULL, NULL, NULL, NULL, NULL, NULL, NULL, NULL, NULL, NULL, NULL, NULL, NULL, NULL, NULL, NULL, NULL, NULL, NULL, NULL, NULL, NULL, NULL, NULL, NULL, NULL, NULL, NULL, NULL, NULL, '2015-07-24 09:23:49', '2015-07-24 09:33:22', '05b3d77f-db86-4db9-8b41-5465d53c76c4'),
 ('23', '23', 'fr_fr', NULL, NULL, NULL, NULL, NULL, NULL, NULL, NULL, NULL, NULL, NULL, NULL, NULL, NULL, NULL, NULL, NULL, NULL, NULL, NULL, NULL, NULL, NULL, NULL, NULL, NULL, NULL, NULL, NULL, NULL, NULL, NULL, NULL, NULL, NULL, NULL, NULL, NULL, NULL, NULL, NULL, NULL, NULL, NULL, NULL, NULL, NULL, NULL, NULL, NULL, NULL, NULL, NULL, NULL, NULL, NULL, NULL, NULL, NULL, NULL, NULL, NULL, NULL, NULL, NULL, NULL, NULL, NULL, NULL, NULL, NULL, NULL, NULL, NULL, NULL, NULL, NULL, NULL, NULL, NULL, NULL, NULL, NULL, NULL, NULL, 'https://app.flexybeauty.com/before/category/5310356083703808', 'https://app.flexybeauty.com/before-16/category/6419686543589376', 'https://app.flexybeauty.com/before/category/5156810466000896', 'https://app.flexybeauty.com/before-16/category/5901557795127296', 'javascript:b4_bar.choose_select(1)', 'https://app.flexybeauty.com/before-16/category/6250230219538432', 'https://app.flexybeauty.com/before/category/5151825351147520', 'https://app.flexybeauty.com/before-16/category/5401142565535744', 'https://app.flexybeauty.com/before/category/5714775304568832', 'https://app.flexybeauty.com/before-16/category/5391274341302272', 'https://app.flexybeauty.com/before/category/5096363633147904', 'https://app.flexybeauty.com/before-16/category/5668600916475904', 'https://app.flexybeauty.com/before/category/5108363985682432', 'https://app.flexybeauty.com/before-16/category/6328036781719552', 'javascript:b4_bar.choose_select(6)', 'https://app.flexybeauty.com/before-16/category/4687586899525632', NULL, NULL, NULL, NULL, NULL, NULL, NULL, NULL, NULL, NULL, NULL, NULL, NULL, NULL, NULL, NULL, NULL, NULL, NULL, NULL, NULL, NULL, NULL, NULL, NULL, NULL, NULL, NULL, NULL, NULL, '2015-07-24 17:37:49', '2015-10-27 10:53:34', 'c10aee6e-542c-4ee3-9fb7-f6cdefae09ad'),
 ('24', '24', 'fr_fr', 'private', NULL, NULL, NULL, NULL, NULL, NULL, NULL, NULL, NULL, NULL, NULL, NULL, NULL, NULL, NULL, NULL, NULL, NULL, NULL, NULL, NULL, NULL, NULL, NULL, NULL, NULL, NULL, NULL, NULL, NULL, NULL, NULL, NULL, NULL, NULL, NULL, NULL, NULL, NULL, NULL, NULL, NULL, NULL, NULL, NULL, NULL, NULL, NULL, NULL, NULL, NULL, NULL, NULL, NULL, NULL, NULL, NULL, NULL, NULL, NULL, NULL, NULL, NULL, NULL, NULL, NULL, NULL, NULL, NULL, NULL, NULL, NULL, NULL, NULL, NULL, NULL, NULL, NULL, NULL, NULL, NULL, NULL, NULL, NULL, NULL, NULL, NULL, NULL, NULL, NULL, NULL, NULL, NULL, NULL, NULL, NULL, NULL, NULL, NULL, NULL, NULL, NULL, NULL, NULL, NULL, NULL, NULL, NULL, NULL, NULL, NULL, NULL, NULL, NULL, NULL, NULL, NULL, NULL, NULL, NULL, NULL, NULL, NULL, NULL, NULL, NULL, NULL, NULL, NULL, NULL, '2015-07-24 18:05:58', '2016-02-05 14:39:46', '0019dcce-8394-490f-8132-a8b0f5436869'),
 ('25', '25', 'fr_fr', 'event', NULL, NULL, NULL, NULL, NULL, NULL, NULL, NULL, NULL, NULL, NULL, NULL, NULL, NULL, NULL, NULL, NULL, NULL, NULL, NULL, NULL, NULL, NULL, NULL, NULL, NULL, NULL, NULL, NULL, NULL, NULL, NULL, NULL, NULL, NULL, NULL, NULL, NULL, NULL, NULL, NULL, NULL, NULL, NULL, NULL, NULL, NULL, NULL, NULL, NULL, NULL, NULL, NULL, NULL, NULL, NULL, NULL, NULL, NULL, NULL, NULL, NULL, NULL, NULL, NULL, NULL, NULL, NULL, NULL, NULL, NULL, NULL, NULL, NULL, NULL, NULL, NULL, NULL, NULL, NULL, NULL, NULL, NULL, NULL, NULL, NULL, NULL, NULL, NULL, NULL, NULL, NULL, NULL, NULL, NULL, NULL, NULL, NULL, NULL, NULL, NULL, NULL, NULL, NULL, NULL, NULL, NULL, NULL, NULL, NULL, NULL, NULL, NULL, NULL, NULL, NULL, NULL, NULL, NULL, NULL, NULL, NULL, NULL, NULL, NULL, NULL, NULL, NULL, NULL, NULL, '2015-07-24 18:06:24', '2016-02-05 14:40:38', '37dcb276-f455-4729-b967-3bf5fead3229'),
 ('26', '26', 'fr_fr', NULL, NULL, NULL, NULL, NULL, NULL, NULL, NULL, NULL, NULL, NULL, NULL, NULL, NULL, NULL, NULL, NULL, NULL, NULL, NULL, NULL, NULL, NULL, NULL, NULL, NULL, NULL, NULL, NULL, NULL, NULL, NULL, NULL, NULL, NULL, NULL, NULL, NULL, NULL, NULL, NULL, NULL, NULL, NULL, NULL, NULL, NULL, NULL, NULL, NULL, NULL, NULL, NULL, NULL, NULL, NULL, NULL, NULL, NULL, NULL, NULL, NULL, NULL, NULL, NULL, NULL, NULL, NULL, NULL, NULL, NULL, NULL, NULL, NULL, NULL, NULL, NULL, NULL, NULL, NULL, NULL, NULL, NULL, NULL, NULL, NULL, NULL, NULL, NULL, NULL, NULL, NULL, NULL, NULL, NULL, NULL, NULL, NULL, NULL, NULL, NULL, 'UA-69117278-1', NULL, NULL, NULL, NULL, NULL, NULL, NULL, NULL, NULL, NULL, NULL, NULL, NULL, NULL, NULL, NULL, NULL, NULL, NULL, NULL, NULL, NULL, NULL, NULL, NULL, NULL, NULL, NULL, NULL, '2015-08-21 07:50:22', '2015-10-21 10:27:34', 'ddfee161-75d2-4089-b6b0-aacb7d51df7a'),
 ('27', '27', 'fr_fr', 'cover 1', NULL, NULL, NULL, NULL, NULL, NULL, NULL, NULL, NULL, NULL, NULL, NULL, NULL, NULL, NULL, NULL, NULL, NULL, NULL, NULL, NULL, NULL, NULL, NULL, NULL, NULL, NULL, NULL, NULL, NULL, NULL, NULL, NULL, NULL, NULL, NULL, NULL, NULL, NULL, NULL, NULL, NULL, NULL, NULL, NULL, NULL, NULL, NULL, NULL, NULL, NULL, NULL, NULL, NULL, NULL, NULL, NULL, NULL, NULL, NULL, NULL, NULL, NULL, NULL, NULL, NULL, NULL, NULL, NULL, NULL, NULL, NULL, NULL, NULL, NULL, NULL, NULL, NULL, NULL, NULL, NULL, NULL, NULL, NULL, NULL, NULL, NULL, NULL, NULL, NULL, NULL, NULL, NULL, NULL, NULL, NULL, NULL, NULL, NULL, NULL, NULL, NULL, NULL, NULL, NULL, NULL, NULL, NULL, NULL, NULL, NULL, NULL, NULL, NULL, NULL, NULL, NULL, NULL, NULL, NULL, NULL, NULL, NULL, NULL, NULL, NULL, NULL, NULL, NULL, NULL, '2015-09-05 18:21:59', '2016-02-05 14:41:43', '2824cba6-d24d-4fe4-bcd5-3d5d1beff1a3'),
 ('28', '28', 'fr_fr', 'pro 1', NULL, NULL, NULL, NULL, NULL, NULL, NULL, NULL, NULL, NULL, NULL, NULL, NULL, NULL, NULL, NULL, NULL, NULL, NULL, NULL, NULL, NULL, NULL, NULL, NULL, NULL, NULL, NULL, NULL, NULL, NULL, NULL, NULL, NULL, NULL, NULL, NULL, NULL, NULL, NULL, NULL, NULL, NULL, NULL, NULL, NULL, NULL, NULL, NULL, NULL, NULL, NULL, NULL, NULL, NULL, NULL, NULL, NULL, NULL, NULL, NULL, NULL, NULL, NULL, NULL, NULL, NULL, NULL, NULL, NULL, NULL, NULL, NULL, NULL, NULL, NULL, NULL, NULL, NULL, NULL, NULL, NULL, NULL, NULL, NULL, NULL, NULL, NULL, NULL, NULL, NULL, NULL, NULL, NULL, NULL, NULL, NULL, NULL, NULL, NULL, NULL, NULL, NULL, NULL, NULL, NULL, NULL, NULL, NULL, NULL, NULL, NULL, NULL, NULL, NULL, NULL, NULL, NULL, NULL, NULL, NULL, NULL, NULL, NULL, NULL, NULL, NULL, NULL, NULL, NULL, '2015-09-05 18:23:26', '2016-02-05 14:41:24', '8cb6ee85-7fde-4bc8-b8d2-f9ab2500660f'),
 ('32', '32', 'fr_fr', '16 MG 3798', NULL, NULL, NULL, NULL, NULL, NULL, NULL, NULL, NULL, NULL, NULL, NULL, NULL, NULL, NULL, NULL, NULL, NULL, NULL, NULL, NULL, NULL, NULL, NULL, NULL, NULL, NULL, NULL, NULL, NULL, NULL, NULL, NULL, NULL, NULL, NULL, NULL, NULL, NULL, NULL, NULL, NULL, NULL, NULL, NULL, NULL, NULL, NULL, NULL, NULL, NULL, NULL, NULL, NULL, NULL, NULL, NULL, NULL, NULL, NULL, NULL, NULL, NULL, NULL, NULL, NULL, NULL, NULL, NULL, NULL, NULL, NULL, NULL, NULL, NULL, NULL, NULL, NULL, NULL, NULL, NULL, NULL, NULL, NULL, NULL, NULL, NULL, NULL, NULL, NULL, NULL, NULL, NULL, NULL, NULL, NULL, NULL, NULL, NULL, NULL, NULL, NULL, NULL, NULL, NULL, NULL, NULL, NULL, NULL, NULL, NULL, NULL, NULL, NULL, NULL, NULL, NULL, NULL, NULL, NULL, NULL, NULL, NULL, NULL, NULL, NULL, NULL, NULL, NULL, NULL, '2015-10-13 15:24:35', '2015-10-13 15:24:35', 'c75cf579-1ec9-4a1a-9495-688bf3381e6a'),
 ('33', '33', 'fr_fr', '16 MG 3859', NULL, NULL, NULL, NULL, NULL, NULL, NULL, NULL, NULL, NULL, NULL, NULL, NULL, NULL, NULL, NULL, NULL, NULL, NULL, NULL, NULL, NULL, NULL, NULL, NULL, NULL, NULL, NULL, NULL, NULL, NULL, NULL, NULL, NULL, NULL, NULL, NULL, NULL, NULL, NULL, NULL, NULL, NULL, NULL, NULL, NULL, NULL, NULL, NULL, NULL, NULL, NULL, NULL, NULL, NULL, NULL, NULL, NULL, NULL, NULL, NULL, NULL, NULL, NULL, NULL, NULL, NULL, NULL, NULL, NULL, NULL, NULL, NULL, NULL, NULL, NULL, NULL, NULL, NULL, NULL, NULL, NULL, NULL, NULL, NULL, NULL, NULL, NULL, NULL, NULL, NULL, NULL, NULL, NULL, NULL, NULL, NULL, NULL, NULL, NULL, NULL, NULL, NULL, NULL, NULL, NULL, NULL, NULL, NULL, NULL, NULL, NULL, NULL, NULL, NULL, NULL, NULL, NULL, NULL, NULL, NULL, NULL, NULL, NULL, NULL, NULL, NULL, NULL, NULL, NULL, '2015-10-13 15:24:36', '2015-10-13 15:24:36', 'bdf57d04-d5c5-439b-8f13-8fa0e220d631'),
 ('34', '34', 'fr_fr', '16 MG 3896', NULL, NULL, NULL, NULL, NULL, NULL, NULL, NULL, NULL, NULL, NULL, NULL, NULL, NULL, NULL, NULL, NULL, NULL, NULL, NULL, NULL, NULL, NULL, NULL, NULL, NULL, NULL, NULL, NULL, NULL, NULL, NULL, NULL, NULL, NULL, NULL, NULL, NULL, NULL, NULL, NULL, NULL, NULL, NULL, NULL, NULL, NULL, NULL, NULL, NULL, NULL, NULL, NULL, NULL, NULL, NULL, NULL, NULL, NULL, NULL, NULL, NULL, NULL, NULL, NULL, NULL, NULL, NULL, NULL, NULL, NULL, NULL, NULL, NULL, NULL, NULL, NULL, NULL, NULL, NULL, NULL, NULL, NULL, NULL, NULL, NULL, NULL, NULL, NULL, NULL, NULL, NULL, NULL, NULL, NULL, NULL, NULL, NULL, NULL, NULL, NULL, NULL, NULL, NULL, NULL, NULL, NULL, NULL, NULL, NULL, NULL, NULL, NULL, NULL, NULL, NULL, NULL, NULL, NULL, NULL, NULL, NULL, NULL, NULL, NULL, NULL, NULL, NULL, NULL, NULL, '2015-10-13 15:24:37', '2015-10-13 15:24:37', '0bf0ace1-3780-41d6-bfb4-2b964cc4e37d'),
 ('35', '35', 'fr_fr', '17 Concept Photo1', NULL, NULL, NULL, NULL, NULL, NULL, NULL, NULL, NULL, NULL, NULL, NULL, NULL, NULL, NULL, NULL, NULL, NULL, NULL, NULL, NULL, NULL, NULL, NULL, NULL, NULL, NULL, NULL, NULL, NULL, NULL, NULL, NULL, NULL, NULL, NULL, NULL, NULL, NULL, NULL, NULL, NULL, NULL, NULL, NULL, NULL, NULL, NULL, NULL, NULL, NULL, NULL, NULL, NULL, NULL, NULL, NULL, NULL, NULL, NULL, NULL, NULL, NULL, NULL, NULL, NULL, NULL, NULL, NULL, NULL, NULL, NULL, NULL, NULL, NULL, NULL, NULL, NULL, NULL, NULL, NULL, NULL, NULL, NULL, NULL, NULL, NULL, NULL, NULL, NULL, NULL, NULL, NULL, NULL, NULL, NULL, NULL, NULL, NULL, NULL, NULL, NULL, NULL, NULL, NULL, NULL, NULL, NULL, NULL, NULL, NULL, NULL, NULL, NULL, NULL, NULL, NULL, NULL, NULL, NULL, NULL, NULL, NULL, NULL, NULL, NULL, NULL, NULL, NULL, NULL, '2015-10-13 15:24:59', '2015-10-13 15:24:59', '9095a2ae-976e-4a38-adde-ad2525d4c62c'),
 ('36', '36', 'fr_fr', '17 Concept Photo5', NULL, NULL, NULL, NULL, NULL, NULL, NULL, NULL, NULL, NULL, NULL, NULL, NULL, NULL, NULL, NULL, NULL, NULL, NULL, NULL, NULL, NULL, NULL, NULL, NULL, NULL, NULL, NULL, NULL, NULL, NULL, NULL, NULL, NULL, NULL, NULL, NULL, NULL, NULL, NULL, NULL, NULL, NULL, NULL, NULL, NULL, NULL, NULL, NULL, NULL, NULL, NULL, NULL, NULL, NULL, NULL, NULL, NULL, NULL, NULL, NULL, NULL, NULL, NULL, NULL, NULL, NULL, NULL, NULL, NULL, NULL, NULL, NULL, NULL, NULL, NULL, NULL, NULL, NULL, NULL, NULL, NULL, NULL, NULL, NULL, NULL, NULL, NULL, NULL, NULL, NULL, NULL, NULL, NULL, NULL, NULL, NULL, NULL, NULL, NULL, NULL, NULL, NULL, NULL, NULL, NULL, NULL, NULL, NULL, NULL, NULL, NULL, NULL, NULL, NULL, NULL, NULL, NULL, NULL, NULL, NULL, NULL, NULL, NULL, NULL, NULL, NULL, NULL, NULL, NULL, '2015-10-13 15:25:01', '2015-10-13 15:25:01', 'bb7df4c2-280d-4605-8dc2-87a1cb2fa01b'),
 ('37', '37', 'fr_fr', '17 Concept Photo7', NULL, NULL, NULL, NULL, NULL, NULL, NULL, NULL, NULL, NULL, NULL, NULL, NULL, NULL, NULL, NULL, NULL, NULL, NULL, NULL, NULL, NULL, NULL, NULL, NULL, NULL, NULL, NULL, NULL, NULL, NULL, NULL, NULL, NULL, NULL, NULL, NULL, NULL, NULL, NULL, NULL, NULL, NULL, NULL, NULL, NULL, NULL, NULL, NULL, NULL, NULL, NULL, NULL, NULL, NULL, NULL, NULL, NULL, NULL, NULL, NULL, NULL, NULL, NULL, NULL, NULL, NULL, NULL, NULL, NULL, NULL, NULL, NULL, NULL, NULL, NULL, NULL, NULL, NULL, NULL, NULL, NULL, NULL, NULL, NULL, NULL, NULL, NULL, NULL, NULL, NULL, NULL, NULL, NULL, NULL, NULL, NULL, NULL, NULL, NULL, NULL, NULL, NULL, NULL, NULL, NULL, NULL, NULL, NULL, NULL, NULL, NULL, NULL, NULL, NULL, NULL, NULL, NULL, NULL, NULL, NULL, NULL, NULL, NULL, NULL, NULL, NULL, NULL, NULL, NULL, '2015-10-13 15:25:02', '2015-10-13 15:25:02', '4a9355ed-5f42-492c-8bec-123677cf2080'),
 ('45', '45', 'fr_fr', NULL, NULL, NULL, NULL, NULL, NULL, NULL, NULL, NULL, NULL, NULL, NULL, NULL, NULL, NULL, NULL, NULL, NULL, NULL, NULL, NULL, NULL, NULL, NULL, NULL, NULL, NULL, NULL, NULL, NULL, NULL, NULL, NULL, NULL, NULL, NULL, NULL, NULL, NULL, NULL, NULL, NULL, NULL, NULL, NULL, NULL, NULL, NULL, NULL, NULL, NULL, NULL, NULL, NULL, NULL, NULL, NULL, NULL, NULL, NULL, NULL, NULL, NULL, NULL, NULL, NULL, NULL, NULL, NULL, NULL, NULL, NULL, NULL, NULL, NULL, NULL, NULL, NULL, NULL, NULL, NULL, NULL, NULL, NULL, NULL, NULL, NULL, NULL, NULL, NULL, NULL, 'https://app.flexybeauty.com/before/category/5151825351147520', 'https://app.flexybeauty.com/before-16/category/5401142565535744', 'https://app.flexybeauty.com/before/category/5714775304568832', 'https://app.flexybeauty.com/before-16/category/5391274341302272', 'https://app.flexybeauty.com/before/category/5096363633147904', 'https://app.flexybeauty.com/before-16/category/5668600916475904', 'https://app.flexybeauty.com/before/category/5108363985682432', 'https://app.flexybeauty.com/before-16/category/6328036781719552', NULL, NULL, NULL, NULL, NULL, NULL, NULL, NULL, NULL, NULL, NULL, NULL, NULL, NULL, NULL, NULL, NULL, NULL, NULL, NULL, NULL, NULL, NULL, NULL, NULL, NULL, NULL, NULL, NULL, NULL, NULL, NULL, '2015-10-24 13:47:27', '2015-10-26 10:20:43', 'c3669e19-7191-4903-9aa8-52835130c068'),
 ('46', '46', 'fr_fr', NULL, NULL, NULL, NULL, NULL, NULL, NULL, NULL, NULL, NULL, NULL, NULL, NULL, NULL, NULL, NULL, NULL, NULL, NULL, NULL, NULL, NULL, NULL, NULL, NULL, NULL, NULL, NULL, NULL, NULL, NULL, NULL, NULL, NULL, NULL, NULL, NULL, NULL, NULL, NULL, NULL, NULL, NULL, NULL, NULL, NULL, NULL, NULL, NULL, NULL, NULL, NULL, NULL, NULL, NULL, NULL, NULL, NULL, NULL, NULL, NULL, NULL, NULL, NULL, NULL, NULL, NULL, NULL, NULL, NULL, NULL, NULL, NULL, NULL, NULL, NULL, NULL, NULL, NULL, NULL, NULL, NULL, NULL, NULL, NULL, NULL, NULL, NULL, NULL, NULL, NULL, NULL, NULL, NULL, NULL, NULL, NULL, NULL, NULL, NULL, NULL, NULL, NULL, NULL, NULL, NULL, NULL, NULL, NULL, NULL, NULL, NULL, NULL, 'En savoir plus', 'Je privatise', 'Voir les formules', 'Prendre RDV', 'Before 17ème', 'Before 16ème', 'En savoir plus', 'Nous contacter', 'Voir les formules', 'Prendre RDV', 'Before 17ème', 'Before 16ème', NULL, NULL, NULL, NULL, NULL, NULL, '2015-10-24 13:57:37', '2015-10-26 10:24:01', 'bf2a5934-5287-4158-ba6e-5495c600ab7f'),
 ('53', '53', 'fr_fr', '16e 01', NULL, NULL, NULL, NULL, NULL, NULL, NULL, NULL, NULL, NULL, NULL, NULL, NULL, NULL, NULL, NULL, NULL, NULL, NULL, NULL, NULL, NULL, NULL, NULL, NULL, NULL, NULL, NULL, NULL, NULL, NULL, NULL, NULL, NULL, NULL, NULL, NULL, NULL, NULL, NULL, NULL, NULL, NULL, NULL, NULL, NULL, NULL, NULL, NULL, NULL, NULL, NULL, NULL, NULL, NULL, NULL, NULL, NULL, NULL, NULL, NULL, NULL, NULL, NULL, NULL, NULL, NULL, NULL, NULL, NULL, NULL, NULL, NULL, NULL, NULL, NULL, NULL, NULL, NULL, NULL, NULL, NULL, NULL, NULL, NULL, NULL, NULL, NULL, NULL, NULL, NULL, NULL, NULL, NULL, NULL, NULL, NULL, NULL, NULL, NULL, NULL, NULL, NULL, NULL, NULL, NULL, NULL, NULL, NULL, NULL, NULL, NULL, NULL, NULL, NULL, NULL, NULL, NULL, NULL, NULL, NULL, NULL, NULL, NULL, NULL, NULL, NULL, NULL, NULL, NULL, '2015-10-27 12:12:31', '2015-10-27 12:12:31', 'b3356466-2ddb-49a9-a72f-dd699a691f13'),
 ('54', '54', 'fr_fr', '16e 02', NULL, NULL, NULL, NULL, NULL, NULL, NULL, NULL, NULL, NULL, NULL, NULL, NULL, NULL, NULL, NULL, NULL, NULL, NULL, NULL, NULL, NULL, NULL, NULL, NULL, NULL, NULL, NULL, NULL, NULL, NULL, NULL, NULL, NULL, NULL, NULL, NULL, NULL, NULL, NULL, NULL, NULL, NULL, NULL, NULL, NULL, NULL, NULL, NULL, NULL, NULL, NULL, NULL, NULL, NULL, NULL, NULL, NULL, NULL, NULL, NULL, NULL, NULL, NULL, NULL, NULL, NULL, NULL, NULL, NULL, NULL, NULL, NULL, NULL, NULL, NULL, NULL, NULL, NULL, NULL, NULL, NULL, NULL, NULL, NULL, NULL, NULL, NULL, NULL, NULL, NULL, NULL, NULL, NULL, NULL, NULL, NULL, NULL, NULL, NULL, NULL, NULL, NULL, NULL, NULL, NULL, NULL, NULL, NULL, NULL, NULL, NULL, NULL, NULL, NULL, NULL, NULL, NULL, NULL, NULL, NULL, NULL, NULL, NULL, NULL, NULL, NULL, NULL, NULL, NULL, '2015-10-27 12:12:32', '2015-10-27 12:12:32', 'dcd6acd0-78fe-46bb-bc51-1b3c6905aa1e'),
 ('55', '55', 'fr_fr', '16e 03', NULL, NULL, NULL, NULL, NULL, NULL, NULL, NULL, NULL, NULL, NULL, NULL, NULL, NULL, NULL, NULL, NULL, NULL, NULL, NULL, NULL, NULL, NULL, NULL, NULL, NULL, NULL, NULL, NULL, NULL, NULL, NULL, NULL, NULL, NULL, NULL, NULL, NULL, NULL, NULL, NULL, NULL, NULL, NULL, NULL, NULL, NULL, NULL, NULL, NULL, NULL, NULL, NULL, NULL, NULL, NULL, NULL, NULL, NULL, NULL, NULL, NULL, NULL, NULL, NULL, NULL, NULL, NULL, NULL, NULL, NULL, NULL, NULL, NULL, NULL, NULL, NULL, NULL, NULL, NULL, NULL, NULL, NULL, NULL, NULL, NULL, NULL, NULL, NULL, NULL, NULL, NULL, NULL, NULL, NULL, NULL, NULL, NULL, NULL, NULL, NULL, NULL, NULL, NULL, NULL, NULL, NULL, NULL, NULL, NULL, NULL, NULL, NULL, NULL, NULL, NULL, NULL, NULL, NULL, NULL, NULL, NULL, NULL, NULL, NULL, NULL, NULL, NULL, NULL, NULL, '2015-10-27 12:12:34', '2015-10-27 12:12:34', '60362458-4cd5-4fb6-95d0-a6fdc861de90'),
 ('56', '56', 'fr_fr', '17e 01', NULL, NULL, NULL, NULL, NULL, NULL, NULL, NULL, NULL, NULL, NULL, NULL, NULL, NULL, NULL, NULL, NULL, NULL, NULL, NULL, NULL, NULL, NULL, NULL, NULL, NULL, NULL, NULL, NULL, NULL, NULL, NULL, NULL, NULL, NULL, NULL, NULL, NULL, NULL, NULL, NULL, NULL, NULL, NULL, NULL, NULL, NULL, NULL, NULL, NULL, NULL, NULL, NULL, NULL, NULL, NULL, NULL, NULL, NULL, NULL, NULL, NULL, NULL, NULL, NULL, NULL, NULL, NULL, NULL, NULL, NULL, NULL, NULL, NULL, NULL, NULL, NULL, NULL, NULL, NULL, NULL, NULL, NULL, NULL, NULL, NULL, NULL, NULL, NULL, NULL, NULL, NULL, NULL, NULL, NULL, NULL, NULL, NULL, NULL, NULL, NULL, NULL, NULL, NULL, NULL, NULL, NULL, NULL, NULL, NULL, NULL, NULL, NULL, NULL, NULL, NULL, NULL, NULL, NULL, NULL, NULL, NULL, NULL, NULL, NULL, NULL, NULL, NULL, NULL, NULL, '2015-10-27 12:12:36', '2015-10-27 12:12:36', 'd1fb50e9-cbf5-4edd-97aa-f7f8e8892eed'),
 ('57', '57', 'fr_fr', '17e 02', NULL, NULL, NULL, NULL, NULL, NULL, NULL, NULL, NULL, NULL, NULL, NULL, NULL, NULL, NULL, NULL, NULL, NULL, NULL, NULL, NULL, NULL, NULL, NULL, NULL, NULL, NULL, NULL, NULL, NULL, NULL, NULL, NULL, NULL, NULL, NULL, NULL, NULL, NULL, NULL, NULL, NULL, NULL, NULL, NULL, NULL, NULL, NULL, NULL, NULL, NULL, NULL, NULL, NULL, NULL, NULL, NULL, NULL, NULL, NULL, NULL, NULL, NULL, NULL, NULL, NULL, NULL, NULL, NULL, NULL, NULL, NULL, NULL, NULL, NULL, NULL, NULL, NULL, NULL, NULL, NULL, NULL, NULL, NULL, NULL, NULL, NULL, NULL, NULL, NULL, NULL, NULL, NULL, NULL, NULL, NULL, NULL, NULL, NULL, NULL, NULL, NULL, NULL, NULL, NULL, NULL, NULL, NULL, NULL, NULL, NULL, NULL, NULL, NULL, NULL, NULL, NULL, NULL, NULL, NULL, NULL, NULL, NULL, NULL, NULL, NULL, NULL, NULL, NULL, NULL, '2015-10-27 12:12:37', '2015-10-27 12:12:37', '3c6c13f0-8a13-4dc4-b339-0141992eb367'),
 ('58', '58', 'fr_fr', '17e 03', NULL, NULL, NULL, NULL, NULL, NULL, NULL, NULL, NULL, NULL, NULL, NULL, NULL, NULL, NULL, NULL, NULL, NULL, NULL, NULL, NULL, NULL, NULL, NULL, NULL, NULL, NULL, NULL, NULL, NULL, NULL, NULL, NULL, NULL, NULL, NULL, NULL, NULL, NULL, NULL, NULL, NULL, NULL, NULL, NULL, NULL, NULL, NULL, NULL, NULL, NULL, NULL, NULL, NULL, NULL, NULL, NULL, NULL, NULL, NULL, NULL, NULL, NULL, NULL, NULL, NULL, NULL, NULL, NULL, NULL, NULL, NULL, NULL, NULL, NULL, NULL, NULL, NULL, NULL, NULL, NULL, NULL, NULL, NULL, NULL, NULL, NULL, NULL, NULL, NULL, NULL, NULL, NULL, NULL, NULL, NULL, NULL, NULL, NULL, NULL, NULL, NULL, NULL, NULL, NULL, NULL, NULL, NULL, NULL, NULL, NULL, NULL, NULL, NULL, NULL, NULL, NULL, NULL, NULL, NULL, NULL, NULL, NULL, NULL, NULL, NULL, NULL, NULL, NULL, NULL, '2015-10-27 12:12:39', '2015-10-27 12:12:39', '0988bc52-0085-436b-b965-43c3b3e03b65'),
 ('62', '62', 'fr_fr', 'public-texte', NULL, NULL, NULL, NULL, NULL, NULL, NULL, NULL, NULL, NULL, NULL, NULL, NULL, NULL, NULL, NULL, NULL, NULL, NULL, NULL, NULL, NULL, NULL, NULL, NULL, NULL, NULL, NULL, NULL, NULL, NULL, NULL, NULL, NULL, NULL, NULL, NULL, NULL, NULL, NULL, NULL, NULL, NULL, NULL, NULL, NULL, NULL, NULL, NULL, NULL, NULL, NULL, NULL, NULL, NULL, NULL, NULL, NULL, NULL, NULL, NULL, NULL, NULL, NULL, NULL, NULL, NULL, NULL, NULL, NULL, NULL, NULL, NULL, NULL, NULL, NULL, NULL, NULL, NULL, NULL, NULL, NULL, NULL, NULL, NULL, NULL, NULL, NULL, NULL, NULL, NULL, NULL, NULL, NULL, NULL, NULL, NULL, NULL, NULL, NULL, NULL, NULL, NULL, NULL, NULL, NULL, NULL, NULL, NULL, NULL, NULL, NULL, NULL, NULL, NULL, NULL, NULL, NULL, NULL, NULL, NULL, NULL, NULL, NULL, NULL, NULL, NULL, NULL, NULL, NULL, '2015-12-06 07:58:20', '2016-02-05 14:43:46', '27e27607-3cbb-4fbb-8bd9-32716bc8d25f'),
 ('63', '63', 'fr_fr', 'Public_texte', NULL, NULL, NULL, NULL, NULL, NULL, NULL, NULL, NULL, NULL, NULL, NULL, NULL, NULL, NULL, NULL, NULL, NULL, NULL, NULL, NULL, NULL, NULL, NULL, NULL, NULL, NULL, NULL, NULL, NULL, NULL, NULL, NULL, NULL, NULL, NULL, NULL, NULL, NULL, NULL, NULL, NULL, NULL, NULL, NULL, NULL, NULL, NULL, NULL, NULL, NULL, NULL, NULL, NULL, NULL, NULL, NULL, NULL, NULL, NULL, NULL, NULL, NULL, NULL, NULL, NULL, NULL, NULL, NULL, NULL, NULL, NULL, NULL, NULL, NULL, NULL, NULL, 'Public', 'Décembre 2015', NULL, NULL, NULL, NULL, NULL, NULL, NULL, NULL, NULL, NULL, NULL, NULL, NULL, NULL, NULL, NULL, NULL, NULL, NULL, NULL, NULL, NULL, NULL, NULL, NULL, NULL, NULL, NULL, NULL, NULL, NULL, NULL, NULL, NULL, NULL, NULL, NULL, NULL, NULL, NULL, NULL, NULL, NULL, NULL, NULL, NULL, NULL, NULL, NULL, NULL, NULL, '2015-12-06 07:58:25', '2015-12-06 07:58:25', 'cd0dde90-8baa-41bd-a03f-cb3fb9ba6460'),
 ('64', '64', 'fr_fr', 'public-cover', NULL, NULL, NULL, NULL, NULL, NULL, NULL, NULL, NULL, NULL, NULL, NULL, NULL, NULL, NULL, NULL, NULL, NULL, NULL, NULL, NULL, NULL, NULL, NULL, NULL, NULL, NULL, NULL, NULL, NULL, NULL, NULL, NULL, NULL, NULL, NULL, NULL, NULL, NULL, NULL, NULL, NULL, NULL, NULL, NULL, NULL, NULL, NULL, NULL, NULL, NULL, NULL, NULL, NULL, NULL, NULL, NULL, NULL, NULL, NULL, NULL, NULL, NULL, NULL, NULL, NULL, NULL, NULL, NULL, NULL, NULL, NULL, NULL, NULL, NULL, NULL, NULL, NULL, NULL, NULL, NULL, NULL, NULL, NULL, NULL, NULL, NULL, NULL, NULL, NULL, NULL, NULL, NULL, NULL, NULL, NULL, NULL, NULL, NULL, NULL, NULL, NULL, NULL, NULL, NULL, NULL, NULL, NULL, NULL, NULL, NULL, NULL, NULL, NULL, NULL, NULL, NULL, NULL, NULL, NULL, NULL, NULL, NULL, NULL, NULL, NULL, NULL, NULL, NULL, NULL, '2015-12-06 07:59:01', '2016-02-05 14:43:31', '5b3859a3-604e-494b-983b-ddfbccef1d89'),
 ('65', '65', 'fr_fr', 'Public_cover', NULL, NULL, NULL, NULL, NULL, NULL, NULL, NULL, NULL, NULL, NULL, NULL, NULL, NULL, NULL, NULL, NULL, NULL, NULL, NULL, NULL, NULL, NULL, NULL, NULL, NULL, NULL, NULL, NULL, NULL, NULL, NULL, NULL, NULL, NULL, NULL, NULL, NULL, NULL, NULL, NULL, NULL, NULL, NULL, NULL, NULL, NULL, NULL, NULL, NULL, NULL, NULL, NULL, NULL, NULL, NULL, NULL, NULL, NULL, NULL, NULL, NULL, NULL, NULL, NULL, NULL, NULL, NULL, NULL, NULL, NULL, NULL, NULL, NULL, NULL, NULL, NULL, 'Public', 'Décembre 2015', NULL, NULL, NULL, NULL, NULL, NULL, NULL, NULL, NULL, NULL, NULL, NULL, NULL, NULL, NULL, NULL, NULL, NULL, NULL, NULL, NULL, NULL, NULL, NULL, NULL, NULL, NULL, NULL, NULL, NULL, NULL, NULL, NULL, NULL, NULL, NULL, NULL, NULL, NULL, NULL, NULL, NULL, NULL, NULL, NULL, NULL, NULL, NULL, NULL, NULL, NULL, '2015-12-06 07:59:07', '2015-12-06 07:59:07', 'b0083a68-1e9d-400c-a8b1-cf1b038ae294'),
 ('66', '66', 'fr_fr', '16e 01 1', NULL, NULL, NULL, NULL, NULL, NULL, NULL, NULL, NULL, NULL, NULL, NULL, NULL, NULL, NULL, NULL, NULL, NULL, NULL, NULL, NULL, NULL, NULL, NULL, NULL, NULL, NULL, NULL, NULL, NULL, NULL, NULL, NULL, NULL, NULL, NULL, NULL, NULL, NULL, NULL, NULL, NULL, NULL, NULL, NULL, NULL, NULL, NULL, NULL, NULL, NULL, NULL, NULL, NULL, NULL, NULL, NULL, NULL, NULL, NULL, NULL, NULL, NULL, NULL, NULL, NULL, NULL, NULL, NULL, NULL, NULL, NULL, NULL, NULL, NULL, NULL, NULL, NULL, NULL, NULL, NULL, NULL, NULL, NULL, NULL, NULL, NULL, NULL, NULL, NULL, NULL, NULL, NULL, NULL, NULL, NULL, NULL, NULL, NULL, NULL, NULL, NULL, NULL, NULL, NULL, NULL, NULL, NULL, NULL, NULL, NULL, NULL, NULL, NULL, NULL, NULL, NULL, NULL, NULL, NULL, NULL, NULL, NULL, NULL, NULL, NULL, NULL, NULL, NULL, NULL, '2016-01-26 15:08:31', '2016-02-05 14:33:44', 'bdef786a-8e5f-45c7-adfe-e125f09af8dc'),
 ('67', '67', 'fr_fr', '16e 02 1', NULL, NULL, NULL, NULL, NULL, NULL, NULL, NULL, NULL, NULL, NULL, NULL, NULL, NULL, NULL, NULL, NULL, NULL, NULL, NULL, NULL, NULL, NULL, NULL, NULL, NULL, NULL, NULL, NULL, NULL, NULL, NULL, NULL, NULL, NULL, NULL, NULL, NULL, NULL, NULL, NULL, NULL, NULL, NULL, NULL, NULL, NULL, NULL, NULL, NULL, NULL, NULL, NULL, NULL, NULL, NULL, NULL, NULL, NULL, NULL, NULL, NULL, NULL, NULL, NULL, NULL, NULL, NULL, NULL, NULL, NULL, NULL, NULL, NULL, NULL, NULL, NULL, NULL, NULL, NULL, NULL, NULL, NULL, NULL, NULL, NULL, NULL, NULL, NULL, NULL, NULL, NULL, NULL, NULL, NULL, NULL, NULL, NULL, NULL, NULL, NULL, NULL, NULL, NULL, NULL, NULL, NULL, NULL, NULL, NULL, NULL, NULL, NULL, NULL, NULL, NULL, NULL, NULL, NULL, NULL, NULL, NULL, NULL, NULL, NULL, NULL, NULL, NULL, NULL, NULL, '2016-01-26 15:08:34', '2016-02-05 14:34:28', '69ebc7cc-e99d-4d99-9e13-328b69885ebf'),
 ('68', '68', 'fr_fr', '16e 03 1', NULL, NULL, NULL, NULL, NULL, NULL, NULL, NULL, NULL, NULL, NULL, NULL, NULL, NULL, NULL, NULL, NULL, NULL, NULL, NULL, NULL, NULL, NULL, NULL, NULL, NULL, NULL, NULL, NULL, NULL, NULL, NULL, NULL, NULL, NULL, NULL, NULL, NULL, NULL, NULL, NULL, NULL, NULL, NULL, NULL, NULL, NULL, NULL, NULL, NULL, NULL, NULL, NULL, NULL, NULL, NULL, NULL, NULL, NULL, NULL, NULL, NULL, NULL, NULL, NULL, NULL, NULL, NULL, NULL, NULL, NULL, NULL, NULL, NULL, NULL, NULL, NULL, NULL, NULL, NULL, NULL, NULL, NULL, NULL, NULL, NULL, NULL, NULL, NULL, NULL, NULL, NULL, NULL, NULL, NULL, NULL, NULL, NULL, NULL, NULL, NULL, NULL, NULL, NULL, NULL, NULL, NULL, NULL, NULL, NULL, NULL, NULL, NULL, NULL, NULL, NULL, NULL, NULL, NULL, NULL, NULL, NULL, NULL, NULL, NULL, NULL, NULL, NULL, NULL, NULL, '2016-01-26 15:08:37', '2016-02-05 14:34:43', '9b0baa8a-d0ee-4948-ae4e-f4c2ae70a2ed'),
 ('69', '69', 'fr_fr', '16e 04', NULL, NULL, NULL, NULL, NULL, NULL, NULL, NULL, NULL, NULL, NULL, NULL, NULL, NULL, NULL, NULL, NULL, NULL, NULL, NULL, NULL, NULL, NULL, NULL, NULL, NULL, NULL, NULL, NULL, NULL, NULL, NULL, NULL, NULL, NULL, NULL, NULL, NULL, NULL, NULL, NULL, NULL, NULL, NULL, NULL, NULL, NULL, NULL, NULL, NULL, NULL, NULL, NULL, NULL, NULL, NULL, NULL, NULL, NULL, NULL, NULL, NULL, NULL, NULL, NULL, NULL, NULL, NULL, NULL, NULL, NULL, NULL, NULL, NULL, NULL, NULL, NULL, NULL, NULL, NULL, NULL, NULL, NULL, NULL, NULL, NULL, NULL, NULL, NULL, NULL, NULL, NULL, NULL, NULL, NULL, NULL, NULL, NULL, NULL, NULL, NULL, NULL, NULL, NULL, NULL, NULL, NULL, NULL, NULL, NULL, NULL, NULL, NULL, NULL, NULL, NULL, NULL, NULL, NULL, NULL, NULL, NULL, NULL, NULL, NULL, NULL, NULL, NULL, NULL, NULL, '2016-01-26 15:08:39', '2016-02-05 14:35:23', 'abc7b1ee-8bef-4649-a78d-42c66d68b69a'),
 ('70', '70', 'fr_fr', '16e 05', NULL, NULL, NULL, NULL, NULL, NULL, NULL, NULL, NULL, NULL, NULL, NULL, NULL, NULL, NULL, NULL, NULL, NULL, NULL, NULL, NULL, NULL, NULL, NULL, NULL, NULL, NULL, NULL, NULL, NULL, NULL, NULL, NULL, NULL, NULL, NULL, NULL, NULL, NULL, NULL, NULL, NULL, NULL, NULL, NULL, NULL, NULL, NULL, NULL, NULL, NULL, NULL, NULL, NULL, NULL, NULL, NULL, NULL, NULL, NULL, NULL, NULL, NULL, NULL, NULL, NULL, NULL, NULL, NULL, NULL, NULL, NULL, NULL, NULL, NULL, NULL, NULL, NULL, NULL, NULL, NULL, NULL, NULL, NULL, NULL, NULL, NULL, NULL, NULL, NULL, NULL, NULL, NULL, NULL, NULL, NULL, NULL, NULL, NULL, NULL, NULL, NULL, NULL, NULL, NULL, NULL, NULL, NULL, NULL, NULL, NULL, NULL, NULL, NULL, NULL, NULL, NULL, NULL, NULL, NULL, NULL, NULL, NULL, NULL, NULL, NULL, NULL, NULL, NULL, NULL, '2016-01-26 15:08:42', '2016-02-05 14:35:08', '058d5ca1-2974-4770-b2c8-28242cb21dd3'),
 ('71', '71', 'fr_fr', '16e 06', NULL, NULL, NULL, NULL, NULL, NULL, NULL, NULL, NULL, NULL, NULL, NULL, NULL, NULL, NULL, NULL, NULL, NULL, NULL, NULL, NULL, NULL, NULL, NULL, NULL, NULL, NULL, NULL, NULL, NULL, NULL, NULL, NULL, NULL, NULL, NULL, NULL, NULL, NULL, NULL, NULL, NULL, NULL, NULL, NULL, NULL, NULL, NULL, NULL, NULL, NULL, NULL, NULL, NULL, NULL, NULL, NULL, NULL, NULL, NULL, NULL, NULL, NULL, NULL, NULL, NULL, NULL, NULL, NULL, NULL, NULL, NULL, NULL, NULL, NULL, NULL, NULL, NULL, NULL, NULL, NULL, NULL, NULL, NULL, NULL, NULL, NULL, NULL, NULL, NULL, NULL, NULL, NULL, NULL, NULL, NULL, NULL, NULL, NULL, NULL, NULL, NULL, NULL, NULL, NULL, NULL, NULL, NULL, NULL, NULL, NULL, NULL, NULL, NULL, NULL, NULL, NULL, NULL, NULL, NULL, NULL, NULL, NULL, NULL, NULL, NULL, NULL, NULL, NULL, NULL, '2016-01-26 15:08:45', '2016-02-05 14:35:38', '0c10be88-a243-4b97-902d-f123c267e26c'),
 ('72', '72', 'fr_fr', '17e 01 1', NULL, NULL, NULL, NULL, NULL, NULL, NULL, NULL, NULL, NULL, NULL, NULL, NULL, NULL, NULL, NULL, NULL, NULL, NULL, NULL, NULL, NULL, NULL, NULL, NULL, NULL, NULL, NULL, NULL, NULL, NULL, NULL, NULL, NULL, NULL, NULL, NULL, NULL, NULL, NULL, NULL, NULL, NULL, NULL, NULL, NULL, NULL, NULL, NULL, NULL, NULL, NULL, NULL, NULL, NULL, NULL, NULL, NULL, NULL, NULL, NULL, NULL, NULL, NULL, NULL, NULL, NULL, NULL, NULL, NULL, NULL, NULL, NULL, NULL, NULL, NULL, NULL, NULL, NULL, NULL, NULL, NULL, NULL, NULL, NULL, NULL, NULL, NULL, NULL, NULL, NULL, NULL, NULL, NULL, NULL, NULL, NULL, NULL, NULL, NULL, NULL, NULL, NULL, NULL, NULL, NULL, NULL, NULL, NULL, NULL, NULL, NULL, NULL, NULL, NULL, NULL, NULL, NULL, NULL, NULL, NULL, NULL, NULL, NULL, NULL, NULL, NULL, NULL, NULL, NULL, '2016-01-26 15:08:51', '2016-02-05 14:36:14', 'cad3040d-52bf-4e5f-8a7d-d75a9e65d8f7'),
 ('73', '73', 'fr_fr', '17e 02 1', NULL, NULL, NULL, NULL, NULL, NULL, NULL, NULL, NULL, NULL, NULL, NULL, NULL, NULL, NULL, NULL, NULL, NULL, NULL, NULL, NULL, NULL, NULL, NULL, NULL, NULL, NULL, NULL, NULL, NULL, NULL, NULL, NULL, NULL, NULL, NULL, NULL, NULL, NULL, NULL, NULL, NULL, NULL, NULL, NULL, NULL, NULL, NULL, NULL, NULL, NULL, NULL, NULL, NULL, NULL, NULL, NULL, NULL, NULL, NULL, NULL, NULL, NULL, NULL, NULL, NULL, NULL, NULL, NULL, NULL, NULL, NULL, NULL, NULL, NULL, NULL, NULL, NULL, NULL, NULL, NULL, NULL, NULL, NULL, NULL, NULL, NULL, NULL, NULL, NULL, NULL, NULL, NULL, NULL, NULL, NULL, NULL, NULL, NULL, NULL, NULL, NULL, NULL, NULL, NULL, NULL, NULL, NULL, NULL, NULL, NULL, NULL, NULL, NULL, NULL, NULL, NULL, NULL, NULL, NULL, NULL, NULL, NULL, NULL, NULL, NULL, NULL, NULL, NULL, NULL, '2016-01-26 15:08:54', '2016-02-05 14:36:30', '0b7e9cd3-4c15-4609-8339-2579b4f58b8d'),
 ('74', '74', 'fr_fr', '17e 03 1', NULL, NULL, NULL, NULL, NULL, NULL, NULL, NULL, NULL, NULL, NULL, NULL, NULL, NULL, NULL, NULL, NULL, NULL, NULL, NULL, NULL, NULL, NULL, NULL, NULL, NULL, NULL, NULL, NULL, NULL, NULL, NULL, NULL, NULL, NULL, NULL, NULL, NULL, NULL, NULL, NULL, NULL, NULL, NULL, NULL, NULL, NULL, NULL, NULL, NULL, NULL, NULL, NULL, NULL, NULL, NULL, NULL, NULL, NULL, NULL, NULL, NULL, NULL, NULL, NULL, NULL, NULL, NULL, NULL, NULL, NULL, NULL, NULL, NULL, NULL, NULL, NULL, NULL, NULL, NULL, NULL, NULL, NULL, NULL, NULL, NULL, NULL, NULL, NULL, NULL, NULL, NULL, NULL, NULL, NULL, NULL, NULL, NULL, NULL, NULL, NULL, NULL, NULL, NULL, NULL, NULL, NULL, NULL, NULL, NULL, NULL, NULL, NULL, NULL, NULL, NULL, NULL, NULL, NULL, NULL, NULL, NULL, NULL, NULL, NULL, NULL, NULL, NULL, NULL, NULL, '2016-01-26 15:08:58', '2016-02-05 14:36:52', '4a4d5c13-9826-4f3d-9700-50441bc2c41a'),
 ('75', '75', 'fr_fr', '17e 04', NULL, NULL, NULL, NULL, NULL, NULL, NULL, NULL, NULL, NULL, NULL, NULL, NULL, NULL, NULL, NULL, NULL, NULL, NULL, NULL, NULL, NULL, NULL, NULL, NULL, NULL, NULL, NULL, NULL, NULL, NULL, NULL, NULL, NULL, NULL, NULL, NULL, NULL, NULL, NULL, NULL, NULL, NULL, NULL, NULL, NULL, NULL, NULL, NULL, NULL, NULL, NULL, NULL, NULL, NULL, NULL, NULL, NULL, NULL, NULL, NULL, NULL, NULL, NULL, NULL, NULL, NULL, NULL, NULL, NULL, NULL, NULL, NULL, NULL, NULL, NULL, NULL, NULL, NULL, NULL, NULL, NULL, NULL, NULL, NULL, NULL, NULL, NULL, NULL, NULL, NULL, NULL, NULL, NULL, NULL, NULL, NULL, NULL, NULL, NULL, NULL, NULL, NULL, NULL, NULL, NULL, NULL, NULL, NULL, NULL, NULL, NULL, NULL, NULL, NULL, NULL, NULL, NULL, NULL, NULL, NULL, NULL, NULL, NULL, NULL, NULL, NULL, NULL, NULL, NULL, '2016-01-26 15:09:02', '2016-02-05 14:37:04', 'db872201-59e5-42f1-bd1f-4a179b5ef10a'),
 ('76', '76', 'fr_fr', '17e 05', NULL, NULL, NULL, NULL, NULL, NULL, NULL, NULL, NULL, NULL, NULL, NULL, NULL, NULL, NULL, NULL, NULL, NULL, NULL, NULL, NULL, NULL, NULL, NULL, NULL, NULL, NULL, NULL, NULL, NULL, NULL, NULL, NULL, NULL, NULL, NULL, NULL, NULL, NULL, NULL, NULL, NULL, NULL, NULL, NULL, NULL, NULL, NULL, NULL, NULL, NULL, NULL, NULL, NULL, NULL, NULL, NULL, NULL, NULL, NULL, NULL, NULL, NULL, NULL, NULL, NULL, NULL, NULL, NULL, NULL, NULL, NULL, NULL, NULL, NULL, NULL, NULL, NULL, NULL, NULL, NULL, NULL, NULL, NULL, NULL, NULL, NULL, NULL, NULL, NULL, NULL, NULL, NULL, NULL, NULL, NULL, NULL, NULL, NULL, NULL, NULL, NULL, NULL, NULL, NULL, NULL, NULL, NULL, NULL, NULL, NULL, NULL, NULL, NULL, NULL, NULL, NULL, NULL, NULL, NULL, NULL, NULL, NULL, NULL, NULL, NULL, NULL, NULL, NULL, NULL, '2016-01-26 15:09:04', '2016-02-05 14:37:15', 'ba0dc8fd-f598-4e7f-9e55-dfe39f2b29bd'),
 ('77', '77', 'fr_fr', '17e 06', NULL, NULL, NULL, NULL, NULL, NULL, NULL, NULL, NULL, NULL, NULL, NULL, NULL, NULL, NULL, NULL, NULL, NULL, NULL, NULL, NULL, NULL, NULL, NULL, NULL, NULL, NULL, NULL, NULL, NULL, NULL, NULL, NULL, NULL, NULL, NULL, NULL, NULL, NULL, NULL, NULL, NULL, NULL, NULL, NULL, NULL, NULL, NULL, NULL, NULL, NULL, NULL, NULL, NULL, NULL, NULL, NULL, NULL, NULL, NULL, NULL, NULL, NULL, NULL, NULL, NULL, NULL, NULL, NULL, NULL, NULL, NULL, NULL, NULL, NULL, NULL, NULL, NULL, NULL, NULL, NULL, NULL, NULL, NULL, NULL, NULL, NULL, NULL, NULL, NULL, NULL, NULL, NULL, NULL, NULL, NULL, NULL, NULL, NULL, NULL, NULL, NULL, NULL, NULL, NULL, NULL, NULL, NULL, NULL, NULL, NULL, NULL, NULL, NULL, NULL, NULL, NULL, NULL, NULL, NULL, NULL, NULL, NULL, NULL, NULL, NULL, NULL, NULL, NULL, NULL, '2016-01-26 15:09:08', '2016-02-05 14:37:31', '315ab40d-0186-49ad-ba03-b01415269bde'),
 ('78', '78', 'fr_fr', 'Anna Todd chez Before Bar', NULL, NULL, NULL, NULL, NULL, NULL, NULL, NULL, NULL, NULL, NULL, NULL, NULL, NULL, NULL, NULL, NULL, NULL, NULL, NULL, NULL, NULL, NULL, NULL, NULL, NULL, NULL, NULL, NULL, NULL, NULL, NULL, NULL, NULL, NULL, NULL, NULL, NULL, NULL, NULL, NULL, NULL, NULL, NULL, NULL, NULL, NULL, NULL, NULL, NULL, NULL, NULL, NULL, NULL, NULL, NULL, NULL, NULL, NULL, NULL, NULL, NULL, NULL, NULL, NULL, NULL, NULL, NULL, NULL, NULL, NULL, NULL, NULL, NULL, NULL, NULL, NULL, NULL, NULL, NULL, NULL, NULL, NULL, NULL, NULL, NULL, NULL, NULL, NULL, NULL, NULL, NULL, NULL, NULL, NULL, NULL, NULL, NULL, NULL, NULL, NULL, NULL, NULL, NULL, NULL, NULL, NULL, NULL, NULL, NULL, NULL, NULL, NULL, NULL, NULL, NULL, NULL, NULL, NULL, NULL, NULL, NULL, NULL, NULL, NULL, NULL, NULL, NULL, NULL, NULL, '2016-02-16 10:45:04', '2016-02-16 10:45:04', '97cb1a56-5130-4e7d-bb6b-6b048bd02706'),
 ('80', '80', 'fr_fr', 'Ines-Olympe-Mercadal', NULL, NULL, NULL, NULL, NULL, NULL, NULL, NULL, NULL, NULL, NULL, NULL, NULL, NULL, NULL, NULL, NULL, NULL, NULL, NULL, NULL, NULL, NULL, NULL, NULL, NULL, NULL, NULL, NULL, NULL, NULL, NULL, NULL, NULL, NULL, NULL, NULL, NULL, NULL, NULL, NULL, NULL, NULL, NULL, NULL, NULL, NULL, NULL, NULL, NULL, NULL, NULL, NULL, NULL, NULL, NULL, NULL, NULL, NULL, NULL, NULL, NULL, NULL, NULL, NULL, NULL, NULL, NULL, NULL, NULL, NULL, NULL, NULL, NULL, NULL, NULL, NULL, NULL, NULL, NULL, NULL, NULL, NULL, NULL, NULL, NULL, NULL, NULL, NULL, NULL, NULL, NULL, NULL, NULL, NULL, NULL, NULL, NULL, NULL, NULL, NULL, NULL, NULL, NULL, NULL, NULL, NULL, NULL, NULL, NULL, NULL, NULL, NULL, NULL, NULL, NULL, NULL, NULL, NULL, NULL, NULL, NULL, NULL, NULL, NULL, NULL, NULL, NULL, NULL, NULL, '2016-02-16 10:50:34', '2016-02-16 10:50:34', '46186e83-6d92-4298-8ae4-ba5993d08896'),
 ('81', '81', 'fr_fr', '02 Février 2016', NULL, NULL, NULL, NULL, NULL, NULL, NULL, NULL, NULL, NULL, NULL, NULL, NULL, NULL, NULL, NULL, NULL, NULL, NULL, NULL, NULL, NULL, NULL, NULL, NULL, NULL, NULL, NULL, NULL, NULL, NULL, NULL, NULL, NULL, NULL, NULL, NULL, NULL, NULL, NULL, NULL, NULL, NULL, NULL, NULL, NULL, NULL, NULL, NULL, NULL, NULL, NULL, NULL, NULL, NULL, NULL, NULL, NULL, NULL, NULL, NULL, NULL, NULL, NULL, NULL, NULL, NULL, NULL, NULL, NULL, NULL, NULL, NULL, NULL, NULL, NULL, NULL, NULL, NULL, NULL, NULL, NULL, NULL, NULL, NULL, NULL, NULL, NULL, NULL, NULL, NULL, NULL, NULL, NULL, NULL, NULL, NULL, NULL, NULL, NULL, NULL, NULL, NULL, NULL, NULL, NULL, NULL, NULL, NULL, NULL, NULL, NULL, NULL, NULL, NULL, NULL, NULL, NULL, NULL, NULL, NULL, NULL, NULL, NULL, NULL, NULL, NULL, NULL, 'Nails by Before Beauty Bar des égéries lors du Shooting de la talentueuse Ines Olympe Mercadal pour sa nouvelle marque...', '02 Février 2016', '2016-02-16 10:50:36', '2016-02-23 23:57:59', '7b569215-5543-4bb4-80f3-470062eda2da'),
 ('82', '82', 'fr_fr', 'Jessica Minh Anh Autumn-Fashion Show-Eiffel-Tower', NULL, NULL, NULL, NULL, NULL, NULL, NULL, NULL, NULL, NULL, NULL, NULL, NULL, NULL, NULL, NULL, NULL, NULL, NULL, NULL, NULL, NULL, NULL, NULL, NULL, NULL, NULL, NULL, NULL, NULL, NULL, NULL, NULL, NULL, NULL, NULL, NULL, NULL, NULL, NULL, NULL, NULL, NULL, NULL, NULL, NULL, NULL, NULL, NULL, NULL, NULL, NULL, NULL, NULL, NULL, NULL, NULL, NULL, NULL, NULL, NULL, NULL, NULL, NULL, NULL, NULL, NULL, NULL, NULL, NULL, NULL, NULL, NULL, NULL, NULL, NULL, NULL, NULL, NULL, NULL, NULL, NULL, NULL, NULL, NULL, NULL, NULL, NULL, NULL, NULL, NULL, NULL, NULL, NULL, NULL, NULL, NULL, NULL, NULL, NULL, NULL, NULL, NULL, NULL, NULL, NULL, NULL, NULL, NULL, NULL, NULL, NULL, NULL, NULL, NULL, NULL, NULL, NULL, NULL, NULL, NULL, NULL, NULL, NULL, NULL, NULL, NULL, NULL, NULL, NULL, '2016-02-22 10:31:49', '2016-02-22 10:31:49', '2206e2ed-8032-4e4f-ac4f-38c592e54e90'),
 ('83', '83', 'fr_fr', '31 Octobre 2014', NULL, NULL, NULL, NULL, NULL, NULL, NULL, NULL, NULL, NULL, NULL, NULL, NULL, NULL, NULL, NULL, NULL, NULL, NULL, NULL, NULL, NULL, NULL, NULL, NULL, NULL, NULL, NULL, NULL, NULL, NULL, NULL, NULL, NULL, NULL, NULL, NULL, NULL, NULL, NULL, NULL, NULL, NULL, NULL, NULL, NULL, NULL, NULL, NULL, NULL, NULL, NULL, NULL, NULL, NULL, NULL, NULL, NULL, NULL, NULL, NULL, NULL, NULL, NULL, NULL, NULL, NULL, NULL, NULL, NULL, NULL, NULL, NULL, NULL, NULL, NULL, NULL, NULL, NULL, NULL, NULL, NULL, NULL, NULL, NULL, NULL, NULL, NULL, NULL, NULL, NULL, NULL, NULL, NULL, NULL, NULL, NULL, NULL, NULL, NULL, NULL, NULL, NULL, NULL, NULL, NULL, NULL, NULL, NULL, NULL, NULL, NULL, NULL, NULL, NULL, NULL, NULL, NULL, NULL, NULL, NULL, NULL, NULL, NULL, NULL, NULL, NULL, NULL, 'J Autumn Fashion Show, défilé haute couture à la Tour Eiffel : Maquillage, Coiffure, Manucure & Réalisation de la structure \"Tour Eiffel\" faite de cheveux naturels pour Jessica Minh Anh...', '31 Octobre 2014', '2016-02-22 10:32:15', '2016-03-05 15:04:20', 'b3f4b1cb-56a0-467f-ac12-0b99d80875ea'),
 ('84', '84', 'fr_fr', 'Public Buzz Awards Before Beauty Bar', NULL, NULL, NULL, NULL, NULL, NULL, NULL, NULL, NULL, NULL, NULL, NULL, NULL, NULL, NULL, NULL, NULL, NULL, NULL, NULL, NULL, NULL, NULL, NULL, NULL, NULL, NULL, NULL, NULL, NULL, NULL, NULL, NULL, NULL, NULL, NULL, NULL, NULL, NULL, NULL, NULL, NULL, NULL, NULL, NULL, NULL, NULL, NULL, NULL, NULL, NULL, NULL, NULL, NULL, NULL, NULL, NULL, NULL, NULL, NULL, NULL, NULL, NULL, NULL, NULL, NULL, NULL, NULL, NULL, NULL, NULL, NULL, NULL, NULL, NULL, NULL, NULL, NULL, NULL, NULL, NULL, NULL, NULL, NULL, NULL, NULL, NULL, NULL, NULL, NULL, NULL, NULL, NULL, NULL, NULL, NULL, NULL, NULL, NULL, NULL, NULL, NULL, NULL, NULL, NULL, NULL, NULL, NULL, NULL, NULL, NULL, NULL, NULL, NULL, NULL, NULL, NULL, NULL, NULL, NULL, NULL, NULL, NULL, NULL, NULL, NULL, NULL, NULL, NULL, NULL, '2016-02-22 10:35:44', '2016-02-22 10:35:44', 'c4f90379-2fd5-4642-8ba7-76869bceed83'),
 ('85', '85', 'fr_fr', '01 Avril 2015', NULL, NULL, NULL, NULL, NULL, NULL, NULL, NULL, NULL, NULL, NULL, NULL, NULL, NULL, NULL, NULL, NULL, NULL, NULL, NULL, NULL, NULL, NULL, NULL, NULL, NULL, NULL, NULL, NULL, NULL, NULL, NULL, NULL, NULL, NULL, NULL, NULL, NULL, NULL, NULL, NULL, NULL, NULL, NULL, NULL, NULL, NULL, NULL, NULL, NULL, NULL, NULL, NULL, NULL, NULL, NULL, NULL, NULL, NULL, NULL, NULL, NULL, NULL, NULL, NULL, NULL, NULL, NULL, NULL, NULL, NULL, NULL, NULL, NULL, NULL, NULL, NULL, NULL, NULL, NULL, NULL, NULL, NULL, NULL, NULL, NULL, NULL, NULL, NULL, NULL, NULL, NULL, NULL, NULL, NULL, NULL, NULL, NULL, NULL, NULL, NULL, NULL, NULL, NULL, NULL, NULL, NULL, NULL, NULL, NULL, NULL, NULL, NULL, NULL, NULL, NULL, NULL, NULL, NULL, NULL, NULL, NULL, NULL, NULL, NULL, NULL, NULL, NULL, 'Animation beauté pour les Public Buzz Awards by Before Beauty Bar...', '01 Avril 2015', '2016-02-22 10:35:52', '2016-02-23 23:42:06', 'bee7d5b6-7b1b-4bde-af50-b1407aebd4b2'),
 ('86', '86', 'fr_fr', 'IMG 4389', NULL, NULL, NULL, NULL, NULL, NULL, NULL, NULL, NULL, NULL, NULL, NULL, NULL, NULL, NULL, NULL, NULL, NULL, NULL, NULL, NULL, NULL, NULL, NULL, NULL, NULL, NULL, NULL, NULL, NULL, NULL, NULL, NULL, NULL, NULL, NULL, NULL, NULL, NULL, NULL, NULL, NULL, NULL, NULL, NULL, NULL, NULL, NULL, NULL, NULL, NULL, NULL, NULL, NULL, NULL, NULL, NULL, NULL, NULL, NULL, NULL, NULL, NULL, NULL, NULL, NULL, NULL, NULL, NULL, NULL, NULL, NULL, NULL, NULL, NULL, NULL, NULL, NULL, NULL, NULL, NULL, NULL, NULL, NULL, NULL, NULL, NULL, NULL, NULL, NULL, NULL, NULL, NULL, NULL, NULL, NULL, NULL, NULL, NULL, NULL, NULL, NULL, NULL, NULL, NULL, NULL, NULL, NULL, NULL, NULL, NULL, NULL, NULL, NULL, NULL, NULL, NULL, NULL, NULL, NULL, NULL, NULL, NULL, NULL, NULL, NULL, NULL, NULL, NULL, NULL, '2016-02-22 14:38:42', '2016-02-22 14:42:05', 'fbe1edf4-9204-4ff9-bbd4-63c7089feac2'),
 ('88', '88', 'fr_fr', '13 Février 2016', NULL, NULL, NULL, NULL, NULL, NULL, NULL, NULL, NULL, NULL, NULL, NULL, NULL, NULL, NULL, NULL, NULL, NULL, NULL, NULL, NULL, NULL, NULL, NULL, NULL, NULL, NULL, NULL, NULL, NULL, NULL, NULL, NULL, NULL, NULL, NULL, NULL, NULL, NULL, NULL, NULL, NULL, NULL, NULL, NULL, NULL, NULL, NULL, NULL, NULL, NULL, NULL, NULL, NULL, NULL, NULL, NULL, NULL, NULL, NULL, NULL, NULL, NULL, NULL, NULL, NULL, NULL, NULL, NULL, NULL, NULL, NULL, NULL, NULL, NULL, NULL, NULL, NULL, NULL, NULL, NULL, NULL, NULL, NULL, NULL, NULL, NULL, NULL, NULL, NULL, NULL, NULL, NULL, NULL, NULL, NULL, NULL, NULL, NULL, NULL, NULL, NULL, NULL, NULL, NULL, NULL, NULL, NULL, NULL, NULL, NULL, NULL, NULL, NULL, NULL, NULL, NULL, NULL, NULL, NULL, NULL, NULL, NULL, NULL, NULL, NULL, NULL, NULL, 'Animation Nail Bar pour Theory...', '13 Février 2016', '2016-02-22 14:42:53', '2016-02-23 23:41:34', 'd276c18f-1e67-4763-908b-fc58e2b5b433'),
 ('89', '89', 'fr_fr', 'IMG 4391', NULL, NULL, NULL, NULL, NULL, NULL, NULL, NULL, NULL, NULL, NULL, NULL, NULL, NULL, NULL, NULL, NULL, NULL, NULL, NULL, NULL, NULL, NULL, NULL, NULL, NULL, NULL, NULL, NULL, NULL, NULL, NULL, NULL, NULL, NULL, NULL, NULL, NULL, NULL, NULL, NULL, NULL, NULL, NULL, NULL, NULL, NULL, NULL, NULL, NULL, NULL, NULL, NULL, NULL, NULL, NULL, NULL, NULL, NULL, NULL, NULL, NULL, NULL, NULL, NULL, NULL, NULL, NULL, NULL, NULL, NULL, NULL, NULL, NULL, NULL, NULL, NULL, NULL, NULL, NULL, NULL, NULL, NULL, NULL, NULL, NULL, NULL, NULL, NULL, NULL, NULL, NULL, NULL, NULL, NULL, NULL, NULL, NULL, NULL, NULL, NULL, NULL, NULL, NULL, NULL, NULL, NULL, NULL, NULL, NULL, NULL, NULL, NULL, NULL, NULL, NULL, NULL, NULL, NULL, NULL, NULL, NULL, NULL, NULL, NULL, NULL, NULL, NULL, NULL, NULL, '2016-02-22 14:46:08', '2016-02-22 14:46:08', '6567da8b-5c55-4fdc-83d6-8e9410bfccbe'),
 ('90', '90', 'fr_fr', 'IMG 4390', NULL, NULL, NULL, NULL, NULL, NULL, NULL, NULL, NULL, NULL, NULL, NULL, NULL, NULL, NULL, NULL, NULL, NULL, NULL, NULL, NULL, NULL, NULL, NULL, NULL, NULL, NULL, NULL, NULL, NULL, NULL, NULL, NULL, NULL, NULL, NULL, NULL, NULL, NULL, NULL, NULL, NULL, NULL, NULL, NULL, NULL, NULL, NULL, NULL, NULL, NULL, NULL, NULL, NULL, NULL, NULL, NULL, NULL, NULL, NULL, NULL, NULL, NULL, NULL, NULL, NULL, NULL, NULL, NULL, NULL, NULL, NULL, NULL, NULL, NULL, NULL, NULL, NULL, NULL, NULL, NULL, NULL, NULL, NULL, NULL, NULL, NULL, NULL, NULL, NULL, NULL, NULL, NULL, NULL, NULL, NULL, NULL, NULL, NULL, NULL, NULL, NULL, NULL, NULL, NULL, NULL, NULL, NULL, NULL, NULL, NULL, NULL, NULL, NULL, NULL, NULL, NULL, NULL, NULL, NULL, NULL, NULL, NULL, NULL, NULL, NULL, NULL, NULL, NULL, NULL, '2016-02-22 14:50:12', '2016-02-22 14:50:12', 'f59ea872-0308-4ef6-8654-8ddae431fd18'),
 ('91', '91', 'fr_fr', '08 Janvier 2016', NULL, NULL, NULL, NULL, NULL, NULL, NULL, NULL, NULL, NULL, NULL, NULL, NULL, NULL, NULL, NULL, NULL, NULL, NULL, NULL, NULL, NULL, NULL, NULL, NULL, NULL, NULL, NULL, NULL, NULL, NULL, NULL, NULL, NULL, NULL, NULL, NULL, NULL, NULL, NULL, NULL, NULL, NULL, NULL, NULL, NULL, NULL, NULL, NULL, NULL, NULL, NULL, NULL, NULL, NULL, NULL, NULL, NULL, NULL, NULL, NULL, NULL, NULL, NULL, NULL, NULL, NULL, NULL, NULL, NULL, NULL, NULL, NULL, NULL, NULL, NULL, NULL, NULL, NULL, NULL, NULL, NULL, NULL, NULL, NULL, NULL, NULL, NULL, NULL, NULL, NULL, NULL, NULL, NULL, NULL, NULL, NULL, NULL, NULL, NULL, NULL, NULL, NULL, NULL, NULL, NULL, NULL, NULL, NULL, NULL, NULL, NULL, NULL, NULL, NULL, NULL, NULL, NULL, NULL, NULL, NULL, NULL, NULL, NULL, NULL, NULL, NULL, NULL, 'Animation Beauté chez Before pour la sortie du « Livre Before » saison 1 de l\'incroyable romancière Anna Todd...', '08 Janvier 2016', '2016-02-22 14:51:41', '2016-02-23 23:41:57', '1a590a6d-7c7e-49a5-842a-f822863377d9'),
 ('92', '92', 'fr_fr', 'IMG 4399', NULL, NULL, NULL, NULL, NULL, NULL, NULL, NULL, NULL, NULL, NULL, NULL, NULL, NULL, NULL, NULL, NULL, NULL, NULL, NULL, NULL, NULL, NULL, NULL, NULL, NULL, NULL, NULL, NULL, NULL, NULL, NULL, NULL, NULL, NULL, NULL, NULL, NULL, NULL, NULL, NULL, NULL, NULL, NULL, NULL, NULL, NULL, NULL, NULL, NULL, NULL, NULL, NULL, NULL, NULL, NULL, NULL, NULL, NULL, NULL, NULL, NULL, NULL, NULL, NULL, NULL, NULL, NULL, NULL, NULL, NULL, NULL, NULL, NULL, NULL, NULL, NULL, NULL, NULL, NULL, NULL, NULL, NULL, NULL, NULL, NULL, NULL, NULL, NULL, NULL, NULL, NULL, NULL, NULL, NULL, NULL, NULL, NULL, NULL, NULL, NULL, NULL, NULL, NULL, NULL, NULL, NULL, NULL, NULL, NULL, NULL, NULL, NULL, NULL, NULL, NULL, NULL, NULL, NULL, NULL, NULL, NULL, NULL, NULL, NULL, NULL, NULL, NULL, NULL, NULL, '2016-02-23 17:00:43', '2016-02-23 17:00:43', 'bc7919f5-5e10-44c8-9f11-dfefed1f0968'),
 ('93', '93', 'fr_fr', 'IMG 4404', NULL, NULL, NULL, NULL, NULL, NULL, NULL, NULL, NULL, NULL, NULL, NULL, NULL, NULL, NULL, NULL, NULL, NULL, NULL, NULL, NULL, NULL, NULL, NULL, NULL, NULL, NULL, NULL, NULL, NULL, NULL, NULL, NULL, NULL, NULL, NULL, NULL, NULL, NULL, NULL, NULL, NULL, NULL, NULL, NULL, NULL, NULL, NULL, NULL, NULL, NULL, NULL, NULL, NULL, NULL, NULL, NULL, NULL, NULL, NULL, NULL, NULL, NULL, NULL, NULL, NULL, NULL, NULL, NULL, NULL, NULL, NULL, NULL, NULL, NULL, NULL, NULL, NULL, NULL, NULL, NULL, NULL, NULL, NULL, NULL, NULL, NULL, NULL, NULL, NULL, NULL, NULL, NULL, NULL, NULL, NULL, NULL, NULL, NULL, NULL, NULL, NULL, NULL, NULL, NULL, NULL, NULL, NULL, NULL, NULL, NULL, NULL, NULL, NULL, NULL, NULL, NULL, NULL, NULL, NULL, NULL, NULL, NULL, NULL, NULL, NULL, NULL, NULL, NULL, NULL, '2016-02-23 22:07:25', '2016-02-23 22:07:25', '0f3550a6-d99e-4602-8ae7-1f4700d8498d'),
 ('94', '94', 'fr_fr', 'IMG 4407', NULL, NULL, NULL, NULL, NULL, NULL, NULL, NULL, NULL, NULL, NULL, NULL, NULL, NULL, NULL, NULL, NULL, NULL, NULL, NULL, NULL, NULL, NULL, NULL, NULL, NULL, NULL, NULL, NULL, NULL, NULL, NULL, NULL, NULL, NULL, NULL, NULL, NULL, NULL, NULL, NULL, NULL, NULL, NULL, NULL, NULL, NULL, NULL, NULL, NULL, NULL, NULL, NULL, NULL, NULL, NULL, NULL, NULL, NULL, NULL, NULL, NULL, NULL, NULL, NULL, NULL, NULL, NULL, NULL, NULL, NULL, NULL, NULL, NULL, NULL, NULL, NULL, NULL, NULL, NULL, NULL, NULL, NULL, NULL, NULL, NULL, NULL, NULL, NULL, NULL, NULL, NULL, NULL, NULL, NULL, NULL, NULL, NULL, NULL, NULL, NULL, NULL, NULL, NULL, NULL, NULL, NULL, NULL, NULL, NULL, NULL, NULL, NULL, NULL, NULL, NULL, NULL, NULL, NULL, NULL, NULL, NULL, NULL, NULL, NULL, NULL, NULL, NULL, NULL, NULL, '2016-02-23 22:18:55', '2016-02-23 22:18:55', 'c7b5559f-cf3b-4595-99dd-9e37330228ba'),
 ('95', '95', 'fr_fr', 'IMG 4408', NULL, NULL, NULL, NULL, NULL, NULL, NULL, NULL, NULL, NULL, NULL, NULL, NULL, NULL, NULL, NULL, NULL, NULL, NULL, NULL, NULL, NULL, NULL, NULL, NULL, NULL, NULL, NULL, NULL, NULL, NULL, NULL, NULL, NULL, NULL, NULL, NULL, NULL, NULL, NULL, NULL, NULL, NULL, NULL, NULL, NULL, NULL, NULL, NULL, NULL, NULL, NULL, NULL, NULL, NULL, NULL, NULL, NULL, NULL, NULL, NULL, NULL, NULL, NULL, NULL, NULL, NULL, NULL, NULL, NULL, NULL, NULL, NULL, NULL, NULL, NULL, NULL, NULL, NULL, NULL, NULL, NULL, NULL, NULL, NULL, NULL, NULL, NULL, NULL, NULL, NULL, NULL, NULL, NULL, NULL, NULL, NULL, NULL, NULL, NULL, NULL, NULL, NULL, NULL, NULL, NULL, NULL, NULL, NULL, NULL, NULL, NULL, NULL, NULL, NULL, NULL, NULL, NULL, NULL, NULL, NULL, NULL, NULL, NULL, NULL, NULL, NULL, NULL, NULL, NULL, '2016-02-23 22:26:06', '2016-02-23 22:26:06', 'fb492171-156b-407c-a30b-88f51079bc70'),
 ('96', '96', 'fr_fr', 'IMG 2644', NULL, NULL, NULL, NULL, NULL, NULL, NULL, NULL, NULL, NULL, NULL, NULL, NULL, NULL, NULL, NULL, NULL, NULL, NULL, NULL, NULL, NULL, NULL, NULL, NULL, NULL, NULL, NULL, NULL, NULL, NULL, NULL, NULL, NULL, NULL, NULL, NULL, NULL, NULL, NULL, NULL, NULL, NULL, NULL, NULL, NULL, NULL, NULL, NULL, NULL, NULL, NULL, NULL, NULL, NULL, NULL, NULL, NULL, NULL, NULL, NULL, NULL, NULL, NULL, NULL, NULL, NULL, NULL, NULL, NULL, NULL, NULL, NULL, NULL, NULL, NULL, NULL, NULL, NULL, NULL, NULL, NULL, NULL, NULL, NULL, NULL, NULL, NULL, NULL, NULL, NULL, NULL, NULL, NULL, NULL, NULL, NULL, NULL, NULL, NULL, NULL, NULL, NULL, NULL, NULL, NULL, NULL, NULL, NULL, NULL, NULL, NULL, NULL, NULL, NULL, NULL, NULL, NULL, NULL, NULL, NULL, NULL, NULL, NULL, NULL, NULL, NULL, NULL, NULL, NULL, '2016-02-23 22:30:03', '2016-02-23 22:30:03', 'd192beae-1a8c-42e3-b981-e3d609b87b95'),
 ('97', '97', 'fr_fr', 'IMG 4409', NULL, NULL, NULL, NULL, NULL, NULL, NULL, NULL, NULL, NULL, NULL, NULL, NULL, NULL, NULL, NULL, NULL, NULL, NULL, NULL, NULL, NULL, NULL, NULL, NULL, NULL, NULL, NULL, NULL, NULL, NULL, NULL, NULL, NULL, NULL, NULL, NULL, NULL, NULL, NULL, NULL, NULL, NULL, NULL, NULL, NULL, NULL, NULL, NULL, NULL, NULL, NULL, NULL, NULL, NULL, NULL, NULL, NULL, NULL, NULL, NULL, NULL, NULL, NULL, NULL, NULL, NULL, NULL, NULL, NULL, NULL, NULL, NULL, NULL, NULL, NULL, NULL, NULL, NULL, NULL, NULL, NULL, NULL, NULL, NULL, NULL, NULL, NULL, NULL, NULL, NULL, NULL, NULL, NULL, NULL, NULL, NULL, NULL, NULL, NULL, NULL, NULL, NULL, NULL, NULL, NULL, NULL, NULL, NULL, NULL, NULL, NULL, NULL, NULL, NULL, NULL, NULL, NULL, NULL, NULL, NULL, NULL, NULL, NULL, NULL, NULL, NULL, NULL, NULL, NULL, '2016-02-23 22:35:38', '2016-02-23 22:35:38', '295a16f3-913f-4abf-aa5b-83a5c2b3b6f8'),
 ('98', '98', 'fr_fr', 'IMG 4410', NULL, NULL, NULL, NULL, NULL, NULL, NULL, NULL, NULL, NULL, NULL, NULL, NULL, NULL, NULL, NULL, NULL, NULL, NULL, NULL, NULL, NULL, NULL, NULL, NULL, NULL, NULL, NULL, NULL, NULL, NULL, NULL, NULL, NULL, NULL, NULL, NULL, NULL, NULL, NULL, NULL, NULL, NULL, NULL, NULL, NULL, NULL, NULL, NULL, NULL, NULL, NULL, NULL, NULL, NULL, NULL, NULL, NULL, NULL, NULL, NULL, NULL, NULL, NULL, NULL, NULL, NULL, NULL, NULL, NULL, NULL, NULL, NULL, NULL, NULL, NULL, NULL, NULL, NULL, NULL, NULL, NULL, NULL, NULL, NULL, NULL, NULL, NULL, NULL, NULL, NULL, NULL, NULL, NULL, NULL, NULL, NULL, NULL, NULL, NULL, NULL, NULL, NULL, NULL, NULL, NULL, NULL, NULL, NULL, NULL, NULL, NULL, NULL, NULL, NULL, NULL, NULL, NULL, NULL, NULL, NULL, NULL, NULL, NULL, NULL, NULL, NULL, NULL, NULL, NULL, '2016-02-23 23:37:52', '2016-02-23 23:37:52', '8d4b6cf2-f4c6-4596-bd45-92831d103e72'),
 ('99', '99', 'fr_fr', '12 Mars & 08 Avril 2015', NULL, NULL, NULL, NULL, NULL, NULL, NULL, NULL, NULL, NULL, NULL, NULL, NULL, NULL, NULL, NULL, NULL, NULL, NULL, NULL, NULL, NULL, NULL, NULL, NULL, NULL, NULL, NULL, NULL, NULL, NULL, NULL, NULL, NULL, NULL, NULL, NULL, NULL, NULL, NULL, NULL, NULL, NULL, NULL, NULL, NULL, NULL, NULL, NULL, NULL, NULL, NULL, NULL, NULL, NULL, NULL, NULL, NULL, NULL, NULL, NULL, NULL, NULL, NULL, NULL, NULL, NULL, NULL, NULL, NULL, NULL, NULL, NULL, NULL, NULL, NULL, NULL, NULL, NULL, NULL, NULL, NULL, NULL, NULL, NULL, NULL, NULL, NULL, NULL, NULL, NULL, NULL, NULL, NULL, NULL, NULL, NULL, NULL, NULL, NULL, NULL, NULL, NULL, NULL, NULL, NULL, NULL, NULL, NULL, NULL, NULL, NULL, NULL, NULL, NULL, NULL, NULL, NULL, NULL, NULL, NULL, NULL, NULL, NULL, NULL, NULL, NULL, NULL, 'Bar à Maquillage & Nail Bar by Before pour la soirée des \"Nouvelles Collections\" chez Comptoir des Cotonniers...', '12 Mars & 08 Avril 2015', '2016-02-23 23:37:56', '2016-02-23 23:42:15', 'cce86f62-c751-453f-b264-4f0021fd52eb'),
 ('100', '100', 'fr_fr', '22 Mai 2015', NULL, NULL, NULL, NULL, NULL, NULL, NULL, NULL, NULL, NULL, NULL, NULL, NULL, NULL, NULL, NULL, NULL, NULL, NULL, NULL, NULL, NULL, NULL, NULL, NULL, NULL, NULL, NULL, NULL, NULL, NULL, NULL, NULL, NULL, NULL, NULL, NULL, NULL, NULL, NULL, NULL, NULL, NULL, NULL, NULL, NULL, NULL, NULL, NULL, NULL, NULL, NULL, NULL, NULL, NULL, NULL, NULL, NULL, NULL, NULL, NULL, NULL, NULL, NULL, NULL, NULL, NULL, NULL, NULL, NULL, NULL, NULL, NULL, NULL, NULL, NULL, NULL, NULL, NULL, NULL, NULL, NULL, NULL, NULL, NULL, NULL, NULL, NULL, NULL, NULL, NULL, NULL, NULL, NULL, NULL, NULL, NULL, NULL, NULL, NULL, NULL, NULL, NULL, NULL, NULL, NULL, NULL, NULL, NULL, NULL, NULL, NULL, NULL, NULL, NULL, NULL, NULL, NULL, NULL, NULL, NULL, NULL, NULL, NULL, NULL, NULL, NULL, NULL, 'Animation Nail Bar au Molitor à l\'occasion de la sortie du \"Bleu Molitor\" by Essie Pro...', '22 Mai 2015', '2016-02-24 00:12:40', '2016-02-24 08:05:02', '8d8761c6-a130-41b6-8648-2bac01646e28'),
 ('101', '101', 'fr_fr', 'image', NULL, NULL, NULL, NULL, NULL, NULL, NULL, NULL, NULL, NULL, NULL, NULL, NULL, NULL, NULL, NULL, NULL, NULL, NULL, NULL, NULL, NULL, NULL, NULL, NULL, NULL, NULL, NULL, NULL, NULL, NULL, NULL, NULL, NULL, NULL, NULL, NULL, NULL, NULL, NULL, NULL, NULL, NULL, NULL, NULL, NULL, NULL, NULL, NULL, NULL, NULL, NULL, NULL, NULL, NULL, NULL, NULL, NULL, NULL, NULL, NULL, NULL, NULL, NULL, NULL, NULL, NULL, NULL, NULL, NULL, NULL, NULL, NULL, NULL, NULL, NULL, NULL, NULL, NULL, NULL, NULL, NULL, NULL, NULL, NULL, NULL, NULL, NULL, NULL, NULL, NULL, NULL, NULL, NULL, NULL, NULL, NULL, NULL, NULL, NULL, NULL, NULL, NULL, NULL, NULL, NULL, NULL, NULL, NULL, NULL, NULL, NULL, NULL, NULL, NULL, NULL, NULL, NULL, NULL, NULL, NULL, NULL, NULL, NULL, NULL, NULL, NULL, NULL, NULL, NULL, '2016-02-24 00:13:26', '2016-03-20 00:27:58', 'd9927255-e34b-4045-8b70-8006ea86c3b1'),
 ('102', '102', 'fr_fr', 'image 1', NULL, NULL, NULL, NULL, NULL, NULL, NULL, NULL, NULL, NULL, NULL, NULL, NULL, NULL, NULL, NULL, NULL, NULL, NULL, NULL, NULL, NULL, NULL, NULL, NULL, NULL, NULL, NULL, NULL, NULL, NULL, NULL, NULL, NULL, NULL, NULL, NULL, NULL, NULL, NULL, NULL, NULL, NULL, NULL, NULL, NULL, NULL, NULL, NULL, NULL, NULL, NULL, NULL, NULL, NULL, NULL, NULL, NULL, NULL, NULL, NULL, NULL, NULL, NULL, NULL, NULL, NULL, NULL, NULL, NULL, NULL, NULL, NULL, NULL, NULL, NULL, NULL, NULL, NULL, NULL, NULL, NULL, NULL, NULL, NULL, NULL, NULL, NULL, NULL, NULL, NULL, NULL, NULL, NULL, NULL, NULL, NULL, NULL, NULL, NULL, NULL, NULL, NULL, NULL, NULL, NULL, NULL, NULL, NULL, NULL, NULL, NULL, NULL, NULL, NULL, NULL, NULL, NULL, NULL, NULL, NULL, NULL, NULL, NULL, NULL, NULL, NULL, NULL, NULL, NULL, '2016-02-24 08:04:43', '2016-02-24 08:04:43', '5cd17436-0172-46b1-b884-73d40e29f3bb'),
 ('103', '103', 'fr_fr', 'image 2', NULL, NULL, NULL, NULL, NULL, NULL, NULL, NULL, NULL, NULL, NULL, NULL, NULL, NULL, NULL, NULL, NULL, NULL, NULL, NULL, NULL, NULL, NULL, NULL, NULL, NULL, NULL, NULL, NULL, NULL, NULL, NULL, NULL, NULL, NULL, NULL, NULL, NULL, NULL, NULL, NULL, NULL, NULL, NULL, NULL, NULL, NULL, NULL, NULL, NULL, NULL, NULL, NULL, NULL, NULL, NULL, NULL, NULL, NULL, NULL, NULL, NULL, NULL, NULL, NULL, NULL, NULL, NULL, NULL, NULL, NULL, NULL, NULL, NULL, NULL, NULL, NULL, NULL, NULL, NULL, NULL, NULL, NULL, NULL, NULL, NULL, NULL, NULL, NULL, NULL, NULL, NULL, NULL, NULL, NULL, NULL, NULL, NULL, NULL, NULL, NULL, NULL, NULL, NULL, NULL, NULL, NULL, NULL, NULL, NULL, NULL, NULL, NULL, NULL, NULL, NULL, NULL, NULL, NULL, NULL, NULL, NULL, NULL, NULL, NULL, NULL, NULL, NULL, NULL, NULL, '2016-02-24 08:59:07', '2016-02-24 08:59:07', '5c85f01d-1784-4293-9787-d99fbd20e2b3'),
 ('104', '104', 'fr_fr', 'IMG 4422', NULL, NULL, NULL, NULL, NULL, NULL, NULL, NULL, NULL, NULL, NULL, NULL, NULL, NULL, NULL, NULL, NULL, NULL, NULL, NULL, NULL, NULL, NULL, NULL, NULL, NULL, NULL, NULL, NULL, NULL, NULL, NULL, NULL, NULL, NULL, NULL, NULL, NULL, NULL, NULL, NULL, NULL, NULL, NULL, NULL, NULL, NULL, NULL, NULL, NULL, NULL, NULL, NULL, NULL, NULL, NULL, NULL, NULL, NULL, NULL, NULL, NULL, NULL, NULL, NULL, NULL, NULL, NULL, NULL, NULL, NULL, NULL, NULL, NULL, NULL, NULL, NULL, NULL, NULL, NULL, NULL, NULL, NULL, NULL, NULL, NULL, NULL, NULL, NULL, NULL, NULL, NULL, NULL, NULL, NULL, NULL, NULL, NULL, NULL, NULL, NULL, NULL, NULL, NULL, NULL, NULL, NULL, NULL, NULL, NULL, NULL, NULL, NULL, NULL, NULL, NULL, NULL, NULL, NULL, NULL, NULL, NULL, NULL, NULL, NULL, NULL, NULL, NULL, NULL, NULL, '2016-02-24 09:16:49', '2016-02-24 09:16:49', '9662e28e-ec6f-4fcd-a953-1fa3af6b5425'),
 ('105', '105', 'fr_fr', '06 Octobre 2014', NULL, NULL, NULL, NULL, NULL, NULL, NULL, NULL, NULL, NULL, NULL, NULL, NULL, NULL, NULL, NULL, NULL, NULL, NULL, NULL, NULL, NULL, NULL, NULL, NULL, NULL, NULL, NULL, NULL, NULL, NULL, NULL, NULL, NULL, NULL, NULL, NULL, NULL, NULL, NULL, NULL, NULL, NULL, NULL, NULL, NULL, NULL, NULL, NULL, NULL, NULL, NULL, NULL, NULL, NULL, NULL, NULL, NULL, NULL, NULL, NULL, NULL, NULL, NULL, NULL, NULL, NULL, NULL, NULL, NULL, NULL, NULL, NULL, NULL, NULL, NULL, NULL, NULL, NULL, NULL, NULL, NULL, NULL, NULL, NULL, NULL, NULL, NULL, NULL, NULL, NULL, NULL, NULL, NULL, NULL, NULL, NULL, NULL, NULL, NULL, NULL, NULL, NULL, NULL, NULL, NULL, NULL, NULL, NULL, NULL, NULL, NULL, NULL, NULL, NULL, NULL, NULL, NULL, NULL, NULL, NULL, NULL, NULL, NULL, NULL, NULL, NULL, NULL, 'Maquillage, Coiffure & Manucure pour tournage et presse de \"Femme Actuelle\": nouvelle identité visuelle des \"ampoules coup d\'éclat\" by Asepta. ', '06 Octobre 2014', '2016-02-24 09:16:54', '2016-03-05 15:02:16', 'aa307cc4-de51-439b-aed7-9ca88808fdc0'),
 ('106', '106', 'fr_fr', '2BEC94A6-716E-44F8-9B7D-46B0FEDEB335', NULL, NULL, NULL, NULL, NULL, NULL, NULL, NULL, NULL, NULL, NULL, NULL, NULL, NULL, NULL, NULL, NULL, NULL, NULL, NULL, NULL, NULL, NULL, NULL, NULL, NULL, NULL, NULL, NULL, NULL, NULL, NULL, NULL, NULL, NULL, NULL, NULL, NULL, NULL, NULL, NULL, NULL, NULL, NULL, NULL, NULL, NULL, NULL, NULL, NULL, NULL, NULL, NULL, NULL, NULL, NULL, NULL, NULL, NULL, NULL, NULL, NULL, NULL, NULL, NULL, NULL, NULL, NULL, NULL, NULL, NULL, NULL, NULL, NULL, NULL, NULL, NULL, NULL, NULL, NULL, NULL, NULL, NULL, NULL, NULL, NULL, NULL, NULL, NULL, NULL, NULL, NULL, NULL, NULL, NULL, NULL, NULL, NULL, NULL, NULL, NULL, NULL, NULL, NULL, NULL, NULL, NULL, NULL, NULL, NULL, NULL, NULL, NULL, NULL, NULL, NULL, NULL, NULL, NULL, NULL, NULL, NULL, NULL, NULL, NULL, NULL, NULL, NULL, NULL, NULL, '2016-03-05 15:20:45', '2016-03-05 15:20:45', '1c8dfeb5-cad0-43ba-b4c1-dae170ff1e48'),
 ('107', '107', 'fr_fr', '07 AVRIL 2015', NULL, NULL, NULL, NULL, NULL, NULL, NULL, NULL, NULL, NULL, NULL, NULL, NULL, NULL, NULL, NULL, NULL, NULL, NULL, NULL, NULL, NULL, NULL, NULL, NULL, NULL, NULL, NULL, NULL, NULL, NULL, NULL, NULL, NULL, NULL, NULL, NULL, NULL, NULL, NULL, NULL, NULL, NULL, NULL, NULL, NULL, NULL, NULL, NULL, NULL, NULL, NULL, NULL, NULL, NULL, NULL, NULL, NULL, NULL, NULL, NULL, NULL, NULL, NULL, NULL, NULL, NULL, NULL, NULL, NULL, NULL, NULL, NULL, NULL, NULL, NULL, NULL, NULL, NULL, NULL, NULL, NULL, NULL, NULL, NULL, NULL, NULL, NULL, NULL, NULL, NULL, NULL, NULL, NULL, NULL, NULL, NULL, NULL, NULL, NULL, NULL, NULL, NULL, NULL, NULL, NULL, NULL, NULL, NULL, NULL, NULL, NULL, NULL, NULL, NULL, NULL, NULL, NULL, NULL, NULL, NULL, NULL, NULL, NULL, NULL, NULL, NULL, NULL, 'Animation Nail Bar dans le prestigieux Spa de l\'hôtel Burgundy pour le lancement de la collection \"SPRING\" by Essie pro...', '07 AVRIL 2015', '2016-03-05 15:20:50', '2016-03-05 15:20:50', '198758ba-2c22-4579-aeb7-0dcb6c24f00f'),
 ('108', '108', 'fr_fr', 'image 3', NULL, NULL, NULL, NULL, NULL, NULL, NULL, NULL, NULL, NULL, NULL, NULL, NULL, NULL, NULL, NULL, NULL, NULL, NULL, NULL, NULL, NULL, NULL, NULL, NULL, NULL, NULL, NULL, NULL, NULL, NULL, NULL, NULL, NULL, NULL, NULL, NULL, NULL, NULL, NULL, NULL, NULL, NULL, NULL, NULL, NULL, NULL, NULL, NULL, NULL, NULL, NULL, NULL, NULL, NULL, NULL, NULL, NULL, NULL, NULL, NULL, NULL, NULL, NULL, NULL, NULL, NULL, NULL, NULL, NULL, NULL, NULL, NULL, NULL, NULL, NULL, NULL, NULL, NULL, NULL, NULL, NULL, NULL, NULL, NULL, NULL, NULL, NULL, NULL, NULL, NULL, NULL, NULL, NULL, NULL, NULL, NULL, NULL, NULL, NULL, NULL, NULL, NULL, NULL, NULL, NULL, NULL, NULL, NULL, NULL, NULL, NULL, NULL, NULL, NULL, NULL, NULL, NULL, NULL, NULL, NULL, NULL, NULL, NULL, NULL, NULL, NULL, NULL, NULL, NULL, '2016-03-07 20:35:32', '2016-03-07 20:35:32', '67015a7d-5615-4878-a3f2-3379c563f71d'),
 ('109', '109', 'fr_fr', '08 Mars 2016', NULL, NULL, NULL, NULL, NULL, NULL, NULL, NULL, NULL, NULL, NULL, NULL, NULL, NULL, NULL, NULL, NULL, NULL, NULL, NULL, NULL, NULL, NULL, NULL, NULL, NULL, NULL, NULL, NULL, NULL, NULL, NULL, NULL, NULL, NULL, NULL, NULL, NULL, NULL, NULL, NULL, NULL, NULL, NULL, NULL, NULL, NULL, NULL, NULL, NULL, NULL, NULL, NULL, NULL, NULL, NULL, NULL, NULL, NULL, NULL, NULL, NULL, NULL, NULL, NULL, NULL, NULL, NULL, NULL, NULL, NULL, NULL, NULL, NULL, NULL, NULL, NULL, NULL, NULL, NULL, NULL, NULL, NULL, NULL, NULL, NULL, NULL, NULL, NULL, NULL, NULL, NULL, NULL, NULL, NULL, NULL, NULL, NULL, NULL, NULL, NULL, NULL, NULL, NULL, NULL, NULL, NULL, NULL, NULL, NULL, NULL, NULL, NULL, NULL, NULL, NULL, NULL, NULL, NULL, NULL, NULL, NULL, NULL, NULL, NULL, NULL, NULL, NULL, 'Animation beauté pour BCBGMAXAZRIA à l\'occasion de la Journée Internationale de le Femme...', '08 Mars 2016', '2016-03-07 20:36:16', '2016-03-20 00:38:39', 'f8019821-fe73-412e-a9de-10c5c59a0be3'),
 ('111', '111', 'fr_fr', '19 Mars 2016', NULL, NULL, NULL, NULL, NULL, NULL, NULL, NULL, NULL, NULL, NULL, NULL, NULL, NULL, NULL, NULL, NULL, NULL, NULL, NULL, NULL, NULL, NULL, NULL, NULL, NULL, NULL, NULL, NULL, NULL, NULL, NULL, NULL, NULL, NULL, NULL, NULL, NULL, NULL, NULL, NULL, NULL, NULL, NULL, NULL, NULL, NULL, NULL, NULL, NULL, NULL, NULL, NULL, NULL, NULL, NULL, NULL, NULL, NULL, NULL, NULL, NULL, NULL, NULL, NULL, NULL, NULL, NULL, NULL, NULL, NULL, NULL, NULL, NULL, NULL, NULL, NULL, NULL, NULL, NULL, NULL, NULL, NULL, NULL, NULL, NULL, NULL, NULL, NULL, NULL, NULL, NULL, NULL, NULL, NULL, NULL, NULL, NULL, NULL, NULL, NULL, NULL, NULL, NULL, NULL, NULL, NULL, NULL, NULL, NULL, NULL, NULL, NULL, NULL, NULL, NULL, NULL, NULL, NULL, NULL, NULL, NULL, NULL, NULL, NULL, NULL, NULL, NULL, 'Animation beauté pour Paulie and me... Concept Store trendy qui met à l\'honneur des créateurs de talent...', '19 Mars 2016', '2016-03-20 00:28:15', '2016-03-20 00:29:52', 'b741da4f-0f2e-4437-b03c-9247f06d1dc9'),
 ('112', '112', 'fr_fr', 'image 4', NULL, NULL, NULL, NULL, NULL, NULL, NULL, NULL, NULL, NULL, NULL, NULL, NULL, NULL, NULL, NULL, NULL, NULL, NULL, NULL, NULL, NULL, NULL, NULL, NULL, NULL, NULL, NULL, NULL, NULL, NULL, NULL, NULL, NULL, NULL, NULL, NULL, NULL, NULL, NULL, NULL, NULL, NULL, NULL, NULL, NULL, NULL, NULL, NULL, NULL, NULL, NULL, NULL, NULL, NULL, NULL, NULL, NULL, NULL, NULL, NULL, NULL, NULL, NULL, NULL, NULL, NULL, NULL, NULL, NULL, NULL, NULL, NULL, NULL, NULL, NULL, NULL, NULL, NULL, NULL, NULL, NULL, NULL, NULL, NULL, NULL, NULL, NULL, NULL, NULL, NULL, NULL, NULL, NULL, NULL, NULL, NULL, NULL, NULL, NULL, NULL, NULL, NULL, NULL, NULL, NULL, NULL, NULL, NULL, NULL, NULL, NULL, NULL, NULL, NULL, NULL, NULL, NULL, NULL, NULL, NULL, NULL, NULL, NULL, NULL, NULL, NULL, NULL, NULL, NULL, '2016-03-20 00:38:28', '2016-03-20 00:38:28', '3afd630c-bb8d-4df8-bfe0-2c9b464858b3'),
 ('113', '113', 'fr_fr', 'image 5', NULL, NULL, NULL, NULL, NULL, NULL, NULL, NULL, NULL, NULL, NULL, NULL, NULL, NULL, NULL, NULL, NULL, NULL, NULL, NULL, NULL, NULL, NULL, NULL, NULL, NULL, NULL, NULL, NULL, NULL, NULL, NULL, NULL, NULL, NULL, NULL, NULL, NULL, NULL, NULL, NULL, NULL, NULL, NULL, NULL, NULL, NULL, NULL, NULL, NULL, NULL, NULL, NULL, NULL, NULL, NULL, NULL, NULL, NULL, NULL, NULL, NULL, NULL, NULL, NULL, NULL, NULL, NULL, NULL, NULL, NULL, NULL, NULL, NULL, NULL, NULL, NULL, NULL, NULL, NULL, NULL, NULL, NULL, NULL, NULL, NULL, NULL, NULL, NULL, NULL, NULL, NULL, NULL, NULL, NULL, NULL, NULL, NULL, NULL, NULL, NULL, NULL, NULL, NULL, NULL, NULL, NULL, NULL, NULL, NULL, NULL, NULL, NULL, NULL, NULL, NULL, NULL, NULL, NULL, NULL, NULL, NULL, NULL, NULL, NULL, NULL, NULL, NULL, NULL, NULL, '2016-03-24 07:49:21', '2016-03-24 07:49:21', '8b47c833-644e-48a4-8b95-e4c760e7263a'),
 ('114', '114', 'fr_fr', '26 Janvier 2016', NULL, NULL, NULL, NULL, NULL, NULL, NULL, NULL, NULL, NULL, NULL, NULL, NULL, NULL, NULL, NULL, NULL, NULL, NULL, NULL, NULL, NULL, NULL, NULL, NULL, NULL, NULL, NULL, NULL, NULL, NULL, NULL, NULL, NULL, NULL, NULL, NULL, NULL, NULL, NULL, NULL, NULL, NULL, NULL, NULL, NULL, NULL, NULL, NULL, NULL, NULL, NULL, NULL, NULL, NULL, NULL, NULL, NULL, NULL, NULL, NULL, NULL, NULL, NULL, NULL, NULL, NULL, NULL, NULL, NULL, NULL, NULL, NULL, NULL, NULL, NULL, NULL, NULL, NULL, NULL, NULL, NULL, NULL, NULL, NULL, NULL, NULL, NULL, NULL, NULL, NULL, NULL, NULL, NULL, NULL, NULL, NULL, NULL, NULL, NULL, NULL, NULL, NULL, NULL, NULL, NULL, NULL, NULL, NULL, NULL, NULL, NULL, NULL, NULL, NULL, NULL, NULL, NULL, NULL, NULL, NULL, NULL, NULL, NULL, NULL, NULL, NULL, NULL, 'Shooting pour la marque Fiabila. Toutes les manucures graphiques pour la nouvelle identité visuelle ont été réalisées par Before Beauty Bar...', '26 Janvier 2016', '2016-03-24 07:50:12', '2016-03-24 07:50:12', '603d7889-b219-45b3-909c-e69b12abe9d8'),
 ('115', '115', 'fr_fr', 'image 6', NULL, NULL, NULL, NULL, NULL, NULL, NULL, NULL, NULL, NULL, NULL, NULL, NULL, NULL, NULL, NULL, NULL, NULL, NULL, NULL, NULL, NULL, NULL, NULL, NULL, NULL, NULL, NULL, NULL, NULL, NULL, NULL, NULL, NULL, NULL, NULL, NULL, NULL, NULL, NULL, NULL, NULL, NULL, NULL, NULL, NULL, NULL, NULL, NULL, NULL, NULL, NULL, NULL, NULL, NULL, NULL, NULL, NULL, NULL, NULL, NULL, NULL, NULL, NULL, NULL, NULL, NULL, NULL, NULL, NULL, NULL, NULL, NULL, NULL, NULL, NULL, NULL, NULL, NULL, NULL, NULL, NULL, NULL, NULL, NULL, NULL, NULL, NULL, NULL, NULL, NULL, NULL, NULL, NULL, NULL, NULL, NULL, NULL, NULL, NULL, NULL, NULL, NULL, NULL, NULL, NULL, NULL, NULL, NULL, NULL, NULL, NULL, NULL, NULL, NULL, NULL, NULL, NULL, NULL, NULL, NULL, NULL, NULL, NULL, NULL, NULL, NULL, NULL, NULL, NULL, '2016-03-30 07:43:02', '2016-03-30 07:43:02', 'b602ce66-52a2-4838-8388-3ab1a50f96e9'),
 ('116', '116', 'fr_fr', '29 Mars 2016', NULL, NULL, NULL, NULL, NULL, NULL, NULL, NULL, NULL, NULL, NULL, NULL, NULL, NULL, NULL, NULL, NULL, NULL, NULL, NULL, NULL, NULL, NULL, NULL, NULL, NULL, NULL, NULL, NULL, NULL, NULL, NULL, NULL, NULL, NULL, NULL, NULL, NULL, NULL, NULL, NULL, NULL, NULL, NULL, NULL, NULL, NULL, NULL, NULL, NULL, NULL, NULL, NULL, NULL, NULL, NULL, NULL, NULL, NULL, NULL, NULL, NULL, NULL, NULL, NULL, NULL, NULL, NULL, NULL, NULL, NULL, NULL, NULL, NULL, NULL, NULL, NULL, NULL, NULL, NULL, NULL, NULL, NULL, NULL, NULL, NULL, NULL, NULL, NULL, NULL, NULL, NULL, NULL, NULL, NULL, NULL, NULL, NULL, NULL, NULL, NULL, NULL, NULL, NULL, NULL, NULL, NULL, NULL, NULL, NULL, NULL, NULL, NULL, NULL, NULL, NULL, NULL, NULL, NULL, NULL, NULL, NULL, NULL, NULL, NULL, NULL, NULL, NULL, 'Animation Coiffure, Make Up & Nail Bar by Before pour la soirée les \"Escales\" au Bastille Design Center organisée par \"All Around The Girl\"...', '29 Mars 2016', '2016-03-30 07:43:17', '2016-03-30 07:43:17', '6526cb6b-08b2-4909-82f5-4969cb169f65'),
 ('117', '117', 'fr_fr', '30 Mars 2016', NULL, NULL, NULL, NULL, NULL, NULL, NULL, NULL, NULL, NULL, NULL, NULL, NULL, NULL, NULL, NULL, NULL, NULL, NULL, NULL, NULL, NULL, NULL, NULL, NULL, NULL, NULL, NULL, NULL, NULL, NULL, NULL, NULL, NULL, NULL, NULL, NULL, NULL, NULL, NULL, NULL, NULL, NULL, NULL, NULL, NULL, NULL, NULL, NULL, NULL, NULL, NULL, NULL, NULL, NULL, NULL, NULL, NULL, NULL, NULL, NULL, NULL, NULL, NULL, NULL, NULL, NULL, NULL, NULL, NULL, NULL, NULL, NULL, NULL, NULL, NULL, NULL, NULL, NULL, NULL, NULL, NULL, NULL, NULL, NULL, NULL, NULL, NULL, NULL, NULL, NULL, NULL, NULL, NULL, NULL, NULL, NULL, NULL, NULL, NULL, NULL, NULL, NULL, NULL, NULL, NULL, NULL, NULL, NULL, NULL, NULL, NULL, NULL, NULL, NULL, NULL, NULL, NULL, NULL, NULL, NULL, NULL, NULL, NULL, NULL, NULL, NULL, NULL, 'Tuto \"Manucure Japonaise\" by Before  pour les Reines du Shopping et Cristina Cordula...', '30 Mars 2016', '2016-03-30 11:49:02', '2016-03-30 11:51:28', 'b1043650-c7db-41f5-bcd0-3def39f8fb23'),
 ('118', '118', 'fr_fr', 'image 7', NULL, NULL, NULL, NULL, NULL, NULL, NULL, NULL, NULL, NULL, NULL, NULL, NULL, NULL, NULL, NULL, NULL, NULL, NULL, NULL, NULL, NULL, NULL, NULL, NULL, NULL, NULL, NULL, NULL, NULL, NULL, NULL, NULL, NULL, NULL, NULL, NULL, NULL, NULL, NULL, NULL, NULL, NULL, NULL, NULL, NULL, NULL, NULL, NULL, NULL, NULL, NULL, NULL, NULL, NULL, NULL, NULL, NULL, NULL, NULL, NULL, NULL, NULL, NULL, NULL, NULL, NULL, NULL, NULL, NULL, NULL, NULL, NULL, NULL, NULL, NULL, NULL, NULL, NULL, NULL, NULL, NULL, NULL, NULL, NULL, NULL, NULL, NULL, NULL, NULL, NULL, NULL, NULL, NULL, NULL, NULL, NULL, NULL, NULL, NULL, NULL, NULL, NULL, NULL, NULL, NULL, NULL, NULL, NULL, NULL, NULL, NULL, NULL, NULL, NULL, NULL, NULL, NULL, NULL, NULL, NULL, NULL, NULL, NULL, NULL, NULL, NULL, NULL, NULL, NULL, '2016-03-30 11:51:19', '2016-03-30 11:51:19', 'bf982960-6565-4754-b7d9-03fa8bfd9dc0'),
 ('119', '119', 'fr_fr', 'image 8', NULL, NULL, NULL, NULL, NULL, NULL, NULL, NULL, NULL, NULL, NULL, NULL, NULL, NULL, NULL, NULL, NULL, NULL, NULL, NULL, NULL, NULL, NULL, NULL, NULL, NULL, NULL, NULL, NULL, NULL, NULL, NULL, NULL, NULL, NULL, NULL, NULL, NULL, NULL, NULL, NULL, NULL, NULL, NULL, NULL, NULL, NULL, NULL, NULL, NULL, NULL, NULL, NULL, NULL, NULL, NULL, NULL, NULL, NULL, NULL, NULL, NULL, NULL, NULL, NULL, NULL, NULL, NULL, NULL, NULL, NULL, NULL, NULL, NULL, NULL, NULL, NULL, NULL, NULL, NULL, NULL, NULL, NULL, NULL, NULL, NULL, NULL, NULL, NULL, NULL, NULL, NULL, NULL, NULL, NULL, NULL, NULL, NULL, NULL, NULL, NULL, NULL, NULL, NULL, NULL, NULL, NULL, NULL, NULL, NULL, NULL, NULL, NULL, NULL, NULL, NULL, NULL, NULL, NULL, NULL, NULL, NULL, NULL, NULL, NULL, NULL, NULL, NULL, NULL, NULL, '2016-04-04 18:52:01', '2016-04-04 18:52:01', '4d452672-9baa-47b4-afce-6542d29d70d9'),
 ('120', '120', 'fr_fr', '02, 03 & 04 Avril 2016', NULL, NULL, NULL, NULL, NULL, NULL, NULL, NULL, NULL, NULL, NULL, NULL, NULL, NULL, NULL, NULL, NULL, NULL, NULL, NULL, NULL, NULL, NULL, NULL, NULL, NULL, NULL, NULL, NULL, NULL, NULL, NULL, NULL, NULL, NULL, NULL, NULL, NULL, NULL, NULL, NULL, NULL, NULL, NULL, NULL, NULL, NULL, NULL, NULL, NULL, NULL, NULL, NULL, NULL, NULL, NULL, NULL, NULL, NULL, NULL, NULL, NULL, NULL, NULL, NULL, NULL, NULL, NULL, NULL, NULL, NULL, NULL, NULL, NULL, NULL, NULL, NULL, NULL, NULL, NULL, NULL, NULL, NULL, NULL, NULL, NULL, NULL, NULL, NULL, NULL, NULL, NULL, NULL, NULL, NULL, NULL, NULL, NULL, NULL, NULL, NULL, NULL, NULL, NULL, NULL, NULL, NULL, NULL, NULL, NULL, NULL, NULL, NULL, NULL, NULL, NULL, NULL, NULL, NULL, NULL, NULL, NULL, NULL, NULL, NULL, NULL, NULL, NULL, 'Partenaire de FLEXYBEAUTY sur le Congrès International de l\'Esthétique & Spa 2016...', '02, 03 & 04 Avril 2016', '2016-04-04 18:52:16', '2016-04-04 18:52:16', '38be5b4c-237e-4fd3-a86d-f992aab582d1'),
 ('121', '121', 'fr_fr', 'image 9', NULL, NULL, NULL, NULL, NULL, NULL, NULL, NULL, NULL, NULL, NULL, NULL, NULL, NULL, NULL, NULL, NULL, NULL, NULL, NULL, NULL, NULL, NULL, NULL, NULL, NULL, NULL, NULL, NULL, NULL, NULL, NULL, NULL, NULL, NULL, NULL, NULL, NULL, NULL, NULL, NULL, NULL, NULL, NULL, NULL, NULL, NULL, NULL, NULL, NULL, NULL, NULL, NULL, NULL, NULL, NULL, NULL, NULL, NULL, NULL, NULL, NULL, NULL, NULL, NULL, NULL, NULL, NULL, NULL, NULL, NULL, NULL, NULL, NULL, NULL, NULL, NULL, NULL, NULL, NULL, NULL, NULL, NULL, NULL, NULL, NULL, NULL, NULL, NULL, NULL, NULL, NULL, NULL, NULL, NULL, NULL, NULL, NULL, NULL, NULL, NULL, NULL, NULL, NULL, NULL, NULL, NULL, NULL, NULL, NULL, NULL, NULL, NULL, NULL, NULL, NULL, NULL, NULL, NULL, NULL, NULL, NULL, NULL, NULL, NULL, NULL, NULL, NULL, NULL, NULL, '2016-04-08 20:59:41', '2016-04-08 20:59:41', '664e3661-3c36-47e4-aedc-741043911818'),
 ('122', '122', 'fr_fr', '09 Avril 2016', NULL, NULL, NULL, NULL, NULL, NULL, NULL, NULL, NULL, NULL, NULL, NULL, NULL, NULL, NULL, NULL, NULL, NULL, NULL, NULL, NULL, NULL, NULL, NULL, NULL, NULL, NULL, NULL, NULL, NULL, NULL, NULL, NULL, NULL, NULL, NULL, NULL, NULL, NULL, NULL, NULL, NULL, NULL, NULL, NULL, NULL, NULL, NULL, NULL, NULL, NULL, NULL, NULL, NULL, NULL, NULL, NULL, NULL, NULL, NULL, NULL, NULL, NULL, NULL, NULL, NULL, NULL, NULL, NULL, NULL, NULL, NULL, NULL, NULL, NULL, NULL, NULL, NULL, NULL, NULL, NULL, NULL, NULL, NULL, NULL, NULL, NULL, NULL, NULL, NULL, NULL, NULL, NULL, NULL, NULL, NULL, NULL, NULL, NULL, NULL, NULL, NULL, NULL, NULL, NULL, NULL, NULL, NULL, NULL, NULL, NULL, NULL, NULL, NULL, NULL, NULL, NULL, NULL, NULL, NULL, NULL, NULL, NULL, NULL, NULL, NULL, NULL, NULL, 'Animation Beauté \"Le Bar à Tresse by Before\" pour l\'incontournable Centre Commercial \"Les Passages\" à Boulogne...', '09 Avril 2016', '2016-04-08 20:59:55', '2016-04-08 20:59:55', '5a96a510-b1be-4a84-bbad-9caff3564de4'),
 ('123', '123', 'fr_fr', 'image 10', NULL, NULL, NULL, NULL, NULL, NULL, NULL, NULL, NULL, NULL, NULL, NULL, NULL, NULL, NULL, NULL, NULL, NULL, NULL, NULL, NULL, NULL, NULL, NULL, NULL, NULL, NULL, NULL, NULL, NULL, NULL, NULL, NULL, NULL, NULL, NULL, NULL, NULL, NULL, NULL, NULL, NULL, NULL, NULL, NULL, NULL, NULL, NULL, NULL, NULL, NULL, NULL, NULL, NULL, NULL, NULL, NULL, NULL, NULL, NULL, NULL, NULL, NULL, NULL, NULL, NULL, NULL, NULL, NULL, NULL, NULL, NULL, NULL, NULL, NULL, NULL, NULL, NULL, NULL, NULL, NULL, NULL, NULL, NULL, NULL, NULL, NULL, NULL, NULL, NULL, NULL, NULL, NULL, NULL, NULL, NULL, NULL, NULL, NULL, NULL, NULL, NULL, NULL, NULL, NULL, NULL, NULL, NULL, NULL, NULL, NULL, NULL, NULL, NULL, NULL, NULL, NULL, NULL, NULL, NULL, NULL, NULL, NULL, NULL, NULL, NULL, NULL, NULL, NULL, NULL, '2016-05-26 22:42:44', '2016-05-26 22:42:44', '56aafb89-b4d1-4ef7-8dcd-286e56567d3e'),
 ('124', '124', 'fr_fr', '26 Mai 2016', NULL, NULL, NULL, NULL, NULL, NULL, NULL, NULL, NULL, NULL, NULL, NULL, NULL, NULL, NULL, NULL, NULL, NULL, NULL, NULL, NULL, NULL, NULL, NULL, NULL, NULL, NULL, NULL, NULL, NULL, NULL, NULL, NULL, NULL, NULL, NULL, NULL, NULL, NULL, NULL, NULL, NULL, NULL, NULL, NULL, NULL, NULL, NULL, NULL, NULL, NULL, NULL, NULL, NULL, NULL, NULL, NULL, NULL, NULL, NULL, NULL, NULL, NULL, NULL, NULL, NULL, NULL, NULL, NULL, NULL, NULL, NULL, NULL, NULL, NULL, NULL, NULL, NULL, NULL, NULL, NULL, NULL, NULL, NULL, NULL, NULL, NULL, NULL, NULL, NULL, NULL, NULL, NULL, NULL, NULL, NULL, NULL, NULL, NULL, NULL, NULL, NULL, NULL, NULL, NULL, NULL, NULL, NULL, NULL, NULL, NULL, NULL, NULL, NULL, NULL, NULL, NULL, NULL, NULL, NULL, NULL, NULL, NULL, NULL, NULL, NULL, NULL, NULL, 'Animation Nail Bar pour la \"Summer Break Party\" des Galeries Lafayette à l\'occasion de la fête des mères...', '26 Mai 2016', '2016-05-26 22:43:06', '2016-05-26 22:43:06', '39f9f671-7825-4507-a616-2706c57a7751'),
 ('125', '125', 'fr_fr', 'image 11', NULL, NULL, NULL, NULL, NULL, NULL, NULL, NULL, NULL, NULL, NULL, NULL, NULL, NULL, NULL, NULL, NULL, NULL, NULL, NULL, NULL, NULL, NULL, NULL, NULL, NULL, NULL, NULL, NULL, NULL, NULL, NULL, NULL, NULL, NULL, NULL, NULL, NULL, NULL, NULL, NULL, NULL, NULL, NULL, NULL, NULL, NULL, NULL, NULL, NULL, NULL, NULL, NULL, NULL, NULL, NULL, NULL, NULL, NULL, NULL, NULL, NULL, NULL, NULL, NULL, NULL, NULL, NULL, NULL, NULL, NULL, NULL, NULL, NULL, NULL, NULL, NULL, NULL, NULL, NULL, NULL, NULL, NULL, NULL, NULL, NULL, NULL, NULL, NULL, NULL, NULL, NULL, NULL, NULL, NULL, NULL, NULL, NULL, NULL, NULL, NULL, NULL, NULL, NULL, NULL, NULL, NULL, NULL, NULL, NULL, NULL, NULL, NULL, NULL, NULL, NULL, NULL, NULL, NULL, NULL, NULL, NULL, NULL, NULL, NULL, NULL, NULL, NULL, NULL, NULL, '2016-06-12 22:47:32', '2016-06-12 22:47:32', '208927bb-b4e7-422e-aa86-ba2d6a1acffa'),
 ('126', '126', 'fr_fr', '12 Juin 2016', NULL, NULL, NULL, NULL, NULL, NULL, NULL, NULL, NULL, NULL, NULL, NULL, NULL, NULL, NULL, NULL, NULL, NULL, NULL, NULL, NULL, NULL, NULL, NULL, NULL, NULL, NULL, NULL, NULL, NULL, NULL, NULL, NULL, NULL, NULL, NULL, NULL, NULL, NULL, NULL, NULL, NULL, NULL, NULL, NULL, NULL, NULL, NULL, NULL, NULL, NULL, NULL, NULL, NULL, NULL, NULL, NULL, NULL, NULL, NULL, NULL, NULL, NULL, NULL, NULL, NULL, NULL, NULL, NULL, NULL, NULL, NULL, NULL, NULL, NULL, NULL, NULL, NULL, NULL, NULL, NULL, NULL, NULL, NULL, NULL, NULL, NULL, NULL, NULL, NULL, NULL, NULL, NULL, NULL, NULL, NULL, NULL, NULL, NULL, NULL, NULL, NULL, NULL, NULL, NULL, NULL, NULL, NULL, NULL, NULL, NULL, NULL, NULL, NULL, NULL, NULL, NULL, NULL, NULL, NULL, NULL, NULL, NULL, NULL, NULL, NULL, NULL, NULL, 'Animation beauté pour Caromy & Co dans le sublime Palace Parisien Plaza Athenee. Make Up by Before Beauty Bar...', '12 Juin 2016', '2016-06-12 22:47:57', '2016-06-13 10:47:46', 'ac3c4076-9130-4546-82d1-dcbb4166aab2'),
 ('127', '127', 'fr_fr', 'image 12', NULL, NULL, NULL, NULL, NULL, NULL, NULL, NULL, NULL, NULL, NULL, NULL, NULL, NULL, NULL, NULL, NULL, NULL, NULL, NULL, NULL, NULL, NULL, NULL, NULL, NULL, NULL, NULL, NULL, NULL, NULL, NULL, NULL, NULL, NULL, NULL, NULL, NULL, NULL, NULL, NULL, NULL, NULL, NULL, NULL, NULL, NULL, NULL, NULL, NULL, NULL, NULL, NULL, NULL, NULL, NULL, NULL, NULL, NULL, NULL, NULL, NULL, NULL, NULL, NULL, NULL, NULL, NULL, NULL, NULL, NULL, NULL, NULL, NULL, NULL, NULL, NULL, NULL, NULL, NULL, NULL, NULL, NULL, NULL, NULL, NULL, NULL, NULL, NULL, NULL, NULL, NULL, NULL, NULL, NULL, NULL, NULL, NULL, NULL, NULL, NULL, NULL, NULL, NULL, NULL, NULL, NULL, NULL, NULL, NULL, NULL, NULL, NULL, NULL, NULL, NULL, NULL, NULL, NULL, NULL, NULL, NULL, NULL, NULL, NULL, NULL, NULL, NULL, NULL, NULL, '2016-06-17 22:00:54', '2016-06-17 22:00:54', 'b10d0fc4-b4a6-4393-81b3-3393814e15a0');
INSERT INTO `craft_content` (`id`, `elementId`, `locale`, `title`, `field_body`, `field_forfaits`, `field_soins`, `field_privatisation`, `field_espacePro`, `field_presse`, `field_social`, `field_contact`, `field_headTitle`, `field_headDescription`, `field_headButton`, `field_forfaitsTitle`, `field_forfaitsDesc`, `field_forfaitsBtnDiscover`, `field_forfaitEventsTitle`, `field_forfaitEventsIntro`, `field_forfaitEventsDesc`, `field_forfaitEventsPrice`, `field_forfaitDatingTitle`, `field_forfaitDatingDesc`, `field_forfaitDatingIntro`, `field_forfaitDatingPrice`, `field_forfaitWeddingTitle`, `field_forfaitWeddingIntro`, `field_forfaitWeddingDesc`, `field_forfaitWeddingPrice`, `field_forfaitBeachTitle`, `field_forfaitBeachIntro`, `field_forfaitBeachDesc`, `field_forfaitBeachPrice`, `field_soinsHairTitle`, `field_soinsTitle`, `field_soinsHairDesc`, `field_soinsNailsTitle`, `field_soinsNailsDesc`, `field_soinsMakeupTitle`, `field_soinsMakeupDesc`, `field_soinsSpaTitle`, `field_soinsSpaDesc`, `field_eventsDesc`, `field_eventsTitle`, `field_privateDesc`, `field_privateTitle`, `field_privatisationBtn`, `field_proDesc`, `field_proTitle`, `field_presseTitle`, `field_presseDesc`, `field_presseArchiveBtn`, `field_socialTitle`, `field_socialDesc`, `field_socialInsta`, `field_socialFb`, `field_socialFbLink`, `field_socialInstaLink`, `field_contactTitle`, `field_contactHours`, `field_contactAddress`, `field_contactBook`, `field_contactBtmDesc`, `field_contactFranchiseTitle`, `field_contactFranchiseDesc`, `field_contactCgvTitle`, `field_contactCgvDesc`, `field_contactMentionsTitle`, `field_contactMentionsDesc`, `field_contactCreditsTitle`, `field_contactCreditsDesc`, `field_contactUs`, `field_store1Title`, `field_store1Hours`, `field_store1Book`, `field_store1Address`, `field_store2Title`, `field_store2Address`, `field_store2Hours`, `field_store2Book`, `field_titreArticle`, `field_descArticle`, `field_metatitle`, `field_metaDescription`, `field_contactMailSuccess`, `field_store1Link`, `field_store2Link`, `field_linkBeach1`, `field_linkBeach2`, `field_linkDating1`, `field_linkDating2`, `field_linkEvents1`, `field_linkEvents2`, `field_linkHair1`, `field_linkHair2`, `field_linkMake1`, `field_linkMake2`, `field_linkNails1`, `field_linkNails2`, `field_linkSpa1`, `field_linkSpa2`, `field_linkWedding1`, `field_linkWedding2`, `field_googleanalyticsTracking`, `field_contactMailError`, `field_bonsCadeaux`, `field_bonsCadeauxLien1`, `field_boutiquesCta`, `field_boutiquesMapCta`, `field_shops`, `field_proCta`, `field_eventsLink1`, `field_eventsLink2`, `field_eventsBtn1`, `field_eventsBtn2`, `field_offersEventsCta`, `field_offersEventsCta1`, `field_offersEventsCta2`, `field_offersDatingCta`, `field_offersDatingCta1`, `field_offersDatingCta2`, `field_offersWeddingCta`, `field_offersWeddingCta1`, `field_offersWeddingCta2`, `field_offersBeachCta`, `field_offersBeachCta1`, `field_offersBeachCta2`, `field_bonsCadeauxLien2`, `field_actusArchiveBtn`, `field_actusDesc`, `field_actusTitle`, `field_descActu`, `field_titreActu`, `dateCreated`, `dateUpdated`, `uid`) VALUES
 ('128', '128', 'fr_fr', '17 Juin 2016', NULL, NULL, NULL, NULL, NULL, NULL, NULL, NULL, NULL, NULL, NULL, NULL, NULL, NULL, NULL, NULL, NULL, NULL, NULL, NULL, NULL, NULL, NULL, NULL, NULL, NULL, NULL, NULL, NULL, NULL, NULL, NULL, NULL, NULL, NULL, NULL, NULL, NULL, NULL, NULL, NULL, NULL, NULL, NULL, NULL, NULL, NULL, NULL, NULL, NULL, NULL, NULL, NULL, NULL, NULL, NULL, NULL, NULL, NULL, NULL, NULL, NULL, NULL, NULL, NULL, NULL, NULL, NULL, NULL, NULL, NULL, NULL, NULL, NULL, NULL, NULL, NULL, NULL, NULL, NULL, NULL, NULL, NULL, NULL, NULL, NULL, NULL, NULL, NULL, NULL, NULL, NULL, NULL, NULL, NULL, NULL, NULL, NULL, NULL, NULL, NULL, NULL, NULL, NULL, NULL, NULL, NULL, NULL, NULL, NULL, NULL, NULL, NULL, NULL, NULL, NULL, NULL, NULL, NULL, NULL, NULL, NULL, NULL, NULL, NULL, NULL, NULL, NULL, 'Animation Beauté Nail Bar Essie Pro by Before pour le Summer Beauty Day à l\'Académie des Experts L\'Oréal Paris...', '17 Juin 2016', '2016-06-17 22:01:25', '2016-06-17 22:01:25', '0a6250fd-08e0-46b5-98b3-5025ea45fb52'),
 ('129', '129', 'fr_fr', 'image 13', NULL, NULL, NULL, NULL, NULL, NULL, NULL, NULL, NULL, NULL, NULL, NULL, NULL, NULL, NULL, NULL, NULL, NULL, NULL, NULL, NULL, NULL, NULL, NULL, NULL, NULL, NULL, NULL, NULL, NULL, NULL, NULL, NULL, NULL, NULL, NULL, NULL, NULL, NULL, NULL, NULL, NULL, NULL, NULL, NULL, NULL, NULL, NULL, NULL, NULL, NULL, NULL, NULL, NULL, NULL, NULL, NULL, NULL, NULL, NULL, NULL, NULL, NULL, NULL, NULL, NULL, NULL, NULL, NULL, NULL, NULL, NULL, NULL, NULL, NULL, NULL, NULL, NULL, NULL, NULL, NULL, NULL, NULL, NULL, NULL, NULL, NULL, NULL, NULL, NULL, NULL, NULL, NULL, NULL, NULL, NULL, NULL, NULL, NULL, NULL, NULL, NULL, NULL, NULL, NULL, NULL, NULL, NULL, NULL, NULL, NULL, NULL, NULL, NULL, NULL, NULL, NULL, NULL, NULL, NULL, NULL, NULL, NULL, NULL, NULL, NULL, NULL, NULL, NULL, NULL, '2016-08-30 22:30:45', '2016-08-30 22:30:45', '317e19e0-aac9-46f9-a9d7-a4a0822f8224'),
 ('130', '130', 'fr_fr', '30 Août 2016', NULL, NULL, NULL, NULL, NULL, NULL, NULL, NULL, NULL, NULL, NULL, NULL, NULL, NULL, NULL, NULL, NULL, NULL, NULL, NULL, NULL, NULL, NULL, NULL, NULL, NULL, NULL, NULL, NULL, NULL, NULL, NULL, NULL, NULL, NULL, NULL, NULL, NULL, NULL, NULL, NULL, NULL, NULL, NULL, NULL, NULL, NULL, NULL, NULL, NULL, NULL, NULL, NULL, NULL, NULL, NULL, NULL, NULL, NULL, NULL, NULL, NULL, NULL, NULL, NULL, NULL, NULL, NULL, NULL, NULL, NULL, NULL, NULL, NULL, NULL, NULL, NULL, NULL, NULL, NULL, NULL, NULL, NULL, NULL, NULL, NULL, NULL, NULL, NULL, NULL, NULL, NULL, NULL, NULL, NULL, NULL, NULL, NULL, NULL, NULL, NULL, NULL, NULL, NULL, NULL, NULL, NULL, NULL, NULL, NULL, NULL, NULL, NULL, NULL, NULL, NULL, NULL, NULL, NULL, NULL, NULL, NULL, NULL, NULL, NULL, NULL, NULL, NULL, 'Animation Beauté by Before MAKE UP & NAIL BAR au FAUST pour les 140 ans de la prestigieuse marque LANCEL...', '30 Août 2016', '2016-08-30 22:31:22', '2016-08-30 22:31:22', '2ec9f03d-8b5e-4b6e-aa6d-ae59ea999c39'),
 ('131', '131', 'fr_fr', 'IMG 1108', NULL, NULL, NULL, NULL, NULL, NULL, NULL, NULL, NULL, NULL, NULL, NULL, NULL, NULL, NULL, NULL, NULL, NULL, NULL, NULL, NULL, NULL, NULL, NULL, NULL, NULL, NULL, NULL, NULL, NULL, NULL, NULL, NULL, NULL, NULL, NULL, NULL, NULL, NULL, NULL, NULL, NULL, NULL, NULL, NULL, NULL, NULL, NULL, NULL, NULL, NULL, NULL, NULL, NULL, NULL, NULL, NULL, NULL, NULL, NULL, NULL, NULL, NULL, NULL, NULL, NULL, NULL, NULL, NULL, NULL, NULL, NULL, NULL, NULL, NULL, NULL, NULL, NULL, NULL, NULL, NULL, NULL, NULL, NULL, NULL, NULL, NULL, NULL, NULL, NULL, NULL, NULL, NULL, NULL, NULL, NULL, NULL, NULL, NULL, NULL, NULL, NULL, NULL, NULL, NULL, NULL, NULL, NULL, NULL, NULL, NULL, NULL, NULL, NULL, NULL, NULL, NULL, NULL, NULL, NULL, NULL, NULL, NULL, NULL, NULL, NULL, NULL, NULL, NULL, NULL, '2016-10-02 22:09:08', '2016-10-02 22:09:08', '17f26557-ff47-4284-96a7-559495bb3bb3'),
 ('132', '132', 'fr_fr', '30 Septembre au 02 Octobre 2016', NULL, NULL, NULL, NULL, NULL, NULL, NULL, NULL, NULL, NULL, NULL, NULL, NULL, NULL, NULL, NULL, NULL, NULL, NULL, NULL, NULL, NULL, NULL, NULL, NULL, NULL, NULL, NULL, NULL, NULL, NULL, NULL, NULL, NULL, NULL, NULL, NULL, NULL, NULL, NULL, NULL, NULL, NULL, NULL, NULL, NULL, NULL, NULL, NULL, NULL, NULL, NULL, NULL, NULL, NULL, NULL, NULL, NULL, NULL, NULL, NULL, NULL, NULL, NULL, NULL, NULL, NULL, NULL, NULL, NULL, NULL, NULL, NULL, NULL, NULL, NULL, NULL, NULL, NULL, NULL, NULL, NULL, NULL, NULL, NULL, NULL, NULL, NULL, NULL, NULL, NULL, NULL, NULL, NULL, NULL, NULL, NULL, NULL, NULL, NULL, NULL, NULL, NULL, NULL, NULL, NULL, NULL, NULL, NULL, NULL, NULL, NULL, NULL, NULL, NULL, NULL, NULL, NULL, NULL, NULL, NULL, NULL, NULL, NULL, NULL, NULL, NULL, NULL, 'Animation Beauté by Before sur l\'île de Bendor pour le Festival New Romance 2016...', '30 Septembre au 02 Octobre 2016', '2016-10-02 22:10:08', '2016-10-02 22:10:08', 'a1be8758-1fb7-48c7-b765-2dd91268c5f9'),
 ('133', '133', 'fr_fr', 'IMG 1264', NULL, NULL, NULL, NULL, NULL, NULL, NULL, NULL, NULL, NULL, NULL, NULL, NULL, NULL, NULL, NULL, NULL, NULL, NULL, NULL, NULL, NULL, NULL, NULL, NULL, NULL, NULL, NULL, NULL, NULL, NULL, NULL, NULL, NULL, NULL, NULL, NULL, NULL, NULL, NULL, NULL, NULL, NULL, NULL, NULL, NULL, NULL, NULL, NULL, NULL, NULL, NULL, NULL, NULL, NULL, NULL, NULL, NULL, NULL, NULL, NULL, NULL, NULL, NULL, NULL, NULL, NULL, NULL, NULL, NULL, NULL, NULL, NULL, NULL, NULL, NULL, NULL, NULL, NULL, NULL, NULL, NULL, NULL, NULL, NULL, NULL, NULL, NULL, NULL, NULL, NULL, NULL, NULL, NULL, NULL, NULL, NULL, NULL, NULL, NULL, NULL, NULL, NULL, NULL, NULL, NULL, NULL, NULL, NULL, NULL, NULL, NULL, NULL, NULL, NULL, NULL, NULL, NULL, NULL, NULL, NULL, NULL, NULL, NULL, NULL, NULL, NULL, NULL, NULL, NULL, '2016-11-04 21:58:02', '2016-11-04 21:58:02', '2a72ca6b-386f-4b29-a049-7f451bcdeaca'),
 ('134', '134', 'fr_fr', '03 Novembre 2016', NULL, NULL, NULL, NULL, NULL, NULL, NULL, NULL, NULL, NULL, NULL, NULL, NULL, NULL, NULL, NULL, NULL, NULL, NULL, NULL, NULL, NULL, NULL, NULL, NULL, NULL, NULL, NULL, NULL, NULL, NULL, NULL, NULL, NULL, NULL, NULL, NULL, NULL, NULL, NULL, NULL, NULL, NULL, NULL, NULL, NULL, NULL, NULL, NULL, NULL, NULL, NULL, NULL, NULL, NULL, NULL, NULL, NULL, NULL, NULL, NULL, NULL, NULL, NULL, NULL, NULL, NULL, NULL, NULL, NULL, NULL, NULL, NULL, NULL, NULL, NULL, NULL, NULL, NULL, NULL, NULL, NULL, NULL, NULL, NULL, NULL, NULL, NULL, NULL, NULL, NULL, NULL, NULL, NULL, NULL, NULL, NULL, NULL, NULL, NULL, NULL, NULL, NULL, NULL, NULL, NULL, NULL, NULL, NULL, NULL, NULL, NULL, NULL, NULL, NULL, NULL, NULL, NULL, NULL, NULL, NULL, NULL, NULL, NULL, NULL, NULL, NULL, NULL, 'Animation Beauté by Before avec l\'équipe de Télématin à l\'occasion de l\'anniversaire de Laura Tenoudji...', '03 Novembre 2016', '2016-11-04 21:58:32', '2016-11-04 21:58:32', '7b86d791-9c71-457c-9151-3cabe9f0bb65');



DROP TABLE IF EXISTS `craft_deprecationerrors`;


--
-- Schema for table `craft_deprecationerrors`
--
CREATE TABLE `craft_deprecationerrors` (
  `id` int(11) NOT NULL AUTO_INCREMENT,
  `key` varchar(255) COLLATE utf8_unicode_ci NOT NULL,
  `fingerprint` varchar(255) COLLATE utf8_unicode_ci NOT NULL,
  `lastOccurrence` datetime NOT NULL,
  `file` varchar(255) COLLATE utf8_unicode_ci NOT NULL,
  `line` smallint(6) unsigned NOT NULL,
  `class` varchar(255) COLLATE utf8_unicode_ci DEFAULT NULL,
  `method` varchar(255) COLLATE utf8_unicode_ci DEFAULT NULL,
  `template` varchar(255) COLLATE utf8_unicode_ci DEFAULT NULL,
  `templateLine` smallint(6) unsigned DEFAULT NULL,
  `message` varchar(255) COLLATE utf8_unicode_ci DEFAULT NULL,
  `traces` text COLLATE utf8_unicode_ci,
  `dateCreated` datetime NOT NULL,
  `dateUpdated` datetime NOT NULL,
  `uid` char(36) COLLATE utf8_unicode_ci NOT NULL DEFAULT '0',
  PRIMARY KEY (`id`),
  UNIQUE KEY `craft_deprecationerrors_key_fingerprint_unq_idx` (`key`,`fingerprint`)
) ENGINE=InnoDB AUTO_INCREMENT=122 DEFAULT CHARSET=utf8 COLLATE=utf8_unicode_ci;

--
-- Data for table `craft_deprecationerrors`
--

INSERT INTO `craft_deprecationerrors` (`id`, `key`, `fingerprint`, `lastOccurrence`, `file`, `line`, `class`, `method`, `template`, `templateLine`, `message`, `traces`, `dateCreated`, `dateUpdated`, `uid`) VALUES
 ('33', 'TemplatesService::includeFootNode()', 'Craft\\TemplatesService:380', '2016-11-08 09:57:45', '/home/beforeba/www/craft/app/services/TemplatesService.php', '380', 'Craft\\TemplatesService', 'includeFootNode', NULL, NULL, 'TemplatesService::includeFootNode() has been deprecated. Use includeFootHtml() instead.', '[{\"objectClass\":\"Craft\\\\DeprecatorService\",\"file\":\"\\/home\\/beforeba\\/www\\/craft\\/app\\/services\\/TemplatesService.php\",\"line\":380,\"class\":\"Craft\\\\DeprecatorService\",\"method\":\"log\",\"args\":\"\\\"TemplatesService::includeFootNode()\\\", \\\"TemplatesService::includeFootNode() has been deprecated. Use inc...\\\"\"},{\"objectClass\":\"Craft\\\\TemplatesService\",\"file\":\"\\/home\\/beforeba\\/www\\/craft\\/plugins\\/redactorcss\\/RedactorCssPlugin.php\",\"line\":42,\"class\":\"Craft\\\\TemplatesService\",\"method\":\"includeFootNode\",\"args\":\"\\\"<!-- Redactor CSS modal HTML -->\\n<div id=\\\"redactorcss_modal\\\" sty...\\\"\"},{\"objectClass\":\"Craft\\\\RedactorCssPlugin\",\"file\":\"\\/home\\/beforeba\\/www\\/craft\\/app\\/services\\/PluginsService.php\",\"line\":138,\"class\":\"Craft\\\\RedactorCssPlugin\",\"method\":\"init\",\"args\":null},{\"objectClass\":\"Craft\\\\PluginsService\",\"file\":\"\\/home\\/beforeba\\/www\\/craft\\/app\\/etc\\/web\\/WebApp.php\",\"line\":246,\"class\":\"Craft\\\\PluginsService\",\"method\":\"loadPlugins\",\"args\":null},{\"objectClass\":\"Craft\\\\WebApp\",\"file\":\"\\/home\\/beforeba\\/www\\/craft\\/app\\/framework\\/base\\/CApplication.php\",\"line\":184,\"class\":\"Craft\\\\WebApp\",\"method\":\"processRequest\",\"args\":null},{\"objectClass\":\"Craft\\\\WebApp\",\"file\":\"\\/home\\/beforeba\\/www\\/craft\\/app\\/index.php\",\"line\":62,\"class\":\"CApplication\",\"method\":\"run\",\"args\":null},{\"objectClass\":null,\"file\":\"\\/home\\/beforeba\\/www\\/index.php\",\"line\":19,\"class\":null,\"method\":\"require_once\",\"args\":\"\\\"\\/home\\/beforeba\\/www\\/craft\\/app\\/index.php\\\"\"}]', '2016-01-26 15:03:07', '2016-11-08 09:57:45', 'ab2dd3bb-a319-49a7-8169-6538b430c847'),
 ('119', 'TemplatesService::includeFootNode()', 'Craft\\TemplatesService:420', '2016-11-08 09:58:58', '/home/beforeba/www/craft/app/services/TemplatesService.php', '420', 'Craft\\TemplatesService', 'includeFootNode', NULL, NULL, 'TemplatesService::includeFootNode() has been deprecated. Use includeFootHtml() instead.', '[{\"objectClass\":\"Craft\\\\DeprecatorService\",\"file\":\"\\/home\\/beforeba\\/www\\/craft\\/app\\/services\\/TemplatesService.php\",\"line\":420,\"class\":\"Craft\\\\DeprecatorService\",\"method\":\"log\",\"args\":\"\\\"TemplatesService::includeFootNode()\\\", \\\"TemplatesService::includeFootNode() has been deprecated. Use inc...\\\"\"},{\"objectClass\":\"Craft\\\\TemplatesService\",\"file\":\"\\/home\\/beforeba\\/www\\/craft\\/plugins\\/redactorcss\\/RedactorCssPlugin.php\",\"line\":42,\"class\":\"Craft\\\\TemplatesService\",\"method\":\"includeFootNode\",\"args\":\"\\\"<!-- Redactor CSS modal HTML -->\\n<div id=\\\"redactorcss_modal\\\" sty...\\\"\"},{\"objectClass\":\"Craft\\\\RedactorCssPlugin\",\"file\":\"\\/home\\/beforeba\\/www\\/craft\\/app\\/services\\/PluginsService.php\",\"line\":152,\"class\":\"Craft\\\\RedactorCssPlugin\",\"method\":\"init\",\"args\":null},{\"objectClass\":\"Craft\\\\PluginsService\",\"file\":\"\\/home\\/beforeba\\/www\\/craft\\/app\\/services\\/TemplatesService.php\",\"line\":1396,\"class\":\"Craft\\\\PluginsService\",\"method\":\"loadPlugins\",\"args\":null},{\"objectClass\":\"Craft\\\\TemplatesService\",\"file\":\"\\/home\\/beforeba\\/www\\/craft\\/app\\/services\\/TemplatesService.php\",\"line\":192,\"class\":\"Craft\\\\TemplatesService\",\"method\":\"_addPluginTwigExtensions\",\"args\":\"Craft\\\\TwigEnvironment\"},{\"objectClass\":\"Craft\\\\TemplatesService\",\"file\":\"\\/home\\/beforeba\\/www\\/craft\\/app\\/services\\/TemplatesService.php\",\"line\":249,\"class\":\"Craft\\\\TemplatesService\",\"method\":\"getTwig\",\"args\":\"null, array(\\\"safe_mode\\\" => false)\"},{\"objectClass\":\"Craft\\\\TemplatesService\",\"file\":\"\\/home\\/beforeba\\/www\\/craft\\/app\\/controllers\\/BaseController.php\",\"line\":74,\"class\":\"Craft\\\\TemplatesService\",\"method\":\"render\",\"args\":\"\\\"updates\\/_go\\\", array(\\\"handle\\\" => \\\"craft\\\")\"},{\"objectClass\":\"Craft\\\\TemplatesController\",\"file\":\"\\/home\\/beforeba\\/www\\/craft\\/app\\/controllers\\/TemplatesController.php\",\"line\":99,\"class\":\"Craft\\\\BaseController\",\"method\":\"renderTemplate\",\"args\":\"\\\"updates\\/_go\\\", array(\\\"handle\\\" => \\\"craft\\\")\"},{\"objectClass\":\"Craft\\\\TemplatesController\",\"file\":\"\\/home\\/beforeba\\/www\\/craft\\/app\\/framework\\/web\\/actions\\/CInlineAction.php\",\"line\":49,\"class\":\"Craft\\\\TemplatesController\",\"method\":\"actionManualUpdate\",\"args\":null},{\"objectClass\":\"CInlineAction\",\"file\":\"\\/home\\/beforeba\\/www\\/craft\\/app\\/framework\\/web\\/CController.php\",\"line\":308,\"class\":\"CInlineAction\",\"method\":\"runWithParams\",\"args\":\"array()\"},{\"objectClass\":\"Craft\\\\TemplatesController\",\"file\":\"\\/home\\/beforeba\\/www\\/craft\\/app\\/framework\\/web\\/CController.php\",\"line\":286,\"class\":\"CController\",\"method\":\"runAction\",\"args\":\"CInlineAction\"},{\"objectClass\":\"Craft\\\\TemplatesController\",\"file\":\"\\/home\\/beforeba\\/www\\/craft\\/app\\/framework\\/web\\/CController.php\",\"line\":265,\"class\":\"CController\",\"method\":\"runActionWithFilters\",\"args\":\"CInlineAction, array()\"},{\"objectClass\":\"Craft\\\\TemplatesController\",\"file\":\"\\/home\\/beforeba\\/www\\/craft\\/app\\/framework\\/web\\/CWebApplication.php\",\"line\":282,\"class\":\"CController\",\"method\":\"run\",\"args\":\"\\\"manualUpdate\\\"\"},{\"objectClass\":\"Craft\\\\WebApp\",\"file\":\"\\/home\\/beforeba\\/www\\/craft\\/app\\/etc\\/web\\/WebApp.php\",\"line\":895,\"class\":\"CWebApplication\",\"method\":\"runController\",\"args\":\"\\\"templates\\/manualUpdate\\\"\"},{\"objectClass\":\"Craft\\\\WebApp\",\"file\":\"\\/home\\/beforeba\\/www\\/craft\\/app\\/etc\\/web\\/WebApp.php\",\"line\":242,\"class\":\"Craft\\\\WebApp\",\"method\":\"_processUpdateLogic\",\"args\":null},{\"objectClass\":\"Craft\\\\WebApp\",\"file\":\"\\/home\\/beforeba\\/www\\/craft\\/app\\/framework\\/base\\/CApplication.php\",\"line\":185,\"class\":\"Craft\\\\WebApp\",\"method\":\"processRequest\",\"args\":null},{\"objectClass\":\"Craft\\\\WebApp\",\"file\":\"\\/home\\/beforeba\\/www\\/craft\\/app\\/index.php\",\"line\":62,\"class\":\"CApplication\",\"method\":\"run\",\"args\":null},{\"objectClass\":null,\"file\":\"\\/home\\/beforeba\\/www\\/index.php\",\"line\":19,\"class\":null,\"method\":\"require_once\",\"args\":\"\\\"\\/home\\/beforeba\\/www\\/craft\\/app\\/index.php\\\"\"}]', '2016-11-08 09:58:54', '2016-11-08 09:58:58', '81353676-989a-4f72-a002-a1c9b2ae313f');



DROP TABLE IF EXISTS `craft_elements`;


--
-- Schema for table `craft_elements`
--
CREATE TABLE `craft_elements` (
  `id` int(11) NOT NULL AUTO_INCREMENT,
  `type` varchar(150) COLLATE utf8_unicode_ci NOT NULL,
  `enabled` tinyint(1) unsigned NOT NULL DEFAULT '1',
  `archived` tinyint(1) unsigned NOT NULL DEFAULT '0',
  `dateCreated` datetime NOT NULL,
  `dateUpdated` datetime NOT NULL,
  `uid` char(36) COLLATE utf8_unicode_ci NOT NULL DEFAULT '0',
  PRIMARY KEY (`id`),
  KEY `craft_elements_type_idx` (`type`),
  KEY `craft_elements_enabled_idx` (`enabled`),
  KEY `craft_elements_archived_dateCreated_idx` (`archived`,`dateCreated`)
) ENGINE=InnoDB AUTO_INCREMENT=135 DEFAULT CHARSET=utf8 COLLATE=utf8_unicode_ci;

--
-- Data for table `craft_elements`
--

INSERT INTO `craft_elements` (`id`, `type`, `enabled`, `archived`, `dateCreated`, `dateUpdated`, `uid`) VALUES
 ('1', 'User', '1', '0', '2015-07-22 10:53:27', '2015-07-23 16:39:35', '0e8391fa-1527-48a1-b1af-ac671fe5c822'),
 ('2', 'Entry', '1', '0', '2015-07-22 10:53:28', '2016-02-16 10:44:13', '7cfc3859-f458-4294-8438-034220388609'),
 ('4', 'Asset', '1', '0', '2015-07-23 13:28:16', '2016-02-05 14:43:13', '83e079a6-aa94-45ca-94e5-721026d54c3f'),
 ('6', 'Asset', '1', '0', '2015-07-23 13:44:28', '2016-02-05 14:43:22', 'cae42e6c-8511-400f-9cae-b5ddebb27728'),
 ('10', 'GlobalSet', '1', '0', '2015-07-23 16:43:19', '2016-02-05 15:13:22', 'b61d0310-1e41-4aff-932c-917e90a480d0'),
 ('11', 'Asset', '1', '0', '2015-07-24 09:16:22', '2016-02-05 14:42:06', '9c7c0118-2beb-410e-a50e-6ca01153a36f'),
 ('12', 'Asset', '1', '0', '2015-07-24 09:16:23', '2016-02-05 14:42:17', '07de7af1-6e1f-46b8-956d-cb39bc7553b7'),
 ('13', 'Asset', '1', '0', '2015-07-24 09:16:23', '2016-02-05 14:42:25', 'a9b6dec8-7eb4-4e65-974e-81dabe4768c7'),
 ('14', 'Asset', '1', '0', '2015-07-24 09:16:25', '2016-02-05 14:42:37', 'e0143d7b-0c7b-4c62-bf0a-3c0debea3835'),
 ('15', 'Asset', '1', '0', '2015-07-24 09:16:26', '2016-02-05 14:42:45', '2568342b-47bf-4c1e-81bd-ef561cd37df0'),
 ('16', 'Asset', '1', '0', '2015-07-24 09:16:28', '2016-02-05 14:43:03', '25148d63-ab6b-4830-aff5-4b6ca3bf3a51'),
 ('17', 'Entry', '1', '0', '2015-07-24 09:18:19', '2015-07-24 09:31:31', '3c115649-a806-4ba3-be1a-38e3ba974673'),
 ('18', 'Entry', '1', '0', '2015-07-24 09:19:52', '2015-07-24 09:32:02', '99e91a8e-52ba-4e8e-a96e-14dcceb54351'),
 ('19', 'Entry', '1', '0', '2015-07-24 09:21:13', '2015-07-24 09:32:19', '742f9d09-1786-414c-bc16-1fe47ce4b829'),
 ('20', 'Entry', '1', '0', '2015-07-24 09:21:56', '2015-07-24 09:32:31', '3978cc13-4dbf-4daf-b1b3-929841b57006'),
 ('21', 'Entry', '1', '0', '2015-07-24 09:23:15', '2015-07-24 09:33:13', 'a68bfee2-8b5e-4551-ae30-74281afa8345'),
 ('22', 'Entry', '1', '0', '2015-07-24 09:23:49', '2015-07-24 09:33:22', '0744a87f-16c2-4f02-a2c0-97b94cdc99cc'),
 ('23', 'GlobalSet', '1', '0', '2015-07-24 17:37:48', '2015-10-27 10:53:34', '0c456ee2-9887-4443-b19b-b5145b71d6c2'),
 ('24', 'Asset', '1', '0', '2015-07-24 18:05:58', '2016-02-05 14:39:46', '687dac78-d02e-4e79-9e7b-d2ee69e948bd'),
 ('25', 'Asset', '1', '0', '2015-07-24 18:06:24', '2016-02-05 14:40:38', '796048a4-0421-4e21-9445-508d89570c68'),
 ('26', 'GlobalSet', '1', '0', '2015-08-21 07:50:22', '2015-10-21 10:27:34', 'e8521b51-3853-4eb4-979d-09966df326a4'),
 ('27', 'Asset', '1', '0', '2015-09-05 18:21:59', '2016-02-05 14:41:43', '4bf3367a-334d-4a91-89ea-36f875bcc242'),
 ('28', 'Asset', '1', '0', '2015-09-05 18:23:26', '2016-02-05 14:41:24', '56fb2859-200c-488c-897e-c040b05a52c7'),
 ('32', 'Asset', '1', '0', '2015-10-13 15:24:35', '2015-10-13 15:24:35', '66572045-4ae9-44cd-9ee5-12f9e1b6070c'),
 ('33', 'Asset', '1', '0', '2015-10-13 15:24:36', '2015-10-13 15:24:36', '08056857-0012-4e04-8aee-5f9914b37943'),
 ('34', 'Asset', '1', '0', '2015-10-13 15:24:37', '2015-10-13 15:24:37', '96dca308-428c-4eda-bfe1-1a93864bef2d'),
 ('35', 'Asset', '1', '0', '2015-10-13 15:24:59', '2015-10-13 15:24:59', 'fbce245a-bd62-4e40-945f-9f43751a97cf'),
 ('36', 'Asset', '1', '0', '2015-10-13 15:25:01', '2015-10-13 15:25:01', 'f1bb58ef-79fe-401c-b66f-55a2526db99c'),
 ('37', 'Asset', '1', '0', '2015-10-13 15:25:02', '2015-10-13 15:25:02', '5d1484aa-738f-4fd1-a1ac-04657db21c9b'),
 ('45', 'GlobalSet', '1', '0', '2015-10-24 13:47:27', '2015-10-26 10:20:43', '8d050832-efb2-47ac-9413-dfd3e445302b'),
 ('46', 'GlobalSet', '1', '0', '2015-10-24 13:57:37', '2015-10-26 10:24:01', '212dd843-b76e-4ac6-90a5-f43573ee828f'),
 ('53', 'Asset', '1', '0', '2015-10-27 12:12:31', '2015-10-27 12:12:31', '2026f78e-7d1e-4c4a-86a8-a459c6cd3da6'),
 ('54', 'Asset', '1', '0', '2015-10-27 12:12:32', '2015-10-27 12:12:32', '5b9e0ab1-1342-4e0b-b82d-455ff76322bb'),
 ('55', 'Asset', '1', '0', '2015-10-27 12:12:34', '2015-10-27 12:12:34', 'c08b76f5-7ed3-42a6-82d1-057eb5817cc3'),
 ('56', 'Asset', '1', '0', '2015-10-27 12:12:36', '2015-10-27 12:12:36', '97f700cd-3f61-4446-be56-c1d5793eec71'),
 ('57', 'Asset', '1', '0', '2015-10-27 12:12:37', '2015-10-27 12:12:37', '40d20358-83ee-45e2-aa51-eede5b2725e6'),
 ('58', 'Asset', '1', '0', '2015-10-27 12:12:39', '2015-10-27 12:12:39', '2e88c6f2-659c-4eed-a310-dde1e5de0894'),
 ('62', 'Asset', '1', '0', '2015-12-06 07:58:20', '2016-02-05 14:43:46', 'a65b3ee7-d596-4057-b937-7ff06accaa24'),
 ('63', 'Entry', '1', '0', '2015-12-06 07:58:25', '2015-12-06 07:58:25', 'a115b695-0bd4-4e09-9c17-b3eccf20869a'),
 ('64', 'Asset', '1', '0', '2015-12-06 07:59:01', '2016-02-05 14:43:31', '03c75dec-b95b-4352-b4cf-231c6ef3ea9b'),
 ('65', 'Entry', '1', '0', '2015-12-06 07:59:07', '2015-12-06 07:59:07', 'f163d2ad-3c43-4e14-ab67-a57c3ad0782e'),
 ('66', 'Asset', '1', '0', '2016-01-26 15:08:31', '2016-02-05 14:33:44', '2294e448-79f6-4936-9e43-626a65ba9c82'),
 ('67', 'Asset', '1', '0', '2016-01-26 15:08:34', '2016-02-05 14:34:28', 'bb6a01dc-c98f-4268-a68b-5587fdf72453'),
 ('68', 'Asset', '1', '0', '2016-01-26 15:08:37', '2016-02-05 14:34:43', '594386eb-3261-4a47-92af-e18a9d83e288'),
 ('69', 'Asset', '1', '0', '2016-01-26 15:08:39', '2016-02-05 14:35:23', '5aef099f-ad10-46a8-b2ab-f915b5a9d1ba'),
 ('70', 'Asset', '1', '0', '2016-01-26 15:08:42', '2016-02-05 14:35:08', '23fb7c5c-978b-42b6-94fe-654b755e8429'),
 ('71', 'Asset', '1', '0', '2016-01-26 15:08:45', '2016-02-05 14:35:38', '6c3b6112-7db5-43a1-a442-1ed99554432f'),
 ('72', 'Asset', '1', '0', '2016-01-26 15:08:51', '2016-02-05 14:36:14', '9e9f1989-26c5-4dd8-bcc5-806323effb7f'),
 ('73', 'Asset', '1', '0', '2016-01-26 15:08:54', '2016-02-05 14:36:30', '1b649c04-3abb-4ce2-b99a-0300e583d214'),
 ('74', 'Asset', '1', '0', '2016-01-26 15:08:58', '2016-02-05 14:36:52', '524b0a69-aa6b-4d90-ab87-7c30d2ba69c4'),
 ('75', 'Asset', '1', '0', '2016-01-26 15:09:02', '2016-02-05 14:37:04', '47e7c463-f8c4-45dc-a874-bb8e222a895b'),
 ('76', 'Asset', '1', '0', '2016-01-26 15:09:04', '2016-02-05 14:37:15', 'ae723cd5-84d5-406c-adc8-b781145aec4e'),
 ('77', 'Asset', '1', '0', '2016-01-26 15:09:07', '2016-02-05 14:37:31', 'a6f0f55e-14e0-40b0-bc42-999df837fbea'),
 ('78', 'Asset', '1', '0', '2016-02-16 10:45:04', '2016-02-16 10:45:04', 'fca5eb2d-4b23-4f48-ac39-ce155260dfee'),
 ('80', 'Asset', '1', '0', '2016-02-16 10:50:34', '2016-02-16 10:50:34', '02289be9-a611-4c94-8a06-cc3c572a391d'),
 ('81', 'Entry', '1', '0', '2016-02-16 10:50:36', '2016-02-23 23:57:59', '5084ae47-f5e1-4f8e-b6a1-a60342d82b44'),
 ('82', 'Asset', '1', '0', '2016-02-22 10:31:49', '2016-02-22 10:31:49', '70c63fa7-bee5-44a3-8101-e168762487d8'),
 ('83', 'Entry', '1', '0', '2016-02-22 10:32:15', '2016-03-05 15:04:20', 'e1481d79-93f1-4db4-a6fa-1663a3d9db9e'),
 ('84', 'Asset', '1', '0', '2016-02-22 10:35:44', '2016-02-22 10:35:44', '611bacfe-6e2e-4041-97a9-fd4a90e4d2a5'),
 ('85', 'Entry', '1', '0', '2016-02-22 10:35:52', '2016-02-23 23:42:06', 'da209def-a601-4c5d-a81c-fd2da811ad6a'),
 ('86', 'Asset', '1', '0', '2016-02-22 14:38:42', '2016-02-22 14:42:05', '0dfd3870-7416-4746-b715-308b9db0b9ed'),
 ('88', 'Entry', '1', '0', '2016-02-22 14:42:53', '2016-02-23 23:41:34', 'f060b109-ed84-4392-b552-1a77cb8a9cd5'),
 ('89', 'Asset', '1', '0', '2016-02-22 14:46:08', '2016-02-22 14:46:08', 'b3e4d729-3d17-4ce6-a14f-c39754bed5f2'),
 ('90', 'Asset', '1', '0', '2016-02-22 14:50:12', '2016-02-22 14:50:12', '466e05db-cb3c-441e-b8ae-0aa0ac72249c'),
 ('91', 'Entry', '1', '0', '2016-02-22 14:51:41', '2016-02-23 23:41:57', '1b0dfbc4-af04-4451-ad71-a73e535ed582'),
 ('92', 'Asset', '1', '0', '2016-02-23 17:00:43', '2016-02-23 17:00:43', '8cffa252-d2a9-4aab-8a4a-5ab29961e03c'),
 ('93', 'Asset', '1', '0', '2016-02-23 22:07:25', '2016-02-23 22:07:25', '5909417a-1386-4001-a711-f6e7910e9e86'),
 ('94', 'Asset', '1', '0', '2016-02-23 22:18:55', '2016-02-23 22:18:55', '5d22144e-5ef2-4647-b34c-021a3fa97ec4'),
 ('95', 'Asset', '1', '0', '2016-02-23 22:26:06', '2016-02-23 22:26:06', '8766240e-1ec4-43d0-a47d-1db3b20670ea'),
 ('96', 'Asset', '1', '0', '2016-02-23 22:30:03', '2016-02-23 22:30:03', 'a6e2d81f-e60f-4f85-a070-f3dcbbaedcf2'),
 ('97', 'Asset', '1', '0', '2016-02-23 22:35:37', '2016-02-23 22:35:37', '24a0b2f1-12b2-43e5-abfd-b243800b6920'),
 ('98', 'Asset', '1', '0', '2016-02-23 23:37:52', '2016-02-23 23:37:52', 'dbf22b0a-0061-4883-9ddb-a6a141e4caf7'),
 ('99', 'Entry', '1', '0', '2016-02-23 23:37:56', '2016-02-23 23:42:15', 'f42746f6-cb24-4128-ab2b-4db8fc94fd16'),
 ('100', 'Entry', '1', '0', '2016-02-24 00:12:40', '2016-02-24 08:05:02', 'f86843e2-2cfb-421a-9125-53ccf2fdf843'),
 ('101', 'Asset', '1', '0', '2016-02-24 00:13:26', '2016-03-20 00:27:58', '62d0e1c3-1751-4d79-b9f9-d847ad93875b'),
 ('102', 'Asset', '1', '0', '2016-02-24 08:04:43', '2016-02-24 08:04:43', 'b29b657d-2eda-4f99-8a06-00120616687a'),
 ('103', 'Asset', '1', '0', '2016-02-24 08:59:07', '2016-02-24 08:59:07', '4a5f8877-93f3-474a-a27c-51ef24493177'),
 ('104', 'Asset', '1', '0', '2016-02-24 09:16:49', '2016-02-24 09:16:49', '5cf97e43-8b69-43c6-9901-b30533a602c1'),
 ('105', 'Entry', '1', '0', '2016-02-24 09:16:54', '2016-03-05 15:02:16', 'ce00667b-ae85-4609-bfb4-5a2eff3f3e14'),
 ('106', 'Asset', '1', '0', '2016-03-05 15:20:45', '2016-03-05 15:20:45', 'e53143c9-efd5-4843-9f49-cb448c0744e4'),
 ('107', 'Entry', '1', '0', '2016-03-05 15:20:50', '2016-03-05 15:20:50', '1bc4d7e8-f355-43f5-bf3f-5dea7b7e4ab2'),
 ('108', 'Asset', '1', '0', '2016-03-07 20:35:32', '2016-03-07 20:35:32', '3e777127-4eb5-4136-8285-28bb5a7e1f27'),
 ('109', 'Entry', '1', '0', '2016-03-07 20:36:16', '2016-03-20 00:38:39', '170168cc-48e5-4acc-831d-37a4c703b06e'),
 ('111', 'Entry', '1', '0', '2016-03-20 00:28:15', '2016-03-20 00:29:52', 'a1e2eac0-dbc0-4fbb-ba5e-4fecaf91e354'),
 ('112', 'Asset', '1', '0', '2016-03-20 00:38:28', '2016-03-20 00:38:28', 'be2bb17d-d14d-4847-80ee-dec240aa4587'),
 ('113', 'Asset', '1', '0', '2016-03-24 07:49:21', '2016-03-24 07:49:21', '3d0bba6d-4a69-4370-8034-e74aeb0f6090'),
 ('114', 'Entry', '1', '0', '2016-03-24 07:50:12', '2016-03-24 07:50:12', '8d2bd60a-9c0b-4b55-8bf5-651b4add1f8f'),
 ('115', 'Asset', '1', '0', '2016-03-30 07:43:02', '2016-03-30 07:43:02', 'a8aa002c-d172-4d2c-b826-ef5b682f7ff1'),
 ('116', 'Entry', '1', '0', '2016-03-30 07:43:17', '2016-03-30 07:43:17', 'eeaae226-945c-42d9-9d21-f6f77234eefe'),
 ('117', 'Entry', '1', '0', '2016-03-30 11:49:02', '2016-03-30 11:51:28', '5adc8284-6f9e-4ce9-98ea-8dcee322bc85'),
 ('118', 'Asset', '1', '0', '2016-03-30 11:51:19', '2016-03-30 11:51:19', 'a5975019-a72c-42b4-a4d1-460bdd7f216d'),
 ('119', 'Asset', '1', '0', '2016-04-04 18:52:01', '2016-04-04 18:52:01', '83c651c6-a44a-43ff-8d5f-31715cfb8d48'),
 ('120', 'Entry', '1', '0', '2016-04-04 18:52:16', '2016-04-04 18:52:16', '30701304-dd25-42e3-a94f-92ee4b883df5'),
 ('121', 'Asset', '1', '0', '2016-04-08 20:59:40', '2016-04-08 20:59:40', '02f00489-625e-4c79-af0a-dc3f1f9642a5'),
 ('122', 'Entry', '1', '0', '2016-04-08 20:59:55', '2016-04-08 20:59:55', 'bc24b2b1-2f1e-450e-bead-466737628070'),
 ('123', 'Asset', '1', '0', '2016-05-26 22:42:44', '2016-05-26 22:42:44', '91f80777-e59c-4ece-9b4e-4d09928da50b'),
 ('124', 'Entry', '1', '0', '2016-05-26 22:43:06', '2016-05-26 22:43:06', '7a903173-e83f-47ed-a502-df4f2f9518d0'),
 ('125', 'Asset', '1', '0', '2016-06-12 22:47:32', '2016-06-12 22:47:32', '676d4561-f122-45c4-a38a-2513c95de833'),
 ('126', 'Entry', '1', '0', '2016-06-12 22:47:57', '2016-06-13 10:47:46', '26c492f5-4e68-484d-9bff-61ad0722fc04'),
 ('127', 'Asset', '1', '0', '2016-06-17 22:00:54', '2016-06-17 22:00:54', '9422b633-6009-4ea7-bef4-dda2de83ef4a');
INSERT INTO `craft_elements` (`id`, `type`, `enabled`, `archived`, `dateCreated`, `dateUpdated`, `uid`) VALUES
 ('128', 'Entry', '1', '0', '2016-06-17 22:01:25', '2016-06-17 22:01:25', '50553dbb-4c9d-4bb3-83da-cdb6806425eb'),
 ('129', 'Asset', '1', '0', '2016-08-30 22:30:45', '2016-08-30 22:30:45', '4a6f392a-3e90-45b0-9990-54ce8b1df699'),
 ('130', 'Entry', '1', '0', '2016-08-30 22:31:22', '2016-08-30 22:31:22', 'ae36076b-41f0-4509-97e0-6004c4800ace'),
 ('131', 'Asset', '1', '0', '2016-10-02 22:09:08', '2016-10-02 22:09:08', '93f262b6-5478-4312-aa3d-040db6695c62'),
 ('132', 'Entry', '1', '0', '2016-10-02 22:10:08', '2016-10-02 22:10:08', '8fb306de-2aa5-4d69-9e17-95ab8a818338'),
 ('133', 'Asset', '1', '0', '2016-11-04 21:58:02', '2016-11-04 21:58:02', '6f43bf70-3de6-40fb-95fe-61f75a579f06'),
 ('134', 'Entry', '1', '0', '2016-11-04 21:58:32', '2016-11-04 21:58:32', 'fb5ce656-46aa-43cf-ac7a-afb3bdc455bb');



DROP TABLE IF EXISTS `craft_elements_i18n`;


--
-- Schema for table `craft_elements_i18n`
--
CREATE TABLE `craft_elements_i18n` (
  `id` int(11) NOT NULL AUTO_INCREMENT,
  `elementId` int(11) NOT NULL,
  `locale` char(12) COLLATE utf8_unicode_ci NOT NULL,
  `slug` varchar(255) COLLATE utf8_unicode_ci DEFAULT NULL,
  `uri` varchar(255) COLLATE utf8_unicode_ci DEFAULT NULL,
  `enabled` tinyint(1) unsigned NOT NULL DEFAULT '1',
  `dateCreated` datetime NOT NULL,
  `dateUpdated` datetime NOT NULL,
  `uid` char(36) COLLATE utf8_unicode_ci NOT NULL DEFAULT '0',
  PRIMARY KEY (`id`),
  UNIQUE KEY `craft_elements_i18n_elementId_locale_unq_idx` (`elementId`,`locale`),
  UNIQUE KEY `craft_elements_i18n_uri_locale_unq_idx` (`uri`,`locale`),
  KEY `craft_elements_i18n_slug_locale_idx` (`slug`,`locale`),
  KEY `craft_elements_i18n_enabled_idx` (`enabled`),
  KEY `craft_elements_i18n_locale_fk` (`locale`)
) ENGINE=InnoDB AUTO_INCREMENT=135 DEFAULT CHARSET=utf8 COLLATE=utf8_unicode_ci;

--
-- Data for table `craft_elements_i18n`
--

INSERT INTO `craft_elements_i18n` (`id`, `elementId`, `locale`, `slug`, `uri`, `enabled`, `dateCreated`, `dateUpdated`, `uid`) VALUES
 ('1', '1', 'fr_fr', '', NULL, '1', '2015-07-22 10:53:27', '2015-07-23 16:39:35', '6bca225e-5dbb-4304-b1d3-93e91aa91b2c'),
 ('2', '2', 'fr_fr', 'homepage', '__home__', '1', '2015-07-22 10:53:28', '2016-02-16 10:44:13', '9b46fa89-e5ad-49bd-8cf0-0fd8ece60bf2'),
 ('4', '4', 'fr_fr', 'press-right', NULL, '1', '2015-07-23 13:28:16', '2016-02-05 14:43:13', 'd517b0be-f903-41d0-a7c7-a071411e7a5f'),
 ('6', '6', 'fr_fr', 'press-right-1', NULL, '1', '2015-07-23 13:44:28', '2016-02-05 14:43:22', '34408bee-63b4-4fae-af32-df915a71b1fb'),
 ('10', '10', 'fr_fr', '', NULL, '1', '2015-07-23 16:43:19', '2016-02-05 15:13:22', 'ae5190a3-7677-4885-ad1f-9eeb15b68a31'),
 ('11', '11', 'fr_fr', 'grazia-cover', NULL, '1', '2015-07-24 09:16:23', '2016-02-05 14:42:06', '50e1d3b9-93e8-4be0-8303-2b4b67d85e68'),
 ('12', '12', 'fr_fr', 'grazia-text', NULL, '1', '2015-07-24 09:16:23', '2016-02-05 14:42:18', 'c41b5ba7-6096-43b8-98a2-279391cb6a8d'),
 ('13', '13', 'fr_fr', 'jalouse-cover', NULL, '1', '2015-07-24 09:16:24', '2016-02-05 14:42:25', '015dc235-10ac-45b9-b406-fa36399d0b69'),
 ('14', '14', 'fr_fr', 'jalouse-text', NULL, '1', '2015-07-24 09:16:25', '2016-02-05 14:42:37', '262f4321-a673-4896-8b8a-9f2fcf7c3d6a'),
 ('15', '15', 'fr_fr', 'mariee-cover', NULL, '1', '2015-07-24 09:16:26', '2016-02-05 14:42:45', '61584c42-1545-4e1a-8494-0c17ca638d28'),
 ('16', '16', 'fr_fr', 'mariee-text', NULL, '1', '2015-07-24 09:16:28', '2016-02-05 14:43:03', '066b94e5-f64f-42c5-8158-a8de0bb0511d'),
 ('17', '17', 'fr_fr', 'mariee-cover', NULL, '1', '2015-07-24 09:18:19', '2015-07-24 09:31:31', '75c83d79-686d-409a-b6c3-a2360692570b'),
 ('18', '18', 'fr_fr', 'mariee-texte', NULL, '1', '2015-07-24 09:19:52', '2015-07-24 09:32:02', '0240b426-d09a-4fb6-815b-15bfdaaa9bf9'),
 ('19', '19', 'fr_fr', 'jalouse-cover', NULL, '1', '2015-07-24 09:21:13', '2015-07-24 09:32:19', '20a1b2f2-260a-46b2-b2a4-7788ed3ecf5f'),
 ('20', '20', 'fr_fr', 'jalouse-texte', NULL, '1', '2015-07-24 09:21:56', '2015-07-24 09:32:31', '99c811b7-a19b-499c-8b63-9787503ba107'),
 ('21', '21', 'fr_fr', 'grazia-cover', NULL, '1', '2015-07-24 09:23:15', '2015-07-24 09:33:13', '87bf757f-f9f9-4cbe-8591-6c7460f07767'),
 ('22', '22', 'fr_fr', 'grazia-texte', NULL, '1', '2015-07-24 09:23:49', '2015-07-24 09:33:22', 'dba65f11-2662-4078-8cbb-ab68760b6877'),
 ('23', '23', 'fr_fr', '', NULL, '1', '2015-07-24 17:37:49', '2015-10-27 10:53:34', '1fe3e0f7-c4fb-41e1-93f5-7f2c588fa731'),
 ('24', '24', 'fr_fr', 'private', NULL, '1', '2015-07-24 18:05:58', '2016-02-05 14:39:46', '1ef6c80f-4bc2-4569-82aa-605ca98e2d9c'),
 ('25', '25', 'fr_fr', 'event', NULL, '1', '2015-07-24 18:06:24', '2016-02-05 14:40:38', '9f6ce7ec-2dfb-4dc4-9c7e-63e0cc242c90'),
 ('26', '26', 'fr_fr', '', NULL, '1', '2015-08-21 07:50:23', '2015-10-21 10:27:34', 'f3f2853c-a2ad-4b6b-bc73-a4b5b8dd53b8'),
 ('27', '27', 'fr_fr', 'cover-1', NULL, '1', '2015-09-05 18:21:59', '2016-02-05 14:41:43', 'b9bc4b98-e7c3-4cef-aee6-2206be1eecb7'),
 ('28', '28', 'fr_fr', 'pro-1', NULL, '1', '2015-09-05 18:23:26', '2016-02-05 14:41:24', '6f40e7c8-2e0e-46be-8d9c-ef685e73c1eb'),
 ('32', '32', 'fr_fr', '16-mg-3798', NULL, '1', '2015-10-13 15:24:35', '2015-10-13 15:24:35', '4b1466cb-6001-453c-93bb-660adefeddc1'),
 ('33', '33', 'fr_fr', '16-mg-3859', NULL, '1', '2015-10-13 15:24:36', '2015-10-13 15:24:36', 'd8dbb05f-c765-418b-aabc-10b12cd73063'),
 ('34', '34', 'fr_fr', '16-mg-3896', NULL, '1', '2015-10-13 15:24:37', '2015-10-13 15:24:37', '2ffb541d-8582-48e9-bd84-af03779b9881'),
 ('35', '35', 'fr_fr', '17-concept-photo1', NULL, '1', '2015-10-13 15:24:59', '2015-10-13 15:24:59', '5160e9b4-62a3-4367-9e19-20b969d3166d'),
 ('36', '36', 'fr_fr', '17-concept-photo5', NULL, '1', '2015-10-13 15:25:01', '2015-10-13 15:25:01', '2b00fb02-d1da-46e0-959e-b0cc8d3acec0'),
 ('37', '37', 'fr_fr', '17-concept-photo7', NULL, '1', '2015-10-13 15:25:02', '2015-10-13 15:25:02', '88ce911c-8e42-47ca-b95f-38e598d7e341'),
 ('45', '45', 'fr_fr', '', NULL, '1', '2015-10-24 13:47:27', '2015-10-26 10:20:43', 'd25b4dc9-795c-4a1a-8cb3-1e7b253da48e'),
 ('46', '46', 'fr_fr', '', NULL, '1', '2015-10-24 13:57:37', '2015-10-26 10:24:01', '5d41ea44-38b3-4e31-9b24-783d667b2dca'),
 ('53', '53', 'fr_fr', '16e-01', NULL, '1', '2015-10-27 12:12:31', '2015-10-27 12:12:31', '38fcf497-b493-40d6-bfba-2d941a8ae77e'),
 ('54', '54', 'fr_fr', '16e-02', NULL, '1', '2015-10-27 12:12:32', '2015-10-27 12:12:32', 'e41dcd41-4ed8-451c-aa7e-83601677b707'),
 ('55', '55', 'fr_fr', '16e-03', NULL, '1', '2015-10-27 12:12:34', '2015-10-27 12:12:34', 'c80509ea-e5e4-4d25-a7dd-b4e364ae7235'),
 ('56', '56', 'fr_fr', '17e-01', NULL, '1', '2015-10-27 12:12:36', '2015-10-27 12:12:36', '8321080f-5a55-4bd0-8e3e-3de17b7b281e'),
 ('57', '57', 'fr_fr', '17e-02', NULL, '1', '2015-10-27 12:12:37', '2015-10-27 12:12:37', '25397e13-f09e-4654-90d7-3fc9160515e9'),
 ('58', '58', 'fr_fr', '17e-03', NULL, '1', '2015-10-27 12:12:39', '2015-10-27 12:12:39', '3f6f7a42-2930-4790-8bb7-767aeb0a67eb'),
 ('62', '62', 'fr_fr', 'public-texte', NULL, '1', '2015-12-06 07:58:20', '2016-02-05 14:43:46', 'ffda0b72-d45b-4350-b886-7209e7422f46'),
 ('63', '63', 'fr_fr', 'public-texte', NULL, '1', '2015-12-06 07:58:26', '2015-12-06 07:58:26', '1a096d5e-e334-405f-a1f1-7c026a854be8'),
 ('64', '64', 'fr_fr', 'public-cover', NULL, '1', '2015-12-06 07:59:01', '2016-02-05 14:43:31', '2beb3848-564c-475b-b5b9-5cdd0fe31bcd'),
 ('65', '65', 'fr_fr', 'public-cover', NULL, '1', '2015-12-06 07:59:07', '2015-12-06 07:59:07', '48213e44-bb40-432f-b391-807b10730c44'),
 ('66', '66', 'fr_fr', '16e-01-1', NULL, '1', '2016-01-26 15:08:31', '2016-02-05 14:33:44', 'a55dfadc-42c2-43c2-8827-b357452c193d'),
 ('67', '67', 'fr_fr', '16e-02-1', NULL, '1', '2016-01-26 15:08:34', '2016-02-05 14:34:28', 'ba754738-6f18-4ad6-bbbd-1219c9e4c23a'),
 ('68', '68', 'fr_fr', '16e-03-1', NULL, '1', '2016-01-26 15:08:37', '2016-02-05 14:34:43', '0bb57b6b-06b3-40c0-adb5-49d500f37d11'),
 ('69', '69', 'fr_fr', '16e-04', NULL, '1', '2016-01-26 15:08:39', '2016-02-05 14:35:23', 'd06d5841-099e-463a-a87c-f599f0a89151'),
 ('70', '70', 'fr_fr', '16e-05', NULL, '1', '2016-01-26 15:08:42', '2016-02-05 14:35:08', '96400f4e-15bf-4f4f-b2f6-95679af2e4ea'),
 ('71', '71', 'fr_fr', '16e-06', NULL, '1', '2016-01-26 15:08:45', '2016-02-05 14:35:38', '3391a0fa-7d5a-4fb1-8e96-a01491e21cae'),
 ('72', '72', 'fr_fr', '17e-01-1', NULL, '1', '2016-01-26 15:08:51', '2016-02-05 14:36:14', 'b1dad20f-3ddc-4279-a1ea-48ba84fbcf8b'),
 ('73', '73', 'fr_fr', '17e-02-1', NULL, '1', '2016-01-26 15:08:54', '2016-02-05 14:36:30', 'f0b97bc8-3d84-4402-ad2c-439d83b55ed4'),
 ('74', '74', 'fr_fr', '17e-03-1', NULL, '1', '2016-01-26 15:08:58', '2016-02-05 14:36:52', '54e3bed3-ebdb-4d83-b1e7-e92082845aa3'),
 ('75', '75', 'fr_fr', '17e-04', NULL, '1', '2016-01-26 15:09:02', '2016-02-05 14:37:04', '1aa8c38b-da92-444c-8b3f-2ce4d5d3c987'),
 ('76', '76', 'fr_fr', '17e-05', NULL, '1', '2016-01-26 15:09:04', '2016-02-05 14:37:15', '113d461a-0f0f-4869-bb87-f79a5ef7daa1'),
 ('77', '77', 'fr_fr', '17e-06', NULL, '1', '2016-01-26 15:09:08', '2016-02-05 14:37:31', 'c51756cd-e7c4-4dc7-846a-8e5ff73d4cfb'),
 ('78', '78', 'fr_fr', 'anna-todd-chez-before-bar', NULL, '1', '2016-02-16 10:45:04', '2016-02-16 10:45:04', '31aef88b-e1f4-44e4-bfb8-89148fa4b673'),
 ('80', '80', 'fr_fr', 'ines-olympe-mercadal', NULL, '1', '2016-02-16 10:50:34', '2016-02-16 10:50:34', '164d8b9c-540f-4bfc-ae22-6973c82d807d'),
 ('81', '81', 'fr_fr', 'ines-olympe', NULL, '1', '2016-02-16 10:50:36', '2016-02-23 23:57:59', 'bdbd2b52-5753-49fa-948b-0fff05ef7fc1'),
 ('82', '82', 'fr_fr', 'jessica-minh-anh-autumn-fashion-show-eiffel-tower', NULL, '1', '2016-02-22 10:31:49', '2016-02-22 10:31:49', 'b4aa6f62-d9df-456c-b507-78a589ffcf03'),
 ('83', '83', 'fr_fr', 'fashion-show', NULL, '1', '2016-02-22 10:32:15', '2016-03-05 15:04:20', 'd0516c4c-8251-4a87-bf0e-a423b3e862b2'),
 ('84', '84', 'fr_fr', 'public-buzz-awards-before-beauty-bar', NULL, '1', '2016-02-22 10:35:44', '2016-02-22 10:35:44', 'f6680a02-c820-4288-a352-a2c9a559c2f1'),
 ('85', '85', 'fr_fr', 'public-buzz', NULL, '1', '2016-02-22 10:35:52', '2016-02-23 23:42:06', 'af25ba25-3db9-463b-945f-f7b2822619a0'),
 ('86', '86', 'fr_fr', 'img-4389', NULL, '1', '2016-02-22 14:38:42', '2016-02-22 14:42:05', 'd1c8796e-4e09-460f-9bd3-f6b5b39d8c8f'),
 ('88', '88', 'fr_fr', '13-02-2016', NULL, '1', '2016-02-22 14:42:53', '2016-02-23 23:41:34', '50d31c4b-d353-420a-a867-0ac988581cb1'),
 ('89', '89', 'fr_fr', 'img-4391', NULL, '1', '2016-02-22 14:46:08', '2016-02-22 14:46:08', 'f29eea85-f217-47fb-a634-9d1d9e6086b2'),
 ('90', '90', 'fr_fr', 'img-4390', NULL, '1', '2016-02-22 14:50:12', '2016-02-22 14:50:12', 'f6826975-c09b-413e-94c7-8f50502a95b4'),
 ('91', '91', 'fr_fr', 'janvier-2016', NULL, '1', '2016-02-22 14:51:41', '2016-02-23 23:41:57', '84435a86-a633-456f-82ac-32dc073ea7e3'),
 ('92', '92', 'fr_fr', 'img-4399', NULL, '1', '2016-02-23 17:00:43', '2016-02-23 17:00:43', '89694bb6-fe3c-440b-9fd3-a4b432c9175f'),
 ('93', '93', 'fr_fr', 'img-4404', NULL, '1', '2016-02-23 22:07:26', '2016-02-23 22:07:26', 'b07cf3a4-9434-44fe-971b-99dfd64237c6'),
 ('94', '94', 'fr_fr', 'img-4407', NULL, '1', '2016-02-23 22:18:55', '2016-02-23 22:18:55', '96b467ef-3058-4b08-bde4-81d40f391348'),
 ('95', '95', 'fr_fr', 'img-4408', NULL, '1', '2016-02-23 22:26:06', '2016-02-23 22:26:06', 'e3beddad-2619-41b3-b632-bfaccc3c6e09'),
 ('96', '96', 'fr_fr', 'img-2644', NULL, '1', '2016-02-23 22:30:03', '2016-02-23 22:30:03', '0c5560cb-371b-48cf-bf29-be7f227c970d'),
 ('97', '97', 'fr_fr', 'img-4409', NULL, '1', '2016-02-23 22:35:38', '2016-02-23 22:35:38', 'a1555ddd-2497-4413-b7b1-d88d8cee6e12'),
 ('98', '98', 'fr_fr', 'img-4410', NULL, '1', '2016-02-23 23:37:52', '2016-02-23 23:37:52', 'b8decdaf-d523-4e4b-8dc6-6ed7b05197b7'),
 ('99', '99', 'fr_fr', '12-mars-08-avril-2015', NULL, '1', '2016-02-23 23:37:56', '2016-02-23 23:42:15', 'c8d9ca57-260e-47d4-adee-49f621a5fc90'),
 ('100', '100', 'fr_fr', '22-mai-2015', NULL, '1', '2016-02-24 00:12:40', '2016-02-24 08:05:02', 'c520c22f-08a3-4eef-9811-4980e2aa2fa4'),
 ('101', '101', 'fr_fr', 'image', NULL, '1', '2016-02-24 00:13:26', '2016-03-20 00:27:58', 'cac0c21d-6c57-4060-8c1a-62db9ad2f589'),
 ('102', '102', 'fr_fr', 'image-1', NULL, '1', '2016-02-24 08:04:43', '2016-02-24 08:04:43', 'd6ee306a-a937-4f23-96b3-f56e988f1b78'),
 ('103', '103', 'fr_fr', 'image-2', NULL, '1', '2016-02-24 08:59:07', '2016-02-24 08:59:07', '06cc1a9c-8c85-432e-88c4-46fb4c830cc2'),
 ('104', '104', 'fr_fr', 'img-4422', NULL, '1', '2016-02-24 09:16:49', '2016-02-24 09:16:49', '9c41e80e-93d1-4fab-a6b7-4ea27d6f0247'),
 ('105', '105', 'fr_fr', '06-octobre-2014', NULL, '1', '2016-02-24 09:16:54', '2016-03-05 15:02:16', '582ff2e3-d912-44a7-8122-d8fabfa2277e'),
 ('106', '106', 'fr_fr', '2bec94a6-716e-44f8-9b7d-46b0fedeb335', NULL, '1', '2016-03-05 15:20:45', '2016-03-05 15:20:45', 'de3e83fa-4bd5-4ee7-9919-0b84da586674'),
 ('107', '107', 'fr_fr', '07-avril-2015', NULL, '1', '2016-03-05 15:20:50', '2016-03-05 15:20:50', '35e697f4-b369-45e3-9e1f-b1d44a2f2eff'),
 ('108', '108', 'fr_fr', 'image-3', NULL, '1', '2016-03-07 20:35:33', '2016-03-07 20:35:33', 'e80cd993-1665-4c64-9247-ac18c17dcbcf'),
 ('109', '109', 'fr_fr', '08-mars-2016', NULL, '1', '2016-03-07 20:36:16', '2016-03-20 00:38:39', '2c513f3c-0031-4a0c-abba-326502a83b7c'),
 ('111', '111', 'fr_fr', '19-mars-2016', NULL, '1', '2016-03-20 00:28:15', '2016-03-20 00:29:52', 'd26a8242-527c-4dde-ba80-15f7469a02b8'),
 ('112', '112', 'fr_fr', 'image-4', NULL, '1', '2016-03-20 00:38:28', '2016-03-20 00:38:28', '6dd3edb0-888a-4186-b086-b1cdaa6e29fe'),
 ('113', '113', 'fr_fr', 'image-5', NULL, '1', '2016-03-24 07:49:22', '2016-03-24 07:49:22', 'e88fcb27-ad5e-4ee3-8415-54366ec36495'),
 ('114', '114', 'fr_fr', '26-janvier-2016', NULL, '1', '2016-03-24 07:50:12', '2016-03-24 07:50:12', '4eaf3c97-d448-4a55-aa7d-33fedd0f84c3'),
 ('115', '115', 'fr_fr', 'image-6', NULL, '1', '2016-03-30 07:43:02', '2016-03-30 07:43:02', '25bd0eac-0a49-4452-bf08-2a2546dfe9e0'),
 ('116', '116', 'fr_fr', '29-mars-2016', NULL, '1', '2016-03-30 07:43:17', '2016-03-30 07:43:17', '33cb7bad-308a-41f6-9307-7aaea1dbba9d'),
 ('117', '117', 'fr_fr', '30-mars-21', NULL, '1', '2016-03-30 11:49:02', '2016-03-30 11:51:28', 'a0009474-ccf2-48ae-863d-dda810b87c6d'),
 ('118', '118', 'fr_fr', 'image-7', NULL, '1', '2016-03-30 11:51:19', '2016-03-30 11:51:19', '18e39162-7a3a-486a-89c0-c15a3b713ae1'),
 ('119', '119', 'fr_fr', 'image-8', NULL, '1', '2016-04-04 18:52:01', '2016-04-04 18:52:01', 'a30ea001-f2e7-424c-a26f-07d328053e17'),
 ('120', '120', 'fr_fr', '02-03-04-avril-2016', NULL, '1', '2016-04-04 18:52:16', '2016-04-04 18:52:16', '68a0b227-4d11-44c3-93c9-1d44c60bdb31'),
 ('121', '121', 'fr_fr', 'image-9', NULL, '1', '2016-04-08 20:59:41', '2016-04-08 20:59:41', '5364398f-c0e1-477a-a71c-26fde6e42816'),
 ('122', '122', 'fr_fr', '09-avril-2016', NULL, '1', '2016-04-08 20:59:55', '2016-04-08 20:59:55', 'deaf002e-c201-4f3a-91a5-111173fe3f74'),
 ('123', '123', 'fr_fr', 'image-10', NULL, '1', '2016-05-26 22:42:44', '2016-05-26 22:42:44', '236fff4c-235d-4533-965a-3028d6e9e0e4'),
 ('124', '124', 'fr_fr', '26-mai-2016', NULL, '1', '2016-05-26 22:43:06', '2016-05-26 22:43:06', '237c95fe-c154-4611-b5df-25536fb286ca'),
 ('125', '125', 'fr_fr', 'image-11', NULL, '1', '2016-06-12 22:47:33', '2016-06-12 22:47:33', '53cfafa8-8e62-4975-bcce-5409edb21143'),
 ('126', '126', 'fr_fr', '12-juin-2016', NULL, '1', '2016-06-12 22:47:57', '2016-06-13 10:47:46', '1d07df6a-87f4-4772-b04a-bc7349206e7a'),
 ('127', '127', 'fr_fr', 'image-12', NULL, '1', '2016-06-17 22:00:54', '2016-06-17 22:00:54', '8b7e9fa0-69ea-4c27-9a4f-6127b8670ccf');
INSERT INTO `craft_elements_i18n` (`id`, `elementId`, `locale`, `slug`, `uri`, `enabled`, `dateCreated`, `dateUpdated`, `uid`) VALUES
 ('128', '128', 'fr_fr', '17-juin-2016', NULL, '1', '2016-06-17 22:01:25', '2016-06-17 22:01:25', '89dca07f-9c25-4318-a4fb-46cd184c6df3'),
 ('129', '129', 'fr_fr', 'image-13', NULL, '1', '2016-08-30 22:30:46', '2016-08-30 22:30:46', '4f6155a9-4156-4110-827a-1040684a785b'),
 ('130', '130', 'fr_fr', '30-août-2016', NULL, '1', '2016-08-30 22:31:22', '2016-08-30 22:31:22', '1b52e8d1-0056-4b5c-a174-43e72ef423ab'),
 ('131', '131', 'fr_fr', 'img-1108', NULL, '1', '2016-10-02 22:09:08', '2016-10-02 22:09:08', '5196d82b-1017-4f78-b376-6af7ccaf0523'),
 ('132', '132', 'fr_fr', '30-septembre-au-02-octobre-2016', NULL, '1', '2016-10-02 22:10:08', '2016-10-02 22:10:08', '543ba730-a480-4edc-8ca1-45e98caae82c'),
 ('133', '133', 'fr_fr', 'img-1264', NULL, '1', '2016-11-04 21:58:02', '2016-11-04 21:58:02', '7133102d-830a-4846-92e4-b00a0b46d144'),
 ('134', '134', 'fr_fr', '03-novembre-2016', NULL, '1', '2016-11-04 21:58:32', '2016-11-04 21:58:32', 'e6ef920e-8875-4043-8689-7a02a0044bd8');



DROP TABLE IF EXISTS `craft_emailmessages`;


--
-- Schema for table `craft_emailmessages`
--
CREATE TABLE `craft_emailmessages` (
  `id` int(11) NOT NULL AUTO_INCREMENT,
  `key` char(150) COLLATE utf8_unicode_ci NOT NULL,
  `locale` char(12) COLLATE utf8_unicode_ci NOT NULL,
  `subject` varchar(1000) COLLATE utf8_unicode_ci NOT NULL,
  `body` text COLLATE utf8_unicode_ci NOT NULL,
  `dateCreated` datetime NOT NULL,
  `dateUpdated` datetime NOT NULL,
  `uid` char(36) COLLATE utf8_unicode_ci NOT NULL DEFAULT '0',
  PRIMARY KEY (`id`),
  UNIQUE KEY `craft_emailmessages_key_locale_unq_idx` (`key`,`locale`),
  KEY `craft_emailmessages_locale_fk` (`locale`)
) ENGINE=InnoDB DEFAULT CHARSET=utf8 COLLATE=utf8_unicode_ci;

DROP TABLE IF EXISTS `craft_entries`;


--
-- Schema for table `craft_entries`
--
CREATE TABLE `craft_entries` (
  `id` int(11) NOT NULL,
  `sectionId` int(11) NOT NULL,
  `typeId` int(11) DEFAULT NULL,
  `authorId` int(11) DEFAULT NULL,
  `postDate` datetime DEFAULT NULL,
  `expiryDate` datetime DEFAULT NULL,
  `dateCreated` datetime NOT NULL,
  `dateUpdated` datetime NOT NULL,
  `uid` char(36) COLLATE utf8_unicode_ci NOT NULL DEFAULT '0',
  PRIMARY KEY (`id`),
  KEY `craft_entries_sectionId_idx` (`sectionId`),
  KEY `craft_entries_typeId_idx` (`typeId`),
  KEY `craft_entries_postDate_idx` (`postDate`),
  KEY `craft_entries_expiryDate_idx` (`expiryDate`),
  KEY `craft_entries_authorId_fk` (`authorId`)
) ENGINE=InnoDB DEFAULT CHARSET=utf8 COLLATE=utf8_unicode_ci;

--
-- Data for table `craft_entries`
--

INSERT INTO `craft_entries` (`id`, `sectionId`, `typeId`, `authorId`, `postDate`, `expiryDate`, `dateCreated`, `dateUpdated`, `uid`) VALUES
 ('2', '1', '1', NULL, '2015-07-22 11:02:17', NULL, '2015-07-22 10:53:28', '2016-02-16 10:44:14', 'affb879a-3156-429d-946e-1ba23ca5b95f'),
 ('17', '3', '3', '1', '2015-07-24 09:18:00', NULL, '2015-07-24 09:18:19', '2015-07-24 09:31:31', '318f465c-31b7-4e92-b7f0-f9ddf9bb5c59'),
 ('18', '3', '3', '1', '2015-07-24 09:19:00', NULL, '2015-07-24 09:19:52', '2015-07-24 09:32:02', '63dee939-ca67-4f29-85df-396078871501'),
 ('19', '3', '3', '1', '2015-07-24 09:21:00', NULL, '2015-07-24 09:21:13', '2015-07-24 09:32:19', '8b0dcacc-ab46-4ce3-8ca7-ddbd68f87722'),
 ('20', '3', '3', '1', '2015-07-24 09:21:00', NULL, '2015-07-24 09:21:56', '2015-07-24 09:32:31', 'f1426fc5-5b70-41bf-844c-7cc1a21fad37'),
 ('21', '3', '3', '1', '2015-07-24 09:23:00', NULL, '2015-07-24 09:23:15', '2015-07-24 09:33:13', '7ec644b9-7e15-41dd-bee3-e61b398aec87'),
 ('22', '3', '3', '1', '2015-07-24 09:23:00', NULL, '2015-07-24 09:23:49', '2015-07-24 09:33:22', 'af47b8c4-47ed-4b15-aa28-0a535af6731a'),
 ('63', '3', '3', '1', '2015-12-06 07:58:25', NULL, '2015-12-06 07:58:26', '2015-12-06 07:58:26', '7c56318b-0438-418a-b962-e061c33c65a6'),
 ('65', '3', '3', '1', '2015-12-06 07:59:07', NULL, '2015-12-06 07:59:07', '2015-12-06 07:59:07', 'dc6f644a-1346-4eea-822f-32873bef4b2b'),
 ('81', '4', '4', '1', '2016-02-02 10:50:00', NULL, '2016-02-16 10:50:36', '2016-02-23 23:57:59', '3ffe087f-2fee-4dfa-b3b0-8b8f846866bb'),
 ('83', '4', '4', '1', '2014-10-31 00:00:00', NULL, '2016-02-22 10:32:15', '2016-03-05 15:04:20', '3bc8f931-d256-460c-a921-b39811befc7c'),
 ('85', '4', '4', '1', '2015-04-01 00:00:00', NULL, '2016-02-22 10:35:52', '2016-02-23 23:42:06', '3b85e57d-64df-4168-9f3a-1f88cad0b162'),
 ('88', '4', '4', '1', '2016-02-13 14:42:00', NULL, '2016-02-22 14:42:53', '2016-02-23 23:41:34', 'd010dd09-5229-4b23-8d1a-363e28e1532b'),
 ('91', '4', '4', '1', '2016-01-08 00:00:00', NULL, '2016-02-22 14:51:41', '2016-02-23 23:41:57', 'b0a07b36-464f-4f68-8918-a793e5b806d8'),
 ('99', '4', '4', '1', '2015-03-12 23:37:00', NULL, '2016-02-23 23:37:56', '2016-02-23 23:42:15', '77338619-379f-4da8-98f1-7cf703a34189'),
 ('100', '4', '4', '1', '2015-05-22 00:00:00', NULL, '2016-02-24 00:12:40', '2016-02-24 08:05:02', '3187359c-28ea-461b-9ec4-e8d0e3194b47'),
 ('105', '4', '4', '1', '2014-10-06 09:16:00', NULL, '2016-02-24 09:16:54', '2016-03-05 15:02:16', '52887c54-de1d-4f75-b59b-5e930ec20bea'),
 ('107', '4', '4', '1', '2015-04-07 00:00:00', NULL, '2016-03-05 15:20:51', '2016-03-05 15:20:51', '2a874356-52a8-4715-ae42-8c65b8fdb455'),
 ('109', '4', '4', '1', '2016-03-07 00:00:00', NULL, '2016-03-07 20:36:16', '2016-03-20 00:38:39', '912071d3-dbab-47c8-b24b-a0dd7b490a37'),
 ('111', '4', '4', '1', '2016-03-19 00:00:00', NULL, '2016-03-20 00:28:15', '2016-03-20 00:29:52', 'db9c0063-6051-4f36-99e0-b1dc1ce7c566'),
 ('114', '4', '4', '1', '2016-01-26 00:00:00', NULL, '2016-03-24 07:50:12', '2016-03-24 07:50:12', 'a6b5f64f-d3fc-4f3b-8a6e-84852dd85e98'),
 ('116', '4', '4', '1', '2016-03-29 00:00:00', NULL, '2016-03-30 07:43:17', '2016-03-30 07:43:17', '86b11eba-cc5f-4449-b0ce-c71bfac93c4e'),
 ('117', '4', '4', '1', '2016-03-30 11:49:00', NULL, '2016-03-30 11:49:02', '2016-03-30 11:51:28', '50afe6f7-8172-4a06-b1ce-50c7ce41f4c2'),
 ('120', '4', '4', '1', '2016-04-04 00:00:00', NULL, '2016-04-04 18:52:16', '2016-04-04 18:52:16', '800329df-fb58-4761-8cf5-56d47290afa4'),
 ('122', '4', '4', '1', '2016-04-08 00:00:00', NULL, '2016-04-08 20:59:56', '2016-04-08 20:59:56', '731438b0-0262-45bb-9aa5-583d8a9bc668'),
 ('124', '4', '4', '1', '2016-05-26 00:00:00', NULL, '2016-05-26 22:43:06', '2016-05-26 22:43:06', '6ebc7a44-2a46-4a8a-b451-845b54a0c08c'),
 ('126', '4', '4', '1', '2016-06-12 00:00:00', NULL, '2016-06-12 22:47:57', '2016-06-13 10:47:46', 'e669dd19-b519-4b68-a40f-b02a64df86cb'),
 ('128', '4', '4', '1', '2016-06-17 00:00:00', NULL, '2016-06-17 22:01:25', '2016-06-17 22:01:25', 'c6837d43-062b-4916-b1e6-f7771b5aeb03'),
 ('130', '4', '4', '1', '2016-08-30 00:00:00', NULL, '2016-08-30 22:31:22', '2016-08-30 22:31:22', 'b371e2ab-2c2d-4e32-9cd7-2880185a078e'),
 ('132', '4', '4', '1', '2016-10-02 00:00:00', NULL, '2016-10-02 22:10:08', '2016-10-02 22:10:08', 'dc81b816-a399-472d-a406-13186a551133'),
 ('134', '4', '4', '1', '2016-11-03 00:00:00', NULL, '2016-11-04 21:58:32', '2016-11-04 21:58:32', 'f11d9c23-0b01-47b9-94dc-95deb1d42d27');



DROP TABLE IF EXISTS `craft_entrydrafts`;


--
-- Schema for table `craft_entrydrafts`
--
CREATE TABLE `craft_entrydrafts` (
  `id` int(11) NOT NULL AUTO_INCREMENT,
  `entryId` int(11) NOT NULL,
  `sectionId` int(11) NOT NULL,
  `creatorId` int(11) NOT NULL,
  `locale` char(12) COLLATE utf8_unicode_ci NOT NULL,
  `name` varchar(255) COLLATE utf8_unicode_ci NOT NULL,
  `notes` tinytext COLLATE utf8_unicode_ci,
  `data` mediumtext COLLATE utf8_unicode_ci NOT NULL,
  `dateCreated` datetime NOT NULL,
  `dateUpdated` datetime NOT NULL,
  `uid` char(36) COLLATE utf8_unicode_ci NOT NULL DEFAULT '0',
  PRIMARY KEY (`id`),
  KEY `craft_entrydrafts_entryId_locale_idx` (`entryId`,`locale`),
  KEY `craft_entrydrafts_sectionId_fk` (`sectionId`),
  KEY `craft_entrydrafts_creatorId_fk` (`creatorId`),
  KEY `craft_entrydrafts_locale_fk` (`locale`)
) ENGINE=InnoDB DEFAULT CHARSET=utf8 COLLATE=utf8_unicode_ci;

DROP TABLE IF EXISTS `craft_entrytypes`;


--
-- Schema for table `craft_entrytypes`
--
CREATE TABLE `craft_entrytypes` (
  `id` int(11) NOT NULL AUTO_INCREMENT,
  `sectionId` int(11) NOT NULL,
  `fieldLayoutId` int(11) DEFAULT NULL,
  `name` varchar(255) COLLATE utf8_unicode_ci NOT NULL,
  `handle` varchar(255) COLLATE utf8_unicode_ci NOT NULL,
  `hasTitleField` tinyint(1) unsigned NOT NULL DEFAULT '1',
  `titleLabel` varchar(255) COLLATE utf8_unicode_ci DEFAULT 'Title',
  `titleFormat` varchar(255) COLLATE utf8_unicode_ci DEFAULT NULL,
  `sortOrder` tinyint(4) DEFAULT NULL,
  `dateCreated` datetime NOT NULL,
  `dateUpdated` datetime NOT NULL,
  `uid` char(36) COLLATE utf8_unicode_ci NOT NULL DEFAULT '0',
  PRIMARY KEY (`id`),
  UNIQUE KEY `craft_entrytypes_name_sectionId_unq_idx` (`name`,`sectionId`),
  UNIQUE KEY `craft_entrytypes_handle_sectionId_unq_idx` (`handle`,`sectionId`),
  KEY `craft_entrytypes_sectionId_fk` (`sectionId`),
  KEY `craft_entrytypes_fieldLayoutId_fk` (`fieldLayoutId`)
) ENGINE=InnoDB AUTO_INCREMENT=5 DEFAULT CHARSET=utf8 COLLATE=utf8_unicode_ci;

--
-- Data for table `craft_entrytypes`
--

INSERT INTO `craft_entrytypes` (`id`, `sectionId`, `fieldLayoutId`, `name`, `handle`, `hasTitleField`, `titleLabel`, `titleFormat`, `sortOrder`, `dateCreated`, `dateUpdated`, `uid`) VALUES
 ('1', '1', '75', 'Homepage', 'homepage', '1', 'Title', NULL, NULL, '2015-07-22 10:53:28', '2016-02-16 10:35:39', 'f75a59c0-11dc-4840-8208-34b8f6ff8077'),
 ('3', '3', '23', 'Article Presse', 'articlePresse', '1', 'Titre', NULL, NULL, '2015-07-23 13:17:00', '2015-07-23 13:21:39', '7931404a-92ad-4272-bfbf-fd462777dd2b'),
 ('4', '4', '74', 'Actualités', 'actualites', '1', 'Titre', NULL, NULL, '2016-02-16 10:34:35', '2016-02-16 10:34:53', '441210ee-882b-4f4a-8add-b6721aef50e2');



DROP TABLE IF EXISTS `craft_entryversions`;


--
-- Schema for table `craft_entryversions`
--
CREATE TABLE `craft_entryversions` (
  `id` int(11) NOT NULL AUTO_INCREMENT,
  `entryId` int(11) NOT NULL,
  `sectionId` int(11) NOT NULL,
  `creatorId` int(11) DEFAULT NULL,
  `locale` char(12) COLLATE utf8_unicode_ci NOT NULL,
  `num` smallint(6) unsigned NOT NULL,
  `notes` tinytext COLLATE utf8_unicode_ci,
  `data` mediumtext COLLATE utf8_unicode_ci NOT NULL,
  `dateCreated` datetime NOT NULL,
  `dateUpdated` datetime NOT NULL,
  `uid` char(36) COLLATE utf8_unicode_ci NOT NULL DEFAULT '0',
  PRIMARY KEY (`id`),
  KEY `craft_entryversions_entryId_locale_idx` (`entryId`,`locale`),
  KEY `craft_entryversions_sectionId_fk` (`sectionId`),
  KEY `craft_entryversions_creatorId_fk` (`creatorId`),
  KEY `craft_entryversions_locale_fk` (`locale`)
) ENGINE=InnoDB AUTO_INCREMENT=86 DEFAULT CHARSET=utf8 COLLATE=utf8_unicode_ci;

--
-- Data for table `craft_entryversions`
--

INSERT INTO `craft_entryversions` (`id`, `entryId`, `sectionId`, `creatorId`, `locale`, `num`, `notes`, `data`, `dateCreated`, `dateUpdated`, `uid`) VALUES
 ('1', '2', '1', '1', 'fr_fr', '1', '', '{\"typeId\":\"1\",\"authorId\":null,\"title\":\"Before Bar\",\"slug\":\"homepage\",\"postDate\":1437562937,\"expiryDate\":null,\"enabled\":1,\"fields\":{\"136\":\"Voir les actualit\\u00e9s\",\"137\":\"<p>D\\u00e9couvrez nos actualit\\u00e9s !<\\/p>\",\"138\":\"Actualit\\u00e9s\",\"109\":\"Bons Cadeaux\",\"110\":\"https:\\/\\/app.flexybeauty.com\\/before\\/giftItems\",\"135\":\"https:\\/\\/app.flexybeauty.com\\/before-16\\/giftItems\",\"113\":\"Voir le salon\",\"114\":\"Voir le plan\",\"115\":[\"66\",\"67\",\"68\",\"69\",\"70\",\"71\"],\"116\":[\"72\",\"73\",\"74\",\"75\",\"76\",\"77\"],\"9\":\"Contact\",\"59\":\"Adresse\",\"60\":\"R\\u00e9servation\",\"61\":\"<p class=\\\"norm\\\">Vous avez une question particuli\\u00e8re, vous voulez privatiser notre salon ou souhaitez que l\\u2019on vous accompagne lors d\\u2019un \\u00e9v\\u00e9nement ? Ecrivez-nous, nous vous r\\u00e9pondrons dans les plus brefs d\\u00e9lais.\\r\\n<\\/p>\",\"65\":\"<p>Contenu CGV<\\/p>\",\"64\":\"CGV\",\"69\":\"<p>\\r\\n\\tConception\\/DA\\/UX : <a href=\\\"http:\\/\\/blackpizza.com\\\" target=\\\"_blank\\\">Black Pizza<\\/a><br>\\r\\n\\tInt\\u00e9gration & d\\u00e9veloppement : <a href=\\\"http:\\/\\/blackpizza.com\\\" target=\\\"_blank\\\">Black Pizza<\\/a><br><br>\\r\\n\\tPrises de vue :<br>\\r\\n\\t- DA : <a href=\\\"http:\\/\\/blackpizza.com\\\" target=\\\"_blank\\\">Black Pizza<\\/a><br>\\r\\n\\t- Photographie : <a href=\\\"http:\\/\\/www.erwanfichou.org\\/\\\" target=\\\"_blank\\\">Erwan Fichou<\\/a><br>\\r\\n\\t- Coiffure, maquillage, manucure : Before Beauty Bar\\r\\n<\\/p>\",\"68\":\"Cr\\u00e9dits\",\"63\":\"\",\"62\":\"Franchise\",\"58\":\"Horaires\",\"108\":\"Ce champ est obligatoire\",\"86\":\"Votre message \\u00e0 bien \\u00e9t\\u00e9 envoy\\u00e9. Nous vous recontacterons dans les plus brefs d\\u00e9lais.\",\"67\":\"<p><strong>PROPRI\\u00c9T\\u00c9<\\/strong><br>\\r\\n\\tSoci\\u00e9t\\u00e9 \\u00e9ditrice : SARL\\r\\nBEFORE exer\\u00e7ant sous l\\u2019enseigne \\u00ab Beforebar.com \\u00bb\\r\\n\\t<br>\\r\\n\\tCapital social : 8.000 \\u20ac<br>\\r\\n\\tSi\\u00e8ge social : 97 bis rue de Jouffroy d\\u2019Abbans 75017 Paris France<br>\\r\\n\\tNum\\u00e9ro d\\u2019identification : 529 779 126 RCS Paris<br>\\r\\n\\tN\\u00b0 TVA : FR 53 529 779 126\\r\\n<\\/p><p><strong>PUBLICATION<\\/strong><br>\\r\\n\\tDirecteur de la publication : Yael KOSKAS<br>\\r\\n\\tT\\u00e9l\\u00e9phone : 01 77 19 12 22 (du mardi au samedi, de 10 h \\u00e0 19h30)\\r\\n<\\/p><p><strong>CR\\u00c9DITS PHOTOS<\\/strong><br>\\r\\n\\tDroit de propri\\u00e9t\\u00e9 sur les visuels : BEFORE BEAUTY BAR\\r\\n<\\/p><p><strong>H\\u00c9BERGEUR<\\/strong><br>\\r\\n\\t<a href=\\\"https:\\/\\/www.ovh.com\\/fr\\/\\\" target=\\\"_blank\\\">OVH<\\/a>, 2 rue de Kellermann \\u2013 BP 80157 ROUBAIX\\r\\n<\\/p>\",\"66\":\"Mentions L\\u00e9gales\",\"57\":\"Nous Contacter\",\"70\":\"Contactez-nous\",\"112\":[\"28\"],\"111\":[\"27\"],\"41\":\"<p class=\\\"norm\\\">La Before Team se d\\u00e9place chez vous ou dans le lieu de votre choix ! Nos Before Artists sont \\u00e0 vos c\\u00f4t\\u00e9s pour vous conseiller et vous sublimer lors de tous vos \\u00e9v\\u00e9nements.\\r\\n<\\/p>\",\"106\":[\"25\"],\"42\":\"\\u00c0 DOMICILE\",\"6\":\"Pro\",\"45\":\"En savoir plus\",\"121\":\"Je privatise\",\"122\":\"Voir les formules\",\"43\":\"<p class=\\\"norm\\\">Privatisez l\'un de nos salons design & girly pour toutes vos occasions entre filles : EVJF, baby shower, anniversaire\\u2026 Pour  un moment unique et inoubliable rien qu\\u2019entre vous.<\\/p>\",\"105\":[\"24\"],\"119\":\"javascript:b4_bar.choose_select(1)\",\"120\":\"https:\\/\\/app.flexybeauty.com\\/before-16\\/category\\/6250230219538432\",\"44\":\"Before Events\",\"30\":\"<p class=\\\"offer-desc\\\">\\r\\n\\tPour \\u00eatre belle des pieds \\u00e0 la t\\u00eate pour vos vacances<br><br><br>\\r\\n\\t+ Beaut\\u00e9 mains, pieds, et pose de vernis<br><br>\\r\\n\\t+ Beaut\\u00e9 mains, pieds, et vernis semi-permanent<br><br>\\r\\n\\t+ Beaut\\u00e9 mains, pieds, vernis, maillot br\\u00e9silien, et jambes compl\\u00e8tes<br><br>\\r\\n\\t+ Beaut\\u00e9 mains, pieds, vernis, maillot br\\u00e9silien, demi-jambes, et aisselles<br><br>\\r\\n\\t...\\r\\n<\\/p>\",\"29\":\"Pour \\u00eatre belle des pieds \\u00e0 la t\\u00eate pour vos vacances\",\"31\":\"A partir de 52\\u20ac \\/ personne\",\"28\":\"The Beach\",\"21\":\"<p class=\\\"offer-desc\\\">        \\r\\n\\tAvant un RDV professionnel ou amoureux\\r\\n\\t<br><br><br>\\t\\r\\n\\t+ Brushing ou coiffure d\'un soir\\r\\n\\t<br><br>\\r\\n\\t+ Maquillage<br><br>\\r\\n\\t+ Beaut\\u00e9 mains avec pose de vernis\\r\\n<\\/p>\",\"22\":\"Avant un RDV professionnel ou amoureux\",\"23\":\"A partir de 42\\u20ac \\/ personne\",\"20\":\"Dating & Party\",\"18\":\"<p class=\\\"offer-desc\\\">Pour toutes vos occasions entre filles<br><br><br>\\r\\n\\t+ Vernis semi-permanent<br><br>\\r\\n\\t+ Beaut\\u00e9 des mains & des pieds<br><br>\\r\\n\\t+ Atelier make-up entre filles<br><br>\\r\\n\\t...\\r\\n<\\/p>\",\"17\":\"Privatisez pour tous vos events (EVJF, baby shower\\u2026)\",\"19\":\"A partir de 40\\u20ac \\/ personne\",\"16\":\"Events\",\"26\":\"<p class=\\\"offer-desc\\\">\\r\\n\\tPour \\u00eatre au top le plus beau jour de votre vie<br><br><br>\\r\\n\\t+ Essai maquillage ou coiffure<br><br>\\r\\n\\t+ Maquillage et coiffure du Jour J<br><br>\\r\\n\\t+ Formule compl\\u00e8te sur 8 jours jusqu\\u2019au mariage<br><br>\\r\\n\\t...\\r\\n<\\/p>\",\"25\":\"Pour \\u00eatre au top le plus beau jour de votre vie\",\"27\":\"A partir de 100\\u20ac\",\"24\":\"Wedding\",\"3\":\"Forfaits\",\"15\":\"D\\u00e9couvrir le forfait\",\"14\":\"<p class=\\\"norm\\\">Before Beauty Bar est le premier bar \\u00e0 beaut\\u00e9 avant \\u00e9v\\u00e9nements.<br>\\r\\n\\tDans l\'air du temps, son concept associe un forfait beaut\\u00e9 rapide et accessible \\u00e0 chaque occasion de la vie d\'une femme.<br>D\\u00e9couvrez ci-dessous nos 4 forfaits stars. Pour celles qui ne trouvent pas leur bonheur,<br>\\r\\n\\tBefore propose aussi des <a href=\\\"#soins\\\">prestations \\u00e0 la carte<\\/a>.\\r\\n<\\/p>\",\"13\":\"Les forfaits Before\",\"12\":\"Prendre rendez-vous\",\"11\":\"Before Beauty Bar vous sublime avant chaque \\u00e9v\\u00e9nement\",\"10\":\"Cr\\u00e9ateur de beaut\\u00e9\",\"7\":\"Presse\",\"50\":\"Voir nos parutions\",\"49\":\"<p class=\\\"norm\\\">On parle de nous dans la presse ! Parce que les petits mots \\u00e9logieux font toujours plaisir, vous pouvez retrouver tous les billets sur le salon et son actualit\\u00e9.\\r\\n<\\/p>\",\"48\":\"Presse\",\"5\":\"Events\",\"118\":\"Contactez-nous\",\"46\":\"<p><br><\\/p><p>Parce que Before est aussi une conciergerie beaut\\u00e9 de luxe, nous vous accompagnons dans vos \\u00e9v\\u00e9nements professionnels avec nos formules d\\u2019animations beaut\\u00e9 pour les entreprises : Nail bar, maquillage, bar \\u00e0 tresses, bar \\u00e0 brushing...\\r\\n<\\/p>\",\"47\":\"Espace Pro\",\"117\":\"Nos salons\",\"8\":\"Social\",\"52\":\"Ne ratez plus aucune actu before !\",\"54\":\"Facebook\",\"55\":\"https:\\/\\/www.facebook.com\\/Beforebeautybar\",\"53\":\"Insta\",\"56\":\"https:\\/\\/instagram.com\\/beforebeautybar\\/\",\"51\":\"We are Social\",\"4\":\"\\u00c0 la carte\",\"34\":\"<p class=\\\"contentpop\\\">Nos professionnels vous accueilllent et mettent leur expertise \\u00e0 votre service. El\\u00e9gant, l\\u00e9ger ou \\u00e9lectrique : tous les styles sont permis !<br>\\r\\n\\tA partir de 20\\u20ac\\r\\n<\\/p>\",\"32\":\"Bar \\u00e0 coiffure\",\"38\":\"<p class=\\\"contentpop\\\">Quelle que soit l\\u2019occasion, votre visage est au centre de nos attentions. A travers les teintes et les textures, faites-vous chouchouter selon vos envies !<br>\\r\\n\\tA partir de 25\\u20ac\\r\\n<\\/p>\",\"37\":\"Bar \\u00e0 maquillage\",\"36\":\"<p class=\\\"contentpop\\\">Profitez d\\u2019un savoir-faire unique pour \\u00eatre belle jusqu\\u2019au bout des ongles ! Une touche de vernis sublimera vos pieds et mains \\u00e0 merveille.<br>\\r\\n\\tA partir de 10\\u20ac\\r\\n<\\/p>\",\"35\":\"Bar \\u00e0 ongles\",\"40\":\"<p class=\\\"contentpop\\\">Prenez un moment de d\\u00e9tente pour vous ressourcer et \\u00e9nergiser votre peau. Nos soins sont vari\\u00e9s et complets pour une sensation durable de fra\\u00eecheur.<br>\\r\\nA partir de 35\\u20ac\\r\\n<\\/p>\",\"39\":\"Spa urbain\",\"33\":\"Soins \\u00e0 la carte\",\"74\":\"<p><a href=\\\"https:\\/\\/www.google.fr\\/maps\\/place\\/97+Rue+Jouffroy+d\'Abbans,+75017+Paris\\/@48.8820013,2.3019859,17z\\/data=!3m1!4b1!4m2!3m1!1s0x47e66fbe06b14afb:0xc4b10c0280c53462?hl=fr\\\" target=\\\"_blank\\\">97 bis rue Jouffroy d\'Abbans<br>75017 Paris<\\/a>\\r\\n<\\/p>\",\"73\":\"<p><a href=\\\"tel:0177191222\\\">01 77 19 12 22<\\/a>\\r\\n<\\/p>\",\"72\":\"<p>Du mardi au samedi<br>\\r\\n\\tde 10h00 \\u00e0 19h30<\\/p>\",\"87\":\"https:\\/\\/app.flexybeauty.com\\/before\\/home\",\"71\":\"Before 17e\",\"76\":\"<p><a href=\\\"https:\\/\\/www.google.fr\\/maps\\/place\\/74+Rue+Saint-Didier,+75116+Paris\\/@48.8677807,2.2817583,17z\\/data=!3m1!4b1!4m2!3m1!1s0x47e66ff763bf95c1:0xf461b396e5344ba4?hl=fr\\\" target=\\\"_blank\\\">74 rue Saint-Didier<br>75016 Paris<\\/a>\\r\\n<\\/p>\",\"78\":\"<p><a href=\\\"tel:0142562648\\\">01 42 56 26 48<\\/a>\\r\\n<\\/p>\",\"77\":\"<p>Du mardi au samedi<br>\\r\\n\\tde 10h00 \\u00e0 19h30<\\/p>\",\"88\":\"https:\\/\\/app.flexybeauty.com\\/before-16\\/home\",\"75\":\"Before 16e\"}}', '2016-02-16 10:44:14', '2016-02-16 10:44:14', '0d8836fa-d4ea-43ea-bb9a-75eb11afb5f7'),
 ('3', '81', '4', '1', 'fr_fr', '1', '', '{\"typeId\":null,\"authorId\":\"1\",\"title\":\"Ines Olympe\",\"slug\":\"ines-olympe\",\"postDate\":1455619836,\"expiryDate\":null,\"enabled\":1,\"fields\":{\"139\":\"Shooting pour la nouvelle marque d\'Ines Olympe Mercadal. Nails by Beforebeautybar\",\"140\":[\"80\"],\"141\":\"Ines Olympe\"}}', '2016-02-16 10:50:36', '2016-02-16 10:50:36', '5f79f3d5-cb93-47ff-ba2d-e1adbbeb702b'),
 ('4', '81', '4', '1', 'fr_fr', '2', '', '{\"typeId\":\"4\",\"authorId\":\"1\",\"title\":\"F\\u00e9vrier\\u00a02016\",\"slug\":\"ines-olympe\",\"postDate\":1455619800,\"expiryDate\":null,\"enabled\":1,\"fields\":{\"139\":\"Shooting pour la nouvelle marque d\'Ines Olympe Mercadal. Nails by Beforebeautybar\",\"140\":[\"80\"],\"141\":\"Ines Olympe\"}}', '2016-02-18 13:44:43', '2016-02-18 13:44:43', '0449724e-876c-44ad-8ba6-e784457c22fc'),
 ('5', '81', '4', '1', 'fr_fr', '3', '', '{\"typeId\":\"4\",\"authorId\":\"1\",\"title\":\"F\\u00e9vrier\\u00a02016\",\"slug\":\"ines-olympe\",\"postDate\":1455619800,\"expiryDate\":null,\"enabled\":1,\"fields\":{\"139\":\"Shooting pour la nouvelle marque d\'Ines Olympe Mercadal. Nails by Beforebeautybar\",\"140\":[\"80\"],\"141\":\"F\\u00e9vrier 2016\"}}', '2016-02-18 13:46:06', '2016-02-18 13:46:06', 'f16b2f3e-ed4e-4d1d-81f8-ceea0df43c1e'),
 ('8', '83', '4', '1', 'fr_fr', '1', '', '{\"typeId\":null,\"authorId\":\"1\",\"title\":\"Octobre 2014\",\"slug\":\"octobre-2014\",\"postDate\":1454198400,\"expiryDate\":null,\"enabled\":1,\"fields\":{\"139\":\"Autumn Fashion Show : Partenaire Officiel Before \",\"140\":[\"82\"],\"141\":\"Octobre 2014\"}}', '2016-02-22 10:32:15', '2016-02-22 10:32:15', 'be429950-81bc-4a2b-bc5e-f799a155bccb'),
 ('9', '83', '4', '1', 'fr_fr', '2', '', '{\"typeId\":\"4\",\"authorId\":\"1\",\"title\":\"Octobre 2014\",\"slug\":\"octobre-2014\",\"postDate\":1456099200,\"expiryDate\":null,\"enabled\":1,\"fields\":{\"139\":\"Autumn Fashion Show: Partenaire Officiel Before \",\"140\":[\"82\"],\"141\":\"Octobre 2014\"}}', '2016-02-22 10:33:17', '2016-02-22 10:33:17', '3514a874-5929-4d35-89e5-2f93b69f8fae'),
 ('10', '85', '4', '1', 'fr_fr', '1', '', '{\"typeId\":null,\"authorId\":\"1\",\"title\":\"Avril 2015\",\"slug\":\"avril-2015\",\"postDate\":1456099200,\"expiryDate\":null,\"enabled\":1,\"fields\":{\"139\":\"Animation beaut\\u00e9 pour les Public Buzz Awards by Before Beauty Bar.\",\"140\":[\"84\"],\"141\":\"Avril 2015\"}}', '2016-02-22 10:35:52', '2016-02-22 10:35:52', '10eabad4-05d8-43c7-9912-296cc691d086'),
 ('12', '85', '4', '1', 'fr_fr', '2', '', '{\"typeId\":\"4\",\"authorId\":\"1\",\"title\":\"Avril 2015\",\"slug\":\"public-buzz\",\"postDate\":1456099200,\"expiryDate\":null,\"enabled\":1,\"fields\":{\"139\":\"Animation beaut\\u00e9 pour les Public Buzz Awards by Before Beauty Bar.\",\"140\":[\"84\"],\"141\":\"Avril 2015\"}}', '2016-02-22 10:44:34', '2016-02-22 10:44:34', 'f27ddbd3-28f9-45fb-a8e0-06f00f322986'),
 ('13', '85', '4', '1', 'fr_fr', '3', '', '{\"typeId\":\"4\",\"authorId\":\"1\",\"title\":\"Avril 2015\",\"slug\":\"public-buzz\",\"postDate\":1456099200,\"expiryDate\":null,\"enabled\":1,\"fields\":{\"139\":\"Animation beaut\\u00e9 pour les Public Buzz Awards by Before Beauty Bar.\",\"140\":[\"84\"],\"141\":\"Avril 2015\"}}', '2016-02-22 10:44:48', '2016-02-22 10:44:48', 'e65c72da-1ec6-442f-b810-95d0075e6d26'),
 ('14', '83', '4', '1', 'fr_fr', '3', '', '{\"typeId\":\"4\",\"authorId\":\"1\",\"title\":\"Octobre 2014\",\"slug\":\"fashion-show\",\"postDate\":1456099200,\"expiryDate\":null,\"enabled\":1,\"fields\":{\"139\":\"Autumn Fashion Show: Partenaire Officiel Before \",\"140\":[\"82\"],\"141\":\"Octobre 2014\"}}', '2016-02-22 10:45:12', '2016-02-22 10:45:12', 'daca699d-9e52-435a-b011-5f04aa420b07'),
 ('15', '83', '4', '1', 'fr_fr', '4', '', '{\"typeId\":\"4\",\"authorId\":\"1\",\"title\":\"Octobre 2014\",\"slug\":\"fashion-show\",\"postDate\":1452643200,\"expiryDate\":null,\"enabled\":1,\"fields\":{\"139\":\"Autumn Fashion Show: Partenaire Officiel Before \",\"140\":[\"82\"],\"141\":\"Octobre 2014\"}}', '2016-02-22 14:32:41', '2016-02-22 14:32:41', '4c40604d-ef16-4256-890b-2339e0a295aa'),
 ('16', '83', '4', '1', 'fr_fr', '5', '', '{\"typeId\":\"4\",\"authorId\":\"1\",\"title\":\"Octobre 2014\",\"slug\":\"fashion-show\",\"postDate\":1412899200,\"expiryDate\":null,\"enabled\":1,\"fields\":{\"139\":\"Autumn Fashion Show: Partenaire Officiel Before \",\"140\":[\"82\"],\"141\":\"Octobre 2014\"}}', '2016-02-22 14:33:06', '2016-02-22 14:33:06', 'c27ebd54-7755-441c-8d2d-c30bb039638f'),
 ('17', '88', '4', '1', 'fr_fr', '1', '', '{\"typeId\":null,\"authorId\":\"1\",\"title\":\"13\\/02\\/2016\",\"slug\":\"13-02-2016\",\"postDate\":1456152173,\"expiryDate\":null,\"enabled\":1,\"fields\":{\"139\":\"Animation Nail Bar pour Theory\",\"140\":[\"86\"],\"141\":\"13\\/02\\/2016\"}}', '2016-02-22 14:42:53', '2016-02-22 14:42:53', '07665056-a9ed-44ac-a814-f8cf350c7711'),
 ('18', '85', '4', '1', 'fr_fr', '4', '', '{\"typeId\":\"4\",\"authorId\":\"1\",\"title\":\"Avril 2015\",\"slug\":\"public-buzz\",\"postDate\":1427846400,\"expiryDate\":null,\"enabled\":1,\"fields\":{\"139\":\"Animation beaut\\u00e9 pour les Public Buzz Awards by Before Beauty Bar.\",\"140\":[\"84\"],\"141\":\"Avril 2015\"}}', '2016-02-22 14:45:01', '2016-02-22 14:45:01', 'fef39e2a-5d19-4ad4-baf4-e1202a4d5d33'),
 ('19', '81', '4', '1', 'fr_fr', '4', '', '{\"typeId\":\"4\",\"authorId\":\"1\",\"title\":\"F\\u00e9vrier\\u00a02016\",\"slug\":\"ines-olympe\",\"postDate\":1455619800,\"expiryDate\":null,\"enabled\":1,\"fields\":{\"139\":\"Shooting pour la nouvelle marque d\'Ines Olympe Mercadal. Nails by Beforebeautybar\",\"140\":[\"80\"],\"141\":\"F\\u00e9vrier 2016\"}}', '2016-02-22 14:45:17', '2016-02-22 14:45:17', 'b8e9245f-f668-427e-90f4-17c7e4b3a8be'),
 ('20', '88', '4', '1', 'fr_fr', '2', '', '{\"typeId\":\"4\",\"authorId\":\"1\",\"title\":\"13 F\\u00e9vrier 2016\",\"slug\":\"13-02-2016\",\"postDate\":1456152120,\"expiryDate\":null,\"enabled\":1,\"fields\":{\"139\":\"Animation Nail Bar pour Theory\",\"140\":[\"89\"],\"141\":\"13\\/02\\/2016\"}}', '2016-02-22 14:46:27', '2016-02-22 14:46:27', 'e98bb270-3531-4987-9b8b-cc4815f864b9'),
 ('21', '88', '4', '1', 'fr_fr', '3', '', '{\"typeId\":\"4\",\"authorId\":\"1\",\"title\":\"13 F\\u00e9vrier 2016\",\"slug\":\"13-02-2016\",\"postDate\":1456152120,\"expiryDate\":null,\"enabled\":1,\"fields\":{\"139\":\"Animation Nail Bar pour Theory\",\"140\":[\"89\"],\"141\":\"13 F\\u00e9vrier 2016\"}}', '2016-02-22 14:48:19', '2016-02-22 14:48:19', '14cde062-f858-47c1-84f3-4e782d14faff'),
 ('22', '88', '4', '1', 'fr_fr', '4', '', '{\"typeId\":\"4\",\"authorId\":\"1\",\"title\":\"13 F\\u00e9vrier 2016\",\"slug\":\"13-02-2016\",\"postDate\":1456152120,\"expiryDate\":null,\"enabled\":1,\"fields\":{\"139\":\"Animation Nail Bar pour Theory\",\"140\":[\"90\"],\"141\":\"13 F\\u00e9vrier 2016\"}}', '2016-02-22 14:50:20', '2016-02-22 14:50:20', '4600a877-8b36-416c-bb33-ce3ebce20397'),
 ('23', '91', '4', '1', 'fr_fr', '1', '', '{\"typeId\":null,\"authorId\":\"1\",\"title\":\"Janvier 2016\",\"slug\":\"janvier-2016\",\"postDate\":1451606400,\"expiryDate\":null,\"enabled\":1,\"fields\":{\"139\":\"Animation Beaut\\u00e9 chez Before pour la sortie du \\u00ab Livre Before \\u00bb saison 1 de l\'incroyable romanci\\u00e8re Anna Todd.\",\"140\":[\"78\"],\"141\":\"Janvier 2016\"}}', '2016-02-22 14:51:41', '2016-02-22 14:51:41', '8391cfbb-5e73-458e-a707-a05e94f17d86'),
 ('24', '81', '4', '1', 'fr_fr', '5', '', '{\"typeId\":\"4\",\"authorId\":\"1\",\"title\":\"02 F\\u00e9vrier\\u00a02016\",\"slug\":\"ines-olympe\",\"postDate\":1455619800,\"expiryDate\":null,\"enabled\":1,\"fields\":{\"139\":\"Shooting pour la nouvelle marque d\'Ines Olympe Mercadal. Nails by Beforebeautybar\",\"140\":[\"80\"],\"141\":\"02 F\\u00e9vrier 2016\"}}', '2016-02-23 16:21:13', '2016-02-23 16:21:13', 'b30dad84-2f6e-4c33-9029-9c762d5875ba'),
 ('25', '91', '4', '1', 'fr_fr', '2', '', '{\"typeId\":\"4\",\"authorId\":\"1\",\"title\":\"08 Janvier 2016\",\"slug\":\"janvier-2016\",\"postDate\":1451606400,\"expiryDate\":null,\"enabled\":1,\"fields\":{\"139\":\"Animation Beaut\\u00e9 chez Before pour la sortie du \\u00ab Livre Before \\u00bb saison 1 de l\'incroyable romanci\\u00e8re Anna Todd.\",\"140\":[\"92\"],\"141\":\"08 Janvier 2016\"}}', '2016-02-23 17:00:52', '2016-02-23 17:00:52', '21cce33a-95be-424a-8199-a3ce718824a7'),
 ('26', '83', '4', '1', 'fr_fr', '6', '', '{\"typeId\":\"4\",\"authorId\":\"1\",\"title\":\"31 Octobre 2014\",\"slug\":\"fashion-show\",\"postDate\":1412899200,\"expiryDate\":null,\"enabled\":1,\"fields\":{\"139\":\"J Autumn Fashion Show, d\\u00e9fil\\u00e9 \\u00e0 la Tour Eiffel Partenaire Officiel Before Maquillage, Coiffure & Manucure\",\"140\":[\"82\"],\"141\":\"31 Octobre 2014\"}}', '2016-02-23 17:05:34', '2016-02-23 17:05:34', '0bf96374-f53c-475e-8ff8-9bba5f2782ef'),
 ('27', '83', '4', '1', 'fr_fr', '7', '', '{\"typeId\":\"4\",\"authorId\":\"1\",\"title\":\"31 Octobre 2014\",\"slug\":\"fashion-show\",\"postDate\":1412899200,\"expiryDate\":null,\"enabled\":1,\"fields\":{\"139\":\"J Autumn Fashion Show, d\\u00e9fil\\u00e9 haute couture \\u00e0 la Tour Eiffel Partenaire Officiel Before Maquillage, Coiffure & Manucure\",\"140\":[\"82\"],\"141\":\"31 Octobre 2014\"}}', '2016-02-23 17:09:00', '2016-02-23 17:09:00', 'f0ddf5e3-1bdd-4530-916f-2b7a5e89b6c9'),
 ('28', '91', '4', '1', 'fr_fr', '3', '', '{\"typeId\":\"4\",\"authorId\":\"1\",\"title\":\"08 Janvier 2016\",\"slug\":\"janvier-2016\",\"postDate\":1451606400,\"expiryDate\":null,\"enabled\":1,\"fields\":{\"139\":\"Animation Beaut\\u00e9 chez Before pour la sortie du \\u00ab Livre Before \\u00bb saison 1 de l\'incroyable romanci\\u00e8re Anna Todd.\",\"140\":[\"93\"],\"141\":\"08 Janvier 2016\"}}', '2016-02-23 22:07:33', '2016-02-23 22:07:33', '79a3a9a5-311f-403a-83b6-445915cee61d'),
 ('29', '91', '4', '1', 'fr_fr', '4', '', '{\"typeId\":\"4\",\"authorId\":\"1\",\"title\":\"08 Janvier 2016\",\"slug\":\"janvier-2016\",\"postDate\":1451606400,\"expiryDate\":null,\"enabled\":1,\"fields\":{\"139\":\"Animation Beaut\\u00e9 chez Before pour la sortie du \\u00ab Livre Before \\u00bb saison 1 de l\'incroyable romanci\\u00e8re Anna Todd.\",\"140\":[\"94\"],\"141\":\"08 Janvier 2016\"}}', '2016-02-23 22:19:01', '2016-02-23 22:19:01', 'e5bf4bab-da17-4a2a-9b8f-ed404ebe4ba2'),
 ('30', '91', '4', '1', 'fr_fr', '5', '', '{\"typeId\":\"4\",\"authorId\":\"1\",\"title\":\"08 Janvier 2016\",\"slug\":\"janvier-2016\",\"postDate\":1451606400,\"expiryDate\":null,\"enabled\":1,\"fields\":{\"139\":\"Animation Beaut\\u00e9 chez Before pour la sortie du \\u00ab Livre Before \\u00bb saison 1 de l\'incroyable romanci\\u00e8re Anna Todd.\",\"140\":[\"95\"],\"141\":\"08 Janvier 2016\"}}', '2016-02-23 22:26:11', '2016-02-23 22:26:11', '2fb4c3c0-33c4-46a1-a292-79b6913b0d84'),
 ('31', '91', '4', '1', 'fr_fr', '6', '', '{\"typeId\":\"4\",\"authorId\":\"1\",\"title\":\"08 Janvier 2016\",\"slug\":\"janvier-2016\",\"postDate\":1451606400,\"expiryDate\":null,\"enabled\":1,\"fields\":{\"139\":\"Animation Beaut\\u00e9 chez Before pour la sortie du \\u00ab Livre Before \\u00bb saison 1 de l\'incroyable romanci\\u00e8re Anna Todd.\",\"140\":[\"96\"],\"141\":\"08 Janvier 2016\"}}', '2016-02-23 22:30:10', '2016-02-23 22:30:10', 'afea6a54-7a80-41ad-9a1e-f0945268a299'),
 ('32', '91', '4', '1', 'fr_fr', '7', '', '{\"typeId\":\"4\",\"authorId\":\"1\",\"title\":\"08 Janvier 2016\",\"slug\":\"janvier-2016\",\"postDate\":1451606400,\"expiryDate\":null,\"enabled\":1,\"fields\":{\"139\":\"Animation Beaut\\u00e9 chez Before pour la sortie du \\u00ab Livre Before \\u00bb saison 1 de l\'incroyable romanci\\u00e8re Anna Todd.\",\"140\":[\"97\"],\"141\":\"08 Janvier 2016\"}}', '2016-02-23 22:35:48', '2016-02-23 22:35:48', 'af038433-3c3b-4f70-bd8a-8168e668546f'),
 ('33', '81', '4', '1', 'fr_fr', '6', '', '{\"typeId\":\"4\",\"authorId\":\"1\",\"title\":\"02 F\\u00e9vrier\\u00a02016\",\"slug\":\"ines-olympe\",\"postDate\":1455619800,\"expiryDate\":null,\"enabled\":1,\"fields\":{\"139\":\"Nails by Beforebeautybar lors du Shooting pour la nouvelle marque d\'Ines Olympe Mercadal. \",\"140\":[\"80\"],\"141\":\"02 F\\u00e9vrier 2016\"}}', '2016-02-23 22:40:21', '2016-02-23 22:40:21', 'e955dd2f-f9fb-4e96-931f-1bb0e6cb940a'),
 ('34', '99', '4', '1', 'fr_fr', '1', '', '{\"typeId\":null,\"authorId\":\"1\",\"title\":\"12 Mars & 08 Avril 2015\",\"slug\":\"12-mars-08-avril-2015\",\"postDate\":1456270676,\"expiryDate\":null,\"enabled\":1,\"fields\":{\"139\":\"Bar \\u00e0 Maquillage & Nail Bar by Before pour la soir\\u00e9e des \\\"Nouvelles Collections\\\" chez Comptoir des Cotonniers...\",\"140\":[\"98\"],\"141\":\"12 Mars & 08 Avril 2015\"}}', '2016-02-23 23:37:56', '2016-02-23 23:37:56', '3c67485e-9d3e-4be6-bcbd-40e053c8f1ca'),
 ('35', '99', '4', '1', 'fr_fr', '2', '', '{\"typeId\":\"4\",\"authorId\":\"1\",\"title\":\"12 Mars & 08 Avril 2015\",\"slug\":\"12-mars-08-avril-2015\",\"postDate\":1426203420,\"expiryDate\":null,\"enabled\":1,\"fields\":{\"139\":\"Bar \\u00e0 Maquillage & Nail Bar by Before pour la soir\\u00e9e des \\\"Nouvelles Collections\\\" chez Comptoir des Cotonniers...\",\"140\":[\"98\"],\"141\":\"12 Mars & 08 Avril 2015\"}}', '2016-02-23 23:39:16', '2016-02-23 23:39:16', '61b0b657-eb05-4973-9496-4f880f8493e3'),
 ('36', '99', '4', '1', 'fr_fr', '3', '', '{\"typeId\":\"4\",\"authorId\":\"1\",\"title\":\"12 Mars & 08 Avril 2015\",\"slug\":\"12-mars-08-avril-2015\",\"postDate\":1426203420,\"expiryDate\":null,\"enabled\":1,\"fields\":{\"139\":\"Bar \\u00e0 Maquillage & Nail Bar by Before pour la soir\\u00e9e des \\\"Nouvelles Collections\\\" chez Comptoir des Cotonniers...\",\"140\":[\"98\"],\"141\":\"12 Mars & 08 Avril 2015\"}}', '2016-02-23 23:39:20', '2016-02-23 23:39:20', '375de630-a292-40c2-8a20-f1b8ca738743'),
 ('37', '81', '4', '1', 'fr_fr', '7', '', '{\"typeId\":\"4\",\"authorId\":\"1\",\"title\":\"02 F\\u00e9vrier\\u00a02016\",\"slug\":\"ines-olympe\",\"postDate\":1454410200,\"expiryDate\":null,\"enabled\":1,\"fields\":{\"139\":\"Nails by Beforebeautybar lors du Shooting pour la nouvelle marque d\'Ines Olympe Mercadal. \",\"140\":[\"80\"],\"141\":\"02 F\\u00e9vrier 2016\"}}', '2016-02-23 23:39:47', '2016-02-23 23:39:47', '982ca1ec-483d-4af5-9919-6d796ebec12c'),
 ('38', '88', '4', '1', 'fr_fr', '5', '', '{\"typeId\":\"4\",\"authorId\":\"1\",\"title\":\"13 F\\u00e9vrier 2016\",\"slug\":\"13-02-2016\",\"postDate\":1455374520,\"expiryDate\":null,\"enabled\":1,\"fields\":{\"139\":\"Animation Nail Bar pour Theory...\",\"140\":[\"90\"],\"141\":\"13 F\\u00e9vrier 2016\"}}', '2016-02-23 23:40:07', '2016-02-23 23:40:07', '76ac9a58-213c-4e8d-a0ca-6892f0250692'),
 ('39', '91', '4', '1', 'fr_fr', '8', '', '{\"typeId\":\"4\",\"authorId\":\"1\",\"title\":\"08 Janvier 2016\",\"slug\":\"janvier-2016\",\"postDate\":1452211200,\"expiryDate\":null,\"enabled\":1,\"fields\":{\"139\":\"Animation Beaut\\u00e9 chez Before pour la sortie du \\u00ab Livre Before \\u00bb saison 1 de l\'incroyable romanci\\u00e8re Anna Todd.\",\"140\":[\"97\"],\"141\":\"08 Janvier 2016\"}}', '2016-02-23 23:40:29', '2016-02-23 23:40:29', 'c10c3cb5-fb4b-4ce7-b8f7-00f908fd1cd9'),
 ('40', '83', '4', '1', 'fr_fr', '8', '', '{\"typeId\":\"4\",\"authorId\":\"1\",\"title\":\"31 Octobre 2014\",\"slug\":\"fashion-show\",\"postDate\":1414713600,\"expiryDate\":null,\"enabled\":1,\"fields\":{\"139\":\"J Autumn Fashion Show, d\\u00e9fil\\u00e9 haute couture \\u00e0 la Tour Eiffel Partenaire Officiel Before Maquillage, Coiffure & Manucure...\",\"140\":[\"82\"],\"141\":\"31 Octobre 2014\"}}', '2016-02-23 23:41:03', '2016-02-23 23:41:03', 'c3ed780d-b300-4c9a-a7e9-f90a5dc091e4'),
 ('41', '85', '4', '1', 'fr_fr', '5', '', '{\"typeId\":\"4\",\"authorId\":\"1\",\"title\":\"01 Avril 2015\",\"slug\":\"public-buzz\",\"postDate\":1427846400,\"expiryDate\":null,\"enabled\":1,\"fields\":{\"139\":\"Animation beaut\\u00e9 pour les Public Buzz Awards by Before Beauty Bar...\",\"140\":[\"84\"],\"141\":\"01 Avril 2015\"}}', '2016-02-23 23:41:27', '2016-02-23 23:41:27', '6858d578-98b4-4d2c-95a9-685f607c8d90'),
 ('42', '88', '4', '1', 'fr_fr', '6', '', '{\"typeId\":\"4\",\"authorId\":\"1\",\"title\":\"13 F\\u00e9vrier 2016\",\"slug\":\"13-02-2016\",\"postDate\":1455374520,\"expiryDate\":null,\"enabled\":1,\"fields\":{\"139\":\"Animation Nail Bar pour Theory...\",\"140\":[\"90\"],\"141\":\"13 F\\u00e9vrier 2016\"}}', '2016-02-23 23:41:34', '2016-02-23 23:41:34', '0ec8f543-24b1-4823-9259-b2ddf6c6d7b6'),
 ('43', '81', '4', '1', 'fr_fr', '8', '', '{\"typeId\":\"4\",\"authorId\":\"1\",\"title\":\"02 F\\u00e9vrier\\u00a02016\",\"slug\":\"ines-olympe\",\"postDate\":1454410200,\"expiryDate\":null,\"enabled\":1,\"fields\":{\"139\":\"Nails by Beforebeautybar lors du Shooting pour la nouvelle marque d\'Ines Olympe Mercadal...\",\"140\":[\"80\"],\"141\":\"02 F\\u00e9vrier 2016\"}}', '2016-02-23 23:41:45', '2016-02-23 23:41:45', '0047b287-1a3f-456d-a5b7-1ae9e3c16cfe'),
 ('44', '91', '4', '1', 'fr_fr', '9', '', '{\"typeId\":\"4\",\"authorId\":\"1\",\"title\":\"08 Janvier 2016\",\"slug\":\"janvier-2016\",\"postDate\":1452211200,\"expiryDate\":null,\"enabled\":1,\"fields\":{\"139\":\"Animation Beaut\\u00e9 chez Before pour la sortie du \\u00ab Livre Before \\u00bb saison 1 de l\'incroyable romanci\\u00e8re Anna Todd...\",\"140\":[\"97\"],\"141\":\"08 Janvier 2016\"}}', '2016-02-23 23:41:57', '2016-02-23 23:41:57', '22abba5d-803b-45a1-ac2c-887c186e620c'),
 ('45', '85', '4', '1', 'fr_fr', '6', '', '{\"typeId\":\"4\",\"authorId\":\"1\",\"title\":\"01 Avril 2015\",\"slug\":\"public-buzz\",\"postDate\":1427846400,\"expiryDate\":null,\"enabled\":1,\"fields\":{\"139\":\"Animation beaut\\u00e9 pour les Public Buzz Awards by Before Beauty Bar...\",\"140\":[\"84\"],\"141\":\"01 Avril 2015\"}}', '2016-02-23 23:42:06', '2016-02-23 23:42:06', '4f78824d-a159-4c5d-ab0a-0a76bd3eda40'),
 ('46', '99', '4', '1', 'fr_fr', '4', '', '{\"typeId\":\"4\",\"authorId\":\"1\",\"title\":\"12 Mars & 08 Avril 2015\",\"slug\":\"12-mars-08-avril-2015\",\"postDate\":1426203420,\"expiryDate\":null,\"enabled\":1,\"fields\":{\"139\":\"Bar \\u00e0 Maquillage & Nail Bar by Before pour la soir\\u00e9e des \\\"Nouvelles Collections\\\" chez Comptoir des Cotonniers...\",\"140\":[\"98\"],\"141\":\"12 Mars & 08 Avril 2015\"}}', '2016-02-23 23:42:15', '2016-02-23 23:42:15', '03d8c799-0774-4031-9b3f-9fec7afdad0e'),
 ('47', '83', '4', '1', 'fr_fr', '9', '', '{\"typeId\":\"4\",\"authorId\":\"1\",\"title\":\"31 Octobre 2014\",\"slug\":\"fashion-show\",\"postDate\":1414713600,\"expiryDate\":null,\"enabled\":1,\"fields\":{\"139\":\"J Autumn Fashion Show, d\\u00e9fil\\u00e9 haute couture \\u00e0 la Tour Eiffel Partenaire Officiel Before Maquillage, Coiffure & Manucure...\",\"140\":[\"82\"],\"141\":\"31 Octobre 2014\"}}', '2016-02-23 23:42:30', '2016-02-23 23:42:30', '378be1ba-8bb3-41cf-aa7d-c8ec7150c341'),
 ('48', '81', '4', '1', 'fr_fr', '9', '', '{\"typeId\":\"4\",\"authorId\":\"1\",\"title\":\"02 F\\u00e9vrier\\u00a02016\",\"slug\":\"ines-olympe\",\"postDate\":1454410200,\"expiryDate\":null,\"enabled\":1,\"fields\":{\"139\":\"Nails by Before Beauty Bar des \\u00e9g\\u00e9ries lors du Shooting de la talentueuse Ines Olympe Mercadal pour sa nouvelle marque...\",\"140\":[\"80\"],\"141\":\"02 F\\u00e9vrier 2016\"}}', '2016-02-23 23:57:59', '2016-02-23 23:57:59', '1fd1446f-2d73-4d46-bc1f-5199920a6d47'),
 ('49', '100', '4', '1', 'fr_fr', '1', '', '{\"typeId\":null,\"authorId\":\"1\",\"title\":\"22 Mai 2015\",\"slug\":\"22-mai-2015\",\"postDate\":1432252800,\"expiryDate\":null,\"enabled\":1,\"fields\":{\"139\":\"Animation Nail Bar au Molitor \\u00e0 l\'occasion de la sortie du \\\"Bleu Molitor\\\" by Essie Pro...\",\"140\":\"\",\"141\":\"22 Mai 2015\"}}', '2016-02-24 00:12:40', '2016-02-24 00:12:40', '2df00cc8-b911-4450-b12c-37ca7a9ee853'),
 ('50', '100', '4', '1', 'fr_fr', '2', '', '{\"typeId\":\"4\",\"authorId\":\"1\",\"title\":\"22 Mai 2015\",\"slug\":\"22-mai-2015\",\"postDate\":1432252800,\"expiryDate\":null,\"enabled\":1,\"fields\":{\"139\":\"Animation Nail Bar au Molitor \\u00e0 l\'occasion de la sortie du \\\"Bleu Molitor\\\" by Essie Pro...\",\"140\":[\"101\"],\"141\":\"22 Mai 2015\"}}', '2016-02-24 00:13:34', '2016-02-24 00:13:34', 'a19fbc10-68a4-49b6-a214-f5ec68fa59a2'),
 ('51', '100', '4', '1', 'fr_fr', '3', '', '{\"typeId\":\"4\",\"authorId\":\"1\",\"title\":\"22 Mai 2015\",\"slug\":\"22-mai-2015\",\"postDate\":1432252800,\"expiryDate\":null,\"enabled\":1,\"fields\":{\"139\":\"Animation Nail Bar au Molitor \\u00e0 l\'occasion de la sortie du \\\"Bleu Molitor\\\" by Essie Pro...\",\"140\":[\"101\"],\"141\":\"22 Mai 2015\"}}', '2016-02-24 00:14:01', '2016-02-24 00:14:01', 'ac089765-9efe-4a34-a7ab-22865f4fe850'),
 ('52', '100', '4', '1', 'fr_fr', '4', '', '{\"typeId\":\"4\",\"authorId\":\"1\",\"title\":\"22 Mai 2015\",\"slug\":\"22-mai-2015\",\"postDate\":1432252800,\"expiryDate\":null,\"enabled\":1,\"fields\":{\"139\":\"Animation Nail Bar au Molitor \\u00e0 l\'occasion de la sortie du \\\"Bleu Molitor\\\" by Essie Pro...\",\"140\":[\"102\"],\"141\":\"22 Mai 2015\"}}', '2016-02-24 08:05:02', '2016-02-24 08:05:02', '22bbf8e6-4c72-4dfa-ac72-65c1330b22d3'),
 ('53', '83', '4', '1', 'fr_fr', '10', '', '{\"typeId\":\"4\",\"authorId\":\"1\",\"title\":\"31 Octobre 2014\",\"slug\":\"fashion-show\",\"postDate\":1414713600,\"expiryDate\":null,\"enabled\":1,\"fields\":{\"139\":\"J Autumn Fashion Show, d\\u00e9fil\\u00e9 haute couture \\u00e0 la Tour Eiffel Partenaire Officiel Before Maquillage, Coiffure & Manucure...\",\"140\":[\"103\"],\"141\":\"31 Octobre 2014\"}}', '2016-02-24 08:59:19', '2016-02-24 08:59:19', '9d46a739-f87c-4383-b4f2-514cfcbb031b'),
 ('54', '83', '4', '1', 'fr_fr', '11', '', '{\"typeId\":\"4\",\"authorId\":\"1\",\"title\":\"31 Octobre 2014\",\"slug\":\"fashion-show\",\"postDate\":1414713600,\"expiryDate\":null,\"enabled\":1,\"fields\":{\"139\":\"J Autumn Fashion Show, d\\u00e9fil\\u00e9 haute couture \\u00e0 la Tour Eiffel Partenaire Officiel Before Maquillage, Coiffure, Manucure & R\\u00e9alisation compl\\u00e8te de la structure \\\"Tour Eiffel\\\" faite de cheveux naturels pour Jessica Minh Anh...\",\"140\":[\"103\"],\"141\":\"31 Octobre 2014\"}}', '2016-02-24 09:10:48', '2016-02-24 09:10:48', '076dd7cf-5309-44c8-a70f-302126a47d74'),
 ('55', '105', '4', '1', 'fr_fr', '1', '', '{\"typeId\":null,\"authorId\":\"1\",\"title\":\"06 Octobre 2014\",\"slug\":\"06-octobre-2014\",\"postDate\":1456305414,\"expiryDate\":null,\"enabled\":1,\"fields\":{\"139\":\"Pr\\u00e9paration Maquillage, Coiffure & Manucure pour tournage et presse de \\\"Femme Actuelle\\\"pour la nouvelle identit\\u00e9 visuelle des \\\"ampoules coup d\'\\u00e9clat\\\" du laboratoire Asepta. Organisation et mise en avant de la marque (branding) by Before Beauty Bar...\",\"140\":[\"104\"],\"141\":\"06 Octobre 2014\"}}', '2016-02-24 09:16:54', '2016-02-24 09:16:54', '6d470b8b-6751-4e78-8bbf-2f7d67588403'),
 ('56', '105', '4', '1', 'fr_fr', '2', '', '{\"typeId\":\"4\",\"authorId\":\"1\",\"title\":\"06 Octobre 2014\",\"slug\":\"06-octobre-2014\",\"postDate\":1412586960,\"expiryDate\":null,\"enabled\":1,\"fields\":{\"139\":\"Pr\\u00e9paration Maquillage, Coiffure & Manucure pour tournage et presse de \\\"Femme Actuelle\\\"pour la nouvelle identit\\u00e9 visuelle des \\\"ampoules coup d\'\\u00e9clat\\\" du laboratoire Asepta. Organisation et mise en avant de la marque (branding) by Before Beauty Bar...\",\"140\":[\"104\"],\"141\":\"06 Octobre 2014\"}}', '2016-02-24 09:17:37', '2016-02-24 09:17:37', '87bec3d7-c5e0-4387-85b4-4a29ac18c23e'),
 ('57', '105', '4', '1', 'fr_fr', '3', '', '{\"typeId\":\"4\",\"authorId\":\"1\",\"title\":\"06 Octobre 2014\",\"slug\":\"06-octobre-2014\",\"postDate\":1412586960,\"expiryDate\":null,\"enabled\":1,\"fields\":{\"139\":\"Maquillage, Coiffure & Manucure pour tournage et presse de \\\"Femme Actuelle\\\": nouvelle identit\\u00e9 visuelle des \\\"ampoules coup d\'\\u00e9clat\\\" by Asepta. Organisation et mise en avant de la marque (branding) by Before Beauty Bar...\",\"140\":[\"104\"],\"141\":\"06 Octobre 2014\"}}', '2016-03-05 14:58:48', '2016-03-05 14:58:48', 'c75da4d3-152f-46e0-857d-f5f4ebceeadf'),
 ('58', '105', '4', '1', 'fr_fr', '4', '', '{\"typeId\":\"4\",\"authorId\":\"1\",\"title\":\"06 Octobre 2014\",\"slug\":\"06-octobre-2014\",\"postDate\":1412586960,\"expiryDate\":null,\"enabled\":1,\"fields\":{\"139\":\"Maquillage, Coiffure & Manucure pour tournage et presse de \\\"Femme Actuelle\\\": nouvelle identit\\u00e9 visuelle des \\\"ampoules coup d\'\\u00e9clat\\\" by Asepta. Mise en avant de la marque (branding) by Before Beauty Bar...\",\"140\":[\"104\"],\"141\":\"06 Octobre 2014\"}}', '2016-03-05 15:00:49', '2016-03-05 15:00:49', 'c172d0ee-4762-42e4-b51b-fe9095c98271'),
 ('59', '105', '4', '1', 'fr_fr', '5', '', '{\"typeId\":\"4\",\"authorId\":\"1\",\"title\":\"06 Octobre 2014\",\"slug\":\"06-octobre-2014\",\"postDate\":1412586960,\"expiryDate\":null,\"enabled\":1,\"fields\":{\"139\":\"Maquillage, Coiffure & Manucure pour tournage et presse de \\\"Femme Actuelle\\\": nouvelle identit\\u00e9 visuelle des \\\"ampoules coup d\'\\u00e9clat\\\" by Asepta. \",\"140\":[\"104\"],\"141\":\"06 Octobre 2014\"}}', '2016-03-05 15:02:16', '2016-03-05 15:02:16', 'aa7d1624-0298-4281-a180-b8e8236f5072'),
 ('60', '83', '4', '1', 'fr_fr', '12', '', '{\"typeId\":\"4\",\"authorId\":\"1\",\"title\":\"31 Octobre 2014\",\"slug\":\"fashion-show\",\"postDate\":1414713600,\"expiryDate\":null,\"enabled\":1,\"fields\":{\"139\":\"J Autumn Fashion Show, d\\u00e9fil\\u00e9 haute couture \\u00e0 la Tour Eiffel : Maquillage, Coiffure, Manucure & R\\u00e9alisation de la structure \\\"Tour Eiffel\\\" faite de cheveux naturels pour Jessica Minh Anh...\",\"140\":[\"103\"],\"141\":\"31 Octobre 2014\"}}', '2016-03-05 15:04:20', '2016-03-05 15:04:20', 'e455d285-401f-43b1-9e0f-19cbb3c5545e'),
 ('61', '107', '4', '1', 'fr_fr', '1', '', '{\"typeId\":null,\"authorId\":\"1\",\"title\":\"07 AVRIL 2015\",\"slug\":\"07-avril-2015\",\"postDate\":1428364800,\"expiryDate\":null,\"enabled\":1,\"fields\":{\"139\":\"Animation Nail Bar dans le prestigieux Spa de l\'h\\u00f4tel Burgundy pour le lancement de la collection \\\"SPRING\\\" by Essie pro...\",\"140\":[\"106\"],\"141\":\"07 AVRIL 2015\"}}', '2016-03-05 15:20:51', '2016-03-05 15:20:51', '32cf1bcc-1eab-442a-a22b-81fbc2115477'),
 ('62', '109', '4', '1', 'fr_fr', '1', '', '{\"typeId\":null,\"authorId\":\"1\",\"title\":\"08 Mars 2016\",\"slug\":\"08-mars-2016\",\"postDate\":1457395200,\"expiryDate\":null,\"enabled\":1,\"fields\":{\"139\":\"Animation beaut\\u00e9 pour BCBGMAXAZRIA \\u00e0 l\'occasion de la Journ\\u00e9e Internationale de le Femme...\",\"140\":[\"108\"],\"141\":\"08 Mars 2016\"}}', '2016-03-07 20:36:16', '2016-03-07 20:36:16', '6a5ebe4b-1cb9-443a-b972-7f405615ddab'),
 ('63', '109', '4', '1', 'fr_fr', '2', '', '{\"typeId\":\"4\",\"authorId\":\"1\",\"title\":\"08 Mars 2016\",\"slug\":\"08-mars-2016\",\"postDate\":1457308800,\"expiryDate\":null,\"enabled\":1,\"fields\":{\"139\":\"Animation beaut\\u00e9 pour BCBGMAXAZRIA \\u00e0 l\'occasion de la Journ\\u00e9e Internationale de le Femme...\",\"140\":[\"108\"],\"141\":\"08 Mars 2016\"}}', '2016-03-07 20:37:30', '2016-03-07 20:37:30', '481ef38a-4db6-47d3-908b-9f1c5793c41b'),
 ('64', '109', '4', '1', 'fr_fr', '3', '', '{\"typeId\":\"4\",\"authorId\":\"1\",\"title\":\"08 Mars 2016\",\"slug\":\"08-mars-2016\",\"postDate\":1457308800,\"expiryDate\":null,\"enabled\":1,\"fields\":{\"139\":\"Animation beaut\\u00e9 pour BCBGMAXAZRIA \\u00e0 l\'occasion de la Journ\\u00e9e Internationale de le Femme...\",\"140\":[\"101\"],\"141\":\"08 Mars 2016\"}}', '2016-03-07 20:43:48', '2016-03-07 20:43:48', 'c9310553-5273-4730-834c-be86d42d2c23'),
 ('65', '109', '4', '1', 'fr_fr', '4', '', '{\"typeId\":\"4\",\"authorId\":\"1\",\"title\":\"08 Mars 2016\",\"slug\":\"08-mars-2016\",\"postDate\":1457308800,\"expiryDate\":null,\"enabled\":1,\"fields\":{\"139\":\"Animation beaut\\u00e9 pour BCBGMAXAZRIA \\u00e0 l\'occasion de la Journ\\u00e9e Internationale de le Femme...\",\"140\":[\"101\"],\"141\":\"08 Mars 2016\"}}', '2016-03-07 20:47:25', '2016-03-07 20:47:25', '37fca52f-45ae-4ec7-bc57-41b2ba5baf47'),
 ('66', '109', '4', '1', 'fr_fr', '5', '', '{\"typeId\":\"4\",\"authorId\":\"1\",\"title\":\"08 Mars 2016\",\"slug\":\"08-mars-2016\",\"postDate\":1457308800,\"expiryDate\":null,\"enabled\":1,\"fields\":{\"139\":\"Animation beaut\\u00e9 pour BCBGMAXAZRIA \\u00e0 l\'occasion de la Journ\\u00e9e Internationale de le Femme...\",\"140\":[\"101\"],\"141\":\"08 Mars 2016\"}}', '2016-03-07 20:47:31', '2016-03-07 20:47:31', '6c8d6253-3259-4602-b69d-4f4124c8a206'),
 ('67', '109', '4', '1', 'fr_fr', '6', '', '{\"typeId\":\"4\",\"authorId\":\"1\",\"title\":\"08 Mars 2016\",\"slug\":\"08-mars-2016\",\"postDate\":1457308800,\"expiryDate\":null,\"enabled\":1,\"fields\":{\"139\":\"Animation beaut\\u00e9 pour BCBGMAXAZRIA \\u00e0 l\'occasion de la Journ\\u00e9e Internationale de le Femme...\",\"140\":[\"101\"],\"141\":\"08 Mars 2016\"}}', '2016-03-07 20:51:47', '2016-03-07 20:51:47', '8d2c04f5-5ab0-4482-a121-db61572d16d4'),
 ('68', '109', '4', '1', 'fr_fr', '7', '', '{\"typeId\":\"4\",\"authorId\":\"1\",\"title\":\"08 Mars 2016\",\"slug\":\"08-mars-2016\",\"postDate\":1457308800,\"expiryDate\":null,\"enabled\":1,\"fields\":{\"139\":\"Animation beaut\\u00e9 pour BCBGMAXAZRIA \\u00e0 l\'occasion de la Journ\\u00e9e Internationale de le Femme...\",\"140\":[\"101\"],\"141\":\"08 Mars 2016\"}}', '2016-03-07 20:56:07', '2016-03-07 20:56:07', 'cadd4269-d448-4127-9f41-70799bdbee00'),
 ('69', '111', '4', '1', 'fr_fr', '1', '', '{\"typeId\":null,\"authorId\":\"1\",\"title\":\"19 Mars 2016\",\"slug\":\"19-mars-2016\",\"postDate\":1458345600,\"expiryDate\":null,\"enabled\":1,\"fields\":{\"139\":\"Animation beaut\\u00e9 pour Paulie and me... Concept Store trendy qui met \\u00e0 l\'honneur des cr\\u00e9ateurs de talents...\",\"140\":[\"101\"],\"141\":\"19 Mars 2016\"}}', '2016-03-20 00:28:15', '2016-03-20 00:28:15', '9d3f68f7-5cc2-48d9-b207-57d9dfc7ad08'),
 ('70', '111', '4', '1', 'fr_fr', '2', '', '{\"typeId\":\"4\",\"authorId\":\"1\",\"title\":\"19 Mars 2016\",\"slug\":\"19-mars-2016\",\"postDate\":1458345600,\"expiryDate\":null,\"enabled\":1,\"fields\":{\"139\":\"Animation beaut\\u00e9 pour Paulie and me... Concept Store trendy qui met \\u00e0 l\'honneur des cr\\u00e9ateurs de talent...\",\"140\":[\"101\"],\"141\":\"19 Mars 2016\"}}', '2016-03-20 00:29:52', '2016-03-20 00:29:52', '1a9d3a58-5ca7-49ba-86c7-bce88422f2fc'),
 ('71', '109', '4', '1', 'fr_fr', '8', '', '{\"typeId\":\"4\",\"authorId\":\"1\",\"title\":\"08 Mars 2016\",\"slug\":\"08-mars-2016\",\"postDate\":1457308800,\"expiryDate\":null,\"enabled\":1,\"fields\":{\"139\":\"Animation beaut\\u00e9 pour BCBGMAXAZRIA \\u00e0 l\'occasion de la Journ\\u00e9e Internationale de le Femme...\",\"140\":[\"112\"],\"141\":\"08 Mars 2016\"}}', '2016-03-20 00:38:39', '2016-03-20 00:38:39', '585f840f-7141-47cf-95ba-c3667ab9ad0e'),
 ('72', '114', '4', '1', 'fr_fr', '1', '', '{\"typeId\":null,\"authorId\":\"1\",\"title\":\"26 Janvier 2016\",\"slug\":\"26-janvier-2016\",\"postDate\":1453766400,\"expiryDate\":null,\"enabled\":1,\"fields\":{\"139\":\"Shooting pour la marque Fiabila. Toutes les manucures graphiques pour la nouvelle identit\\u00e9 visuelle ont \\u00e9t\\u00e9 r\\u00e9alis\\u00e9es par Before Beauty Bar...\",\"140\":[\"113\"],\"141\":\"26 Janvier 2016\"}}', '2016-03-24 07:50:12', '2016-03-24 07:50:12', 'b819d1ad-d736-45ed-8984-61712ffaa215'),
 ('73', '116', '4', '1', 'fr_fr', '1', '', '{\"typeId\":null,\"authorId\":\"1\",\"title\":\"29 Mars 2016\",\"slug\":\"29-mars-2016\",\"postDate\":1459209600,\"expiryDate\":null,\"enabled\":1,\"fields\":{\"139\":\"Animation Coiffure, Make Up & Nail Bar by Before pour la soir\\u00e9e les \\\"Escales\\\" au Bastille Design Center organis\\u00e9e par \\\"All Around The Girl\\\"...\",\"140\":[\"115\"],\"141\":\"29 Mars 2016\"}}', '2016-03-30 07:43:17', '2016-03-30 07:43:17', '48585785-605e-4cd2-93fb-a4a737c2d687'),
 ('74', '117', '4', '1', 'fr_fr', '1', '', '{\"typeId\":null,\"authorId\":\"1\",\"title\":\"30 Mars 2\\\"1\",\"slug\":\"30-mars-21\",\"postDate\":1459338542,\"expiryDate\":null,\"enabled\":1,\"fields\":{\"139\":\"\",\"140\":\"\",\"141\":\"\"}}', '2016-03-30 11:49:02', '2016-03-30 11:49:02', '123784cb-9dde-4d6d-9043-497eaceaad88'),
 ('75', '117', '4', '1', 'fr_fr', '2', '', '{\"typeId\":\"4\",\"authorId\":\"1\",\"title\":\"30 Mars 2016\",\"slug\":\"30-mars-21\",\"postDate\":1459338540,\"expiryDate\":null,\"enabled\":1,\"fields\":{\"139\":\"Tuto \\\"Manucure Japonaise\\\" by Before  pour les Reines du Shopping et Cristina Cordula...\",\"140\":[\"118\"],\"141\":\"30 Mars 2016\"}}', '2016-03-30 11:51:28', '2016-03-30 11:51:28', '9c65bbb5-572e-4fea-8334-8abdb2986f8b'),
 ('76', '120', '4', '1', 'fr_fr', '1', '', '{\"typeId\":null,\"authorId\":\"1\",\"title\":\"02, 03 & 04 Avril 2016\",\"slug\":\"02-03-04-avril-2016\",\"postDate\":1459728000,\"expiryDate\":null,\"enabled\":1,\"fields\":{\"139\":\"Partenaire de FLEXYBEAUTY sur le Congr\\u00e8s International de l\'Esth\\u00e9tique & Spa 2016...\",\"140\":[\"119\"],\"141\":\"02, 03 & 04 Avril 2016\"}}', '2016-04-04 18:52:16', '2016-04-04 18:52:16', 'ca0266c6-e577-4808-8403-999927c8c0bd'),
 ('77', '122', '4', '1', 'fr_fr', '1', '', '{\"typeId\":null,\"authorId\":\"1\",\"title\":\"09 Avril 2016\",\"slug\":\"09-avril-2016\",\"postDate\":1460073600,\"expiryDate\":null,\"enabled\":1,\"fields\":{\"139\":\"Animation Beaut\\u00e9 \\\"Le Bar \\u00e0 Tresse by Before\\\" pour l\'incontournable Centre Commercial \\\"Les Passages\\\" \\u00e0 Boulogne...\",\"140\":[\"121\"],\"141\":\"09 Avril 2016\"}}', '2016-04-08 20:59:56', '2016-04-08 20:59:56', '4f1dead9-ef4f-4d04-800d-b5aed44006ef'),
 ('78', '124', '4', '1', 'fr_fr', '1', '', '{\"typeId\":null,\"authorId\":\"1\",\"title\":\"26 Mai 2016\",\"slug\":\"26-mai-2016\",\"postDate\":1464220800,\"expiryDate\":null,\"enabled\":1,\"fields\":{\"139\":\"Animation Nail Bar pour la \\\"Summer Break Party\\\" des Galeries Lafayette \\u00e0 l\'occasion de la f\\u00eate des m\\u00e8res...\",\"140\":[\"123\"],\"141\":\"26 Mai 2016\"}}', '2016-05-26 22:43:06', '2016-05-26 22:43:06', 'e8447dbc-9939-4976-8529-a8c540327d0c'),
 ('79', '126', '4', '1', 'fr_fr', '1', '', '{\"typeId\":null,\"authorId\":\"1\",\"title\":\"12 Juin 2016\",\"slug\":\"12-juin-2016\",\"postDate\":1465689600,\"expiryDate\":null,\"enabled\":1,\"fields\":{\"139\":\"Animation beaut\\u00e9 pour Caromy & Co. Make Up by Before Beauty Bar...\",\"140\":[\"125\"],\"141\":\"12 Juin 2016\"}}', '2016-06-12 22:47:57', '2016-06-12 22:47:57', '63ffe8bf-accd-45bf-8bc1-4c062a0b5c4e'),
 ('80', '126', '4', '1', 'fr_fr', '2', '', '{\"typeId\":\"4\",\"authorId\":\"1\",\"title\":\"12 Juin 2016\",\"slug\":\"12-juin-2016\",\"postDate\":1465689600,\"expiryDate\":null,\"enabled\":1,\"fields\":{\"139\":\"Animation beaut\\u00e9 pour Caromy & Co dans le sublime Palace Parisien Plaza Ath\\u00e9n\\u00e9e. Make Up by Before Beauty Bar...\",\"140\":[\"125\"],\"141\":\"12 Juin 2016\"}}', '2016-06-13 09:06:41', '2016-06-13 09:06:41', '41eae835-560f-49b1-87ff-7a9a7c0433fd'),
 ('81', '126', '4', '1', 'fr_fr', '3', '', '{\"typeId\":\"4\",\"authorId\":\"1\",\"title\":\"12 Juin 2016\",\"slug\":\"12-juin-2016\",\"postDate\":1465689600,\"expiryDate\":null,\"enabled\":1,\"fields\":{\"139\":\"Animation beaut\\u00e9 pour Caromy & Co dans le sublime Palace Parisien Plaza Athenee. Make Up by Before Beauty Bar...\",\"140\":[\"125\"],\"141\":\"12 Juin 2016\"}}', '2016-06-13 10:47:46', '2016-06-13 10:47:46', '7c74247b-9dc2-42ac-8257-94ab0293e80d'),
 ('82', '128', '4', '1', 'fr_fr', '1', '', '{\"typeId\":null,\"authorId\":\"1\",\"title\":\"17 Juin 2016\",\"slug\":\"17-juin-2016\",\"postDate\":1466121600,\"expiryDate\":null,\"enabled\":1,\"fields\":{\"139\":\"Animation Beaut\\u00e9 Nail Bar Essie Pro by Before pour le Summer Beauty Day \\u00e0 l\'Acad\\u00e9mie des Experts L\'Or\\u00e9al Paris...\",\"140\":[\"127\"],\"141\":\"17 Juin 2016\"}}', '2016-06-17 22:01:25', '2016-06-17 22:01:25', 'b7384b90-df65-4952-8606-e694c495517b'),
 ('83', '130', '4', '1', 'fr_fr', '1', '', '{\"typeId\":null,\"authorId\":\"1\",\"title\":\"30 Ao\\u00fbt 2016\",\"slug\":\"30-ao\\u00fbt-2016\",\"postDate\":1472515200,\"expiryDate\":null,\"enabled\":1,\"fields\":{\"139\":\"Animation Beaut\\u00e9 by Before MAKE UP & NAIL BAR au FAUST pour les 140 ans de la prestigieuse marque LANCEL...\",\"140\":[\"129\"],\"141\":\"30 Ao\\u00fbt 2016\"}}', '2016-08-30 22:31:22', '2016-08-30 22:31:22', 'eca9b704-4752-47e8-9c2f-d0e37817db49'),
 ('84', '132', '4', '1', 'fr_fr', '1', '', '{\"typeId\":null,\"authorId\":\"1\",\"title\":\"30 Septembre au 02 Octobre 2016\",\"slug\":\"30-septembre-au-02-octobre-2016\",\"postDate\":1475366400,\"expiryDate\":null,\"enabled\":1,\"fields\":{\"139\":\"Animation Beaut\\u00e9 by Before sur l\'\\u00eele de Bendor pour le Festival New Romance 2016...\",\"140\":[\"131\"],\"141\":\"30 Septembre au 02 Octobre 2016\"}}', '2016-10-02 22:10:08', '2016-10-02 22:10:08', 'c054e0b7-6691-45b3-8868-ce4cd15b2f02'),
 ('85', '134', '4', '1', 'fr_fr', '1', '', '{\"typeId\":null,\"authorId\":\"1\",\"title\":\"03 Novembre 2016\",\"slug\":\"03-novembre-2016\",\"postDate\":1478131200,\"expiryDate\":null,\"enabled\":1,\"fields\":{\"139\":\"Animation Beaut\\u00e9 by Before avec l\'\\u00e9quipe de T\\u00e9l\\u00e9matin \\u00e0 l\'occasion de l\'anniversaire de Laura Tenoudji...\",\"140\":[\"133\"],\"141\":\"03 Novembre 2016\"}}', '2016-11-04 21:58:32', '2016-11-04 21:58:32', 'c111eeb2-2499-4f38-9cb2-e4b6154d49ce');



DROP TABLE IF EXISTS `craft_fieldgroups`;


--
-- Schema for table `craft_fieldgroups`
--
CREATE TABLE `craft_fieldgroups` (
  `id` int(11) NOT NULL AUTO_INCREMENT,
  `name` varchar(255) COLLATE utf8_unicode_ci NOT NULL,
  `dateCreated` datetime NOT NULL,
  `dateUpdated` datetime NOT NULL,
  `uid` char(36) COLLATE utf8_unicode_ci NOT NULL DEFAULT '0',
  PRIMARY KEY (`id`),
  UNIQUE KEY `craft_fieldgroups_name_unq_idx` (`name`)
) ENGINE=InnoDB AUTO_INCREMENT=20 DEFAULT CHARSET=utf8 COLLATE=utf8_unicode_ci;

--
-- Data for table `craft_fieldgroups`
--

INSERT INTO `craft_fieldgroups` (`id`, `name`, `dateCreated`, `dateUpdated`, `uid`) VALUES
 ('1', 'Default', '2015-07-22 10:53:28', '2015-07-22 10:53:28', '171170a6-0954-4cf1-b326-5945022dc456'),
 ('2', 'Navigation', '2015-07-22 11:05:29', '2015-07-22 11:05:29', 'adcb5297-977e-4d40-b938-729d6bc25743'),
 ('3', 'Presentation', '2015-07-22 11:18:50', '2015-07-22 11:18:50', '7badc4e6-cf20-4f3d-975c-91d91cd20057'),
 ('4', 'Forfaits', '2015-07-22 13:25:28', '2015-07-22 13:25:28', 'e977099b-20bc-4e6f-a7cf-81932da6d3f8'),
 ('5', 'Soins', '2015-07-22 13:47:03', '2015-07-22 13:47:03', '6cde949a-682a-4d52-ae3f-0b465c1fe7ff'),
 ('6', 'PrivatisationEvents', '2015-07-22 13:55:59', '2015-07-22 13:55:59', '01ec1c04-d7fd-4b6a-bb46-b7322bd5b33b'),
 ('7', 'Pros', '2015-07-22 14:02:57', '2015-07-22 14:02:57', 'd685d968-e05a-48fc-80e9-06660ea6e1c4'),
 ('8', 'Presse', '2015-07-22 14:05:10', '2015-07-22 14:05:10', 'f492a9df-c322-45b2-bd3a-2f8cd309cc0a'),
 ('9', 'Social', '2015-07-22 14:08:33', '2015-07-22 14:08:33', '86802e3d-714e-4f67-97e0-21062ea9fcd4'),
 ('10', 'Contact', '2015-07-22 14:13:31', '2015-07-22 14:13:31', '364d0ce8-b1f2-4c7b-b4f0-30428f9d680c'),
 ('11', 'Stores', '2015-07-22 14:29:24', '2015-07-22 14:29:24', '9ab7e4c0-7cef-4f0d-8490-02baa3d8da5b'),
 ('12', 'Sliders', '2015-07-22 14:37:29', '2015-07-23 13:34:03', 'ae055871-1606-40d5-a7c2-f8d16402cadc'),
 ('13', 'Presse_Article', '2015-07-23 13:18:03', '2015-07-23 13:18:03', 'bf2eaf0f-02e3-4af9-938b-02a6ecc51e82'),
 ('14', 'Globales', '2015-07-23 16:41:18', '2015-07-23 16:41:18', 'f7e77a24-1edb-486a-b69e-fafd810262a7'),
 ('15', 'Links', '2015-07-24 17:46:39', '2015-07-24 17:46:39', '99b62a8a-bcf4-4958-937d-3a24b090151a'),
 ('16', 'Boutiques', '2015-09-29 09:45:34', '2015-09-29 09:45:34', '471b35b0-5b45-4cd3-ab8b-75ec78c3c5f9'),
 ('17', 'TextsLinks', '2015-10-24 13:59:01', '2015-10-24 13:59:01', '7f3fab27-538b-4ef3-9aeb-2ceaca52d287'),
 ('18', 'Actualites', '2016-02-16 10:25:43', '2016-02-16 10:25:43', 'e2f42d3a-994e-44e3-8ebe-bb96b751bb7b'),
 ('19', 'Actualites_Article', '2016-02-16 10:27:15', '2016-02-16 10:27:15', '2127352b-e313-47cd-a0dc-0915e6aa97a4');



DROP TABLE IF EXISTS `craft_fieldlayoutfields`;


--
-- Schema for table `craft_fieldlayoutfields`
--
CREATE TABLE `craft_fieldlayoutfields` (
  `id` int(11) NOT NULL AUTO_INCREMENT,
  `layoutId` int(11) NOT NULL,
  `tabId` int(11) NOT NULL,
  `fieldId` int(11) NOT NULL,
  `required` tinyint(1) unsigned NOT NULL DEFAULT '0',
  `sortOrder` tinyint(4) DEFAULT NULL,
  `dateCreated` datetime NOT NULL,
  `dateUpdated` datetime NOT NULL,
  `uid` char(36) COLLATE utf8_unicode_ci NOT NULL DEFAULT '0',
  PRIMARY KEY (`id`),
  UNIQUE KEY `craft_fieldlayoutfields_layoutId_fieldId_unq_idx` (`layoutId`,`fieldId`),
  KEY `craft_fieldlayoutfields_sortOrder_idx` (`sortOrder`),
  KEY `craft_fieldlayoutfields_tabId_fk` (`tabId`),
  KEY `craft_fieldlayoutfields_fieldId_fk` (`fieldId`)
) ENGINE=InnoDB AUTO_INCREMENT=2001 DEFAULT CHARSET=utf8 COLLATE=utf8_unicode_ci;

--
-- Data for table `craft_fieldlayoutfields`
--

INSERT INTO `craft_fieldlayoutfields` (`id`, `layoutId`, `tabId`, `fieldId`, `required`, `sortOrder`, `dateCreated`, `dateUpdated`, `uid`) VALUES
 ('2', '5', '2', '1', '1', '1', '2015-07-22 10:53:28', '2015-07-22 10:53:28', 'd96a98c6-188d-4a95-9c1e-9272b750cdd5'),
 ('3', '5', '2', '2', '0', '2', '2015-07-22 10:53:28', '2015-07-22 10:53:28', '386c5694-f389-4f19-ab04-ce4ecb74873e'),
 ('776', '23', '112', '81', '1', '1', '2015-07-23 13:21:39', '2015-07-23 13:21:39', '0affe6c3-436f-49d0-af55-8a6a96190261'),
 ('777', '23', '112', '82', '1', '2', '2015-07-23 13:21:39', '2015-07-23 13:21:39', 'c060b001-8fd1-4299-a89b-f827ab231bcf'),
 ('778', '23', '112', '80', '1', '3', '2015-07-23 13:21:39', '2015-07-23 13:21:39', 'd6b3691c-f34a-42cc-8ecc-43256bacb6f8'),
 ('779', '40', '113', '84', '0', '1', '2015-07-23 16:43:19', '2015-07-23 16:43:19', '74ac8b1d-db5e-43e9-9d70-b9c28d5c7f8a'),
 ('780', '40', '113', '85', '0', '2', '2015-07-23 16:43:19', '2015-07-23 16:43:19', '6ec0e58e-393c-4f1f-a30c-3aa5e4bd008f'),
 ('1197', '49', '167', '107', '0', '1', '2015-08-21 07:50:23', '2015-08-21 07:50:23', 'ff00e130-d26f-4c87-8cca-c923c6ff6078'),
 ('1773', '63', '234', '89', '0', '1', '2015-10-24 13:51:55', '2015-10-24 13:51:55', '5d4cf35c-f79c-4b82-8566-5f372f00fb84'),
 ('1774', '63', '234', '90', '0', '2', '2015-10-24 13:51:55', '2015-10-24 13:51:55', '34e9e86c-51c1-4a3f-822f-dda6340eb7ab'),
 ('1775', '63', '234', '91', '0', '3', '2015-10-24 13:51:55', '2015-10-24 13:51:55', '74929ad2-f1dd-4ae8-875c-bda55d0b070c'),
 ('1776', '63', '234', '92', '0', '4', '2015-10-24 13:51:55', '2015-10-24 13:51:55', '5fde9d60-52c7-49d8-a9d2-c017aeb3aba1'),
 ('1777', '63', '234', '93', '0', '5', '2015-10-24 13:51:55', '2015-10-24 13:51:55', '16e7666e-7caa-4ad7-9960-e1c363de8b5e'),
 ('1778', '63', '234', '94', '0', '6', '2015-10-24 13:51:55', '2015-10-24 13:51:55', '982c098f-92d9-4365-a03e-32d276dc5825'),
 ('1779', '63', '234', '103', '0', '7', '2015-10-24 13:51:55', '2015-10-24 13:51:55', '0f9b0bba-7967-4dcd-b22e-263af050f46f'),
 ('1780', '63', '234', '104', '0', '8', '2015-10-24 13:51:55', '2015-10-24 13:51:55', '2d6f701e-baca-4f44-b59c-b14aa9232ad6'),
 ('1781', '64', '235', '95', '0', '1', '2015-10-24 13:52:49', '2015-10-24 13:52:49', '89996fc1-9309-422e-933e-6260366d782f'),
 ('1782', '64', '235', '96', '0', '2', '2015-10-24 13:52:49', '2015-10-24 13:52:49', '4adecca1-af7b-4e2a-86b6-85d284c1c759'),
 ('1783', '64', '235', '97', '0', '3', '2015-10-24 13:52:49', '2015-10-24 13:52:49', '1b4e655e-3fad-4fb4-9284-12b76b9f67f9'),
 ('1784', '64', '235', '98', '0', '4', '2015-10-24 13:52:49', '2015-10-24 13:52:49', 'fc20e9a8-9e6c-4b8d-922b-c1af81571672'),
 ('1785', '64', '235', '99', '0', '5', '2015-10-24 13:52:49', '2015-10-24 13:52:49', 'e1a0744a-2b43-45f4-9585-136e5e70c85e'),
 ('1786', '64', '235', '100', '0', '6', '2015-10-24 13:52:49', '2015-10-24 13:52:49', '392edd7a-a98e-497c-ace0-a4f19a1e0eff'),
 ('1787', '64', '235', '101', '0', '7', '2015-10-24 13:52:49', '2015-10-24 13:52:49', '8d056324-3e6e-41b1-b1c4-1252f0a55f5a'),
 ('1788', '64', '235', '102', '0', '8', '2015-10-24 13:52:49', '2015-10-24 13:52:49', 'b0fc5806-d7aa-4c7d-a172-9f288125eb28'),
 ('1789', '66', '236', '132', '0', '1', '2015-10-24 14:04:55', '2015-10-24 14:04:55', '361204c0-ab8a-4f71-be9d-24a8f0ebdcc4'),
 ('1790', '66', '236', '133', '0', '2', '2015-10-24 14:04:55', '2015-10-24 14:04:55', '09ce16ee-bec3-46c9-94f1-1d7925b19373'),
 ('1791', '66', '236', '134', '0', '3', '2015-10-24 14:04:55', '2015-10-24 14:04:55', '21353804-7937-4c87-ad41-5d3cd404d74f'),
 ('1792', '66', '236', '126', '0', '4', '2015-10-24 14:04:55', '2015-10-24 14:04:55', 'ed59eb5d-b110-40e8-8638-f031e76151fd'),
 ('1793', '66', '236', '127', '0', '5', '2015-10-24 14:04:55', '2015-10-24 14:04:55', '9c42804d-62b3-4898-8954-144d73e0987f'),
 ('1794', '66', '236', '128', '0', '6', '2015-10-24 14:04:55', '2015-10-24 14:04:55', '1f9f4952-cf20-4519-86db-52c9b3340209'),
 ('1795', '66', '236', '123', '0', '7', '2015-10-24 14:04:55', '2015-10-24 14:04:55', '8ce2b9ff-467b-41d8-94f7-8dac32d3274a'),
 ('1796', '66', '236', '124', '0', '8', '2015-10-24 14:04:55', '2015-10-24 14:04:55', 'dd9d0c37-1338-4c6a-ad5c-ef1e25bd9f97'),
 ('1797', '66', '236', '125', '0', '9', '2015-10-24 14:04:55', '2015-10-24 14:04:55', 'dace723d-262a-4419-bcc1-f6d59b62f16b'),
 ('1798', '66', '236', '129', '0', '10', '2015-10-24 14:04:55', '2015-10-24 14:04:55', 'd75d43be-fdf9-4b9c-add1-ccce34b57138'),
 ('1799', '66', '236', '130', '0', '11', '2015-10-24 14:04:55', '2015-10-24 14:04:55', 'fae45ca3-b6cd-4c3b-b1d2-3d1774066640'),
 ('1800', '66', '236', '131', '0', '12', '2015-10-24 14:04:55', '2015-10-24 14:04:55', 'd7442c31-cf60-46e1-a969-177b54a3e52d'),
 ('1898', '74', '248', '141', '0', '1', '2016-02-16 10:34:53', '2016-02-16 10:34:53', 'fa135daf-8965-47a0-b93c-3573f86e2b24'),
 ('1899', '74', '248', '139', '0', '2', '2016-02-16 10:34:53', '2016-02-16 10:34:53', '2689e8ef-d2c4-4ff8-9791-2d24831bc4fd'),
 ('1900', '74', '248', '140', '0', '3', '2016-02-16 10:34:53', '2016-02-16 10:34:53', '75bd0485-218e-406d-922c-2b9371a7ae37'),
 ('1901', '75', '249', '3', '0', '1', '2016-02-16 10:35:39', '2016-02-16 10:35:39', 'dd8385a5-c461-44da-91f8-9abf79ecc2fb'),
 ('1902', '75', '249', '4', '0', '2', '2016-02-16 10:35:39', '2016-02-16 10:35:39', 'f6f3c1b2-b978-4715-98cf-fa0ba86d8d62'),
 ('1903', '75', '249', '5', '0', '3', '2016-02-16 10:35:39', '2016-02-16 10:35:39', '778090a6-1ce0-405e-ad90-7032edf88b44'),
 ('1904', '75', '249', '109', '0', '4', '2016-02-16 10:35:39', '2016-02-16 10:35:39', '29054099-5bde-4a49-ada5-faccbc11a1f2'),
 ('1905', '75', '249', '110', '0', '5', '2016-02-16 10:35:39', '2016-02-16 10:35:39', 'd5d5335b-dca9-454f-8bb4-69e8ec8785e2'),
 ('1906', '75', '249', '135', '0', '6', '2016-02-16 10:35:39', '2016-02-16 10:35:39', '0edd1eb5-7676-485d-9d8a-121461ae5541'),
 ('1907', '75', '249', '6', '0', '7', '2016-02-16 10:35:39', '2016-02-16 10:35:39', 'af9a8a74-0e01-48a4-b09f-e7add23e4049'),
 ('1908', '75', '249', '7', '0', '8', '2016-02-16 10:35:39', '2016-02-16 10:35:39', 'f0a51532-451d-478a-aba0-6ee937049973'),
 ('1909', '75', '249', '8', '0', '9', '2016-02-16 10:35:39', '2016-02-16 10:35:39', 'd4d82fcb-2d19-4aa9-9c14-fe8004e8de43'),
 ('1910', '75', '249', '117', '0', '10', '2016-02-16 10:35:39', '2016-02-16 10:35:39', '83526a1b-1506-4ff0-a34a-7ac758867d65'),
 ('1911', '75', '249', '9', '0', '11', '2016-02-16 10:35:39', '2016-02-16 10:35:39', 'dfa93af4-8f8e-4b04-b17d-356253f6154c'),
 ('1912', '75', '250', '11', '0', '1', '2016-02-16 10:35:39', '2016-02-16 10:35:39', '160cd295-c8cd-427e-b3b4-7c3d91ab79a6'),
 ('1913', '75', '250', '10', '0', '2', '2016-02-16 10:35:39', '2016-02-16 10:35:39', 'b7d5c73b-a055-4c13-8395-ab3b172dad7d'),
 ('1914', '75', '250', '12', '0', '3', '2016-02-16 10:35:39', '2016-02-16 10:35:39', '4b3bbe47-e1bf-41fb-b0d6-c95c1fc39ef5'),
 ('1915', '75', '250', '111', '0', '4', '2016-02-16 10:35:39', '2016-02-16 10:35:39', 'e9a797b2-e545-4e85-8f86-6144968c3bda'),
 ('1916', '75', '251', '13', '0', '1', '2016-02-16 10:35:39', '2016-02-16 10:35:39', '843a2d4e-394b-4ac6-bf4e-1c43eeaaea42'),
 ('1917', '75', '251', '28', '0', '2', '2016-02-16 10:35:39', '2016-02-16 10:35:39', 'e5de468b-df1b-4bb5-9690-286184a361d6'),
 ('1918', '75', '251', '29', '0', '3', '2016-02-16 10:35:39', '2016-02-16 10:35:39', '9d97e452-447d-4942-b606-e83287527079'),
 ('1919', '75', '251', '30', '0', '4', '2016-02-16 10:35:39', '2016-02-16 10:35:39', '760fcd92-de8f-4ef3-b9e5-e55285140639'),
 ('1920', '75', '251', '31', '0', '5', '2016-02-16 10:35:39', '2016-02-16 10:35:39', '18be0893-2e07-4110-a44c-b13059d53771'),
 ('1921', '75', '251', '21', '0', '6', '2016-02-16 10:35:39', '2016-02-16 10:35:39', 'fc2dd69c-d030-4c75-acab-f6dbd6711acc'),
 ('1922', '75', '251', '22', '0', '7', '2016-02-16 10:35:39', '2016-02-16 10:35:39', '2a2f2e10-6253-4708-8070-63cfdf60b34f'),
 ('1923', '75', '251', '23', '0', '8', '2016-02-16 10:35:39', '2016-02-16 10:35:39', 'cb2ff56c-b0cc-49e9-b364-fef53ba3f93d'),
 ('1924', '75', '251', '20', '0', '9', '2016-02-16 10:35:39', '2016-02-16 10:35:39', '0109e1f8-ffc7-4731-bacb-1a66228bc8cd'),
 ('1925', '75', '251', '18', '0', '10', '2016-02-16 10:35:39', '2016-02-16 10:35:39', 'fa3539f9-553b-484b-9020-ead16b8fd98c'),
 ('1926', '75', '251', '17', '0', '11', '2016-02-16 10:35:39', '2016-02-16 10:35:39', '23dfd8fe-53f3-4f05-86b6-1639bb3c46a1'),
 ('1927', '75', '251', '19', '0', '12', '2016-02-16 10:35:39', '2016-02-16 10:35:39', 'f421735c-07f2-4953-ba33-e4d292f6c2da'),
 ('1928', '75', '251', '16', '0', '13', '2016-02-16 10:35:39', '2016-02-16 10:35:39', 'af113993-9348-49a6-abe8-dce458f8df96'),
 ('1929', '75', '251', '26', '0', '14', '2016-02-16 10:35:39', '2016-02-16 10:35:39', 'b3510f78-6338-457a-995a-0eb1d56f7ffb'),
 ('1930', '75', '251', '25', '0', '15', '2016-02-16 10:35:39', '2016-02-16 10:35:39', '62df1500-1a62-4cdf-b587-dbdef011d2ff'),
 ('1931', '75', '251', '27', '0', '16', '2016-02-16 10:35:39', '2016-02-16 10:35:39', '25b054ed-f0f0-4d09-a4be-fa8099ddac4e'),
 ('1932', '75', '251', '24', '0', '17', '2016-02-16 10:35:39', '2016-02-16 10:35:39', '43c141f9-08fc-4d60-97cc-a1189d456864'),
 ('1933', '75', '251', '15', '0', '18', '2016-02-16 10:35:39', '2016-02-16 10:35:39', '2f8d9784-573f-447c-b89d-e270b65fb8b6'),
 ('1934', '75', '251', '14', '0', '19', '2016-02-16 10:35:39', '2016-02-16 10:35:39', '856db0e0-6e47-47cd-b936-bd9a3c455394'),
 ('1935', '75', '252', '34', '0', '1', '2016-02-16 10:35:39', '2016-02-16 10:35:39', 'e2d400fd-20b2-4d77-a3d5-0095f13b18e4'),
 ('1936', '75', '252', '32', '0', '2', '2016-02-16 10:35:39', '2016-02-16 10:35:39', '542c45c1-9fac-4803-b3ed-4ead729c7a10'),
 ('1937', '75', '252', '38', '0', '3', '2016-02-16 10:35:39', '2016-02-16 10:35:39', 'd8e5cedc-5fbf-46ad-93f4-5e6dc95e26f7'),
 ('1938', '75', '252', '37', '0', '4', '2016-02-16 10:35:39', '2016-02-16 10:35:39', 'deda30f9-5b78-4422-a6c5-13e32905ddb9'),
 ('1939', '75', '252', '36', '0', '5', '2016-02-16 10:35:39', '2016-02-16 10:35:39', '88299607-6742-46ec-900c-b91b2f806d15'),
 ('1940', '75', '252', '35', '0', '6', '2016-02-16 10:35:39', '2016-02-16 10:35:39', '2488c5aa-b1ee-408e-be4f-049954abb701'),
 ('1941', '75', '252', '40', '0', '7', '2016-02-16 10:35:39', '2016-02-16 10:35:39', 'e57251fe-a7f3-43e2-9713-a08f1e168370'),
 ('1942', '75', '252', '39', '0', '8', '2016-02-16 10:35:39', '2016-02-16 10:35:39', 'e5a0cbf4-d1ec-4245-bb35-13ab9dbdae45'),
 ('1943', '75', '252', '33', '0', '9', '2016-02-16 10:35:39', '2016-02-16 10:35:39', 'ca7ba212-b4f1-4956-bbed-de3be0026613'),
 ('1944', '75', '253', '41', '0', '1', '2016-02-16 10:35:39', '2016-02-16 10:35:39', 'cd5aaff3-400c-452f-85e4-62c971c6792c'),
 ('1945', '75', '253', '42', '0', '2', '2016-02-16 10:35:39', '2016-02-16 10:35:39', 'bc07793f-6176-4f43-bd7c-077c0f7ab24a'),
 ('1946', '75', '253', '105', '0', '3', '2016-02-16 10:35:39', '2016-02-16 10:35:39', '54aa9a33-4169-4b88-bdba-8848492deee7'),
 ('1947', '75', '253', '43', '0', '4', '2016-02-16 10:35:39', '2016-02-16 10:35:39', 'e2010298-976f-42d1-8845-c2fb3654dc5c'),
 ('1948', '75', '253', '44', '0', '5', '2016-02-16 10:35:39', '2016-02-16 10:35:39', '4ae9534c-70b8-46cc-967b-84c1c0618e9b'),
 ('1949', '75', '253', '106', '0', '6', '2016-02-16 10:35:39', '2016-02-16 10:35:39', '1e2aef0c-266c-4fe5-bfa0-7c7e9cae8f93'),
 ('1950', '75', '253', '45', '0', '7', '2016-02-16 10:35:39', '2016-02-16 10:35:39', '29e183c0-ea20-4d6b-af60-c6b5adbf6f88'),
 ('1951', '75', '253', '121', '0', '8', '2016-02-16 10:35:39', '2016-02-16 10:35:39', '790301f2-cc6f-4a7f-84d8-165c748feb73'),
 ('1952', '75', '253', '119', '0', '9', '2016-02-16 10:35:39', '2016-02-16 10:35:39', '78b81fb0-2529-4471-8cb6-80567880d2eb'),
 ('1953', '75', '253', '122', '0', '10', '2016-02-16 10:35:39', '2016-02-16 10:35:39', '60ddab90-1dac-40cb-b1b9-7b091c7ea890'),
 ('1954', '75', '253', '120', '0', '11', '2016-02-16 10:35:39', '2016-02-16 10:35:39', 'fcdd21f6-12b2-4b26-b6c1-b36c57b6182b'),
 ('1955', '75', '254', '47', '0', '1', '2016-02-16 10:35:39', '2016-02-16 10:35:39', 'b3ffba5a-d345-40a4-8a61-b7f8570013e3'),
 ('1956', '75', '254', '46', '0', '2', '2016-02-16 10:35:39', '2016-02-16 10:35:39', '0e41d6bd-bd64-477f-8838-b3661e5911e6'),
 ('1957', '75', '254', '112', '0', '3', '2016-02-16 10:35:39', '2016-02-16 10:35:39', '97402d0d-6541-4b33-ad74-d43919ecd7fb'),
 ('1958', '75', '254', '118', '0', '4', '2016-02-16 10:35:39', '2016-02-16 10:35:39', '0cf27079-a6d6-45d6-973c-76336205835f'),
 ('1959', '75', '255', '48', '0', '1', '2016-02-16 10:35:39', '2016-02-16 10:35:39', '3117d95f-5b46-4d0a-8013-eb764cf5c9dd'),
 ('1960', '75', '255', '49', '0', '2', '2016-02-16 10:35:39', '2016-02-16 10:35:39', '9e6e1080-ede0-44b2-a7c4-db84bdccafbc'),
 ('1961', '75', '255', '50', '0', '3', '2016-02-16 10:35:39', '2016-02-16 10:35:39', '6b6a2ffd-98fc-42bf-8fec-b131dbd58270');
INSERT INTO `craft_fieldlayoutfields` (`id`, `layoutId`, `tabId`, `fieldId`, `required`, `sortOrder`, `dateCreated`, `dateUpdated`, `uid`) VALUES
 ('1962', '75', '256', '138', '0', '1', '2016-02-16 10:35:39', '2016-02-16 10:35:39', '34524388-92be-4fde-8294-f6586ac98010'),
 ('1963', '75', '256', '137', '0', '2', '2016-02-16 10:35:39', '2016-02-16 10:35:39', '5abfe737-6cb3-4169-bbd0-05bc9b22d138'),
 ('1964', '75', '256', '136', '0', '3', '2016-02-16 10:35:39', '2016-02-16 10:35:39', 'e92a6725-6526-463e-a583-d6ab67091509'),
 ('1965', '75', '257', '51', '0', '1', '2016-02-16 10:35:39', '2016-02-16 10:35:39', 'a4a55de5-17a5-4c87-8b3b-32fe232ae014'),
 ('1966', '75', '257', '52', '0', '2', '2016-02-16 10:35:39', '2016-02-16 10:35:39', 'e65c35c9-c3b7-4237-a9f9-e240e68989c1'),
 ('1967', '75', '257', '54', '0', '3', '2016-02-16 10:35:39', '2016-02-16 10:35:39', 'f7cc3f33-de10-415d-9cea-92c3cb5cc2d8'),
 ('1968', '75', '257', '55', '0', '4', '2016-02-16 10:35:39', '2016-02-16 10:35:39', 'f313afeb-f9f4-4e35-bbcd-c4e5fb179a0a'),
 ('1969', '75', '257', '53', '0', '5', '2016-02-16 10:35:39', '2016-02-16 10:35:39', '01778781-5681-4fe5-a8ad-fb6cdefd6d67'),
 ('1970', '75', '257', '56', '0', '6', '2016-02-16 10:35:39', '2016-02-16 10:35:39', '4b798853-c46c-45ef-94ab-f02869ab2bf0'),
 ('1971', '75', '258', '113', '0', '1', '2016-02-16 10:35:39', '2016-02-16 10:35:39', 'de0e8448-30a1-46c9-ab64-09a7c38268c5'),
 ('1972', '75', '258', '114', '0', '2', '2016-02-16 10:35:39', '2016-02-16 10:35:39', '50562d6c-0f58-4fd3-abb9-39687b7c1bbb'),
 ('1973', '75', '258', '115', '0', '3', '2016-02-16 10:35:39', '2016-02-16 10:35:39', '8fc86af1-65b6-4d60-a5eb-ddb2f3a22bac'),
 ('1974', '75', '258', '116', '0', '4', '2016-02-16 10:35:39', '2016-02-16 10:35:39', 'd7868f50-86e3-4e3f-bf12-a82a3c3f4f3c'),
 ('1975', '75', '259', '57', '0', '1', '2016-02-16 10:35:39', '2016-02-16 10:35:39', 'f776a6ca-6375-4325-b1ad-d13df4f894c2'),
 ('1976', '75', '259', '70', '0', '2', '2016-02-16 10:35:39', '2016-02-16 10:35:39', 'a8a34e14-d775-45f6-98f4-d23aa19bc9f8'),
 ('1977', '75', '259', '58', '0', '3', '2016-02-16 10:35:39', '2016-02-16 10:35:39', 'bb06936f-4069-44b5-b537-590407766e2f'),
 ('1978', '75', '259', '59', '0', '4', '2016-02-16 10:35:39', '2016-02-16 10:35:39', '62de2b8f-c175-4610-85a4-e33a19222fce'),
 ('1979', '75', '259', '60', '0', '5', '2016-02-16 10:35:39', '2016-02-16 10:35:39', '5af11001-c36e-4b2f-9333-7890065a4434'),
 ('1980', '75', '259', '61', '0', '6', '2016-02-16 10:35:39', '2016-02-16 10:35:39', '0cb6df9b-95a3-4415-b018-ede37e604afd'),
 ('1981', '75', '259', '64', '0', '7', '2016-02-16 10:35:39', '2016-02-16 10:35:39', '13cfc300-bd99-4d3c-b28d-ac4c55a8ae45'),
 ('1982', '75', '259', '65', '0', '8', '2016-02-16 10:35:39', '2016-02-16 10:35:39', '192154fa-c130-4b87-90e7-f18787d66938'),
 ('1983', '75', '259', '68', '0', '9', '2016-02-16 10:35:39', '2016-02-16 10:35:39', '4393ae78-0dfd-4d91-b72f-ce59ecd77b4f'),
 ('1984', '75', '259', '69', '0', '10', '2016-02-16 10:35:39', '2016-02-16 10:35:39', '1c51c5b6-d98c-4f8b-a1a4-42e8ec293d70'),
 ('1985', '75', '259', '62', '0', '11', '2016-02-16 10:35:39', '2016-02-16 10:35:39', '2e4f56e3-02ef-4bcb-bf0e-016331e99aea'),
 ('1986', '75', '259', '63', '0', '12', '2016-02-16 10:35:39', '2016-02-16 10:35:39', 'c29e4126-1c0f-46d7-b5e8-b7ad89ecbcea'),
 ('1987', '75', '259', '66', '0', '13', '2016-02-16 10:35:39', '2016-02-16 10:35:39', '5dbce484-b8b0-4a19-97f1-130448d6d083'),
 ('1988', '75', '259', '67', '0', '14', '2016-02-16 10:35:39', '2016-02-16 10:35:39', '23a63eb6-1fe4-4c98-9b0a-8ceeb4df245f'),
 ('1989', '75', '259', '86', '0', '15', '2016-02-16 10:35:39', '2016-02-16 10:35:39', '395f63a6-fb00-4eed-afb2-57748fd22643'),
 ('1990', '75', '259', '108', '0', '16', '2016-02-16 10:35:39', '2016-02-16 10:35:39', '028f6e3f-6ea4-4252-993f-8211c715b75a'),
 ('1991', '75', '260', '71', '0', '1', '2016-02-16 10:35:39', '2016-02-16 10:35:39', '10ccf69d-be98-4c84-a082-38c2dfab0b64'),
 ('1992', '75', '260', '74', '0', '2', '2016-02-16 10:35:39', '2016-02-16 10:35:39', 'e8beb0fa-c356-4855-b4f7-8ab53fa9ba43'),
 ('1993', '75', '260', '73', '0', '3', '2016-02-16 10:35:39', '2016-02-16 10:35:39', 'd56930b4-2f38-475a-bb95-e93e20ee3f2a'),
 ('1994', '75', '260', '72', '0', '4', '2016-02-16 10:35:39', '2016-02-16 10:35:39', '96f23256-ade0-413e-874e-a1026eb8a351'),
 ('1995', '75', '260', '87', '0', '5', '2016-02-16 10:35:39', '2016-02-16 10:35:39', '3d5ba3bc-16cf-42d1-a2d9-8aca6ba141bd'),
 ('1996', '75', '260', '75', '0', '6', '2016-02-16 10:35:39', '2016-02-16 10:35:39', 'ffb8306c-f312-4bab-a4f1-7983ebbb2cff'),
 ('1997', '75', '260', '76', '0', '7', '2016-02-16 10:35:39', '2016-02-16 10:35:39', 'a06c2f1a-19ad-4383-bcf3-6f06c6a4dd8a'),
 ('1998', '75', '260', '78', '0', '8', '2016-02-16 10:35:39', '2016-02-16 10:35:39', '576308af-1c1b-45a5-bd3a-9e6ee5dc043f'),
 ('1999', '75', '260', '77', '0', '9', '2016-02-16 10:35:39', '2016-02-16 10:35:39', 'c21e2495-de8c-436b-a994-3e45313798ba'),
 ('2000', '75', '260', '88', '0', '10', '2016-02-16 10:35:39', '2016-02-16 10:35:39', '048e863e-d987-45e4-bf66-2790b59f5105');



DROP TABLE IF EXISTS `craft_fieldlayouts`;


--
-- Schema for table `craft_fieldlayouts`
--
CREATE TABLE `craft_fieldlayouts` (
  `id` int(11) NOT NULL AUTO_INCREMENT,
  `type` varchar(150) COLLATE utf8_unicode_ci NOT NULL,
  `dateCreated` datetime NOT NULL,
  `dateUpdated` datetime NOT NULL,
  `uid` char(36) COLLATE utf8_unicode_ci NOT NULL DEFAULT '0',
  PRIMARY KEY (`id`),
  KEY `craft_fieldlayouts_type_idx` (`type`)
) ENGINE=InnoDB AUTO_INCREMENT=76 DEFAULT CHARSET=utf8 COLLATE=utf8_unicode_ci;

--
-- Data for table `craft_fieldlayouts`
--

INSERT INTO `craft_fieldlayouts` (`id`, `type`, `dateCreated`, `dateUpdated`, `uid`) VALUES
 ('1', 'Tag', '2015-07-22 10:53:28', '2015-07-22 10:53:28', '4593736a-8caa-4e72-b80c-bf38cb8382eb'),
 ('5', 'Entry', '2015-07-22 10:53:28', '2015-07-22 10:53:28', 'ef834aae-ad19-4760-ba10-286eb57cf9ea'),
 ('23', 'Entry', '2015-07-23 13:21:39', '2015-07-23 13:21:39', 'c98aee98-0e23-4e43-b902-bf1769978e3d'),
 ('40', 'GlobalSet', '2015-07-23 16:43:19', '2015-07-23 16:43:19', '0936f358-d941-40a1-9b75-5f36ac1946c9'),
 ('49', 'GlobalSet', '2015-08-21 07:50:23', '2015-08-21 07:50:23', '3887074c-680c-4055-8db1-f11a50287afc'),
 ('63', 'GlobalSet', '2015-10-24 13:51:55', '2015-10-24 13:51:55', '7f71679b-bfaa-4872-a927-6cc9941b13c1'),
 ('64', 'GlobalSet', '2015-10-24 13:52:49', '2015-10-24 13:52:49', 'fb722993-d50f-47d8-bfe6-9b4ee5be7af3'),
 ('66', 'GlobalSet', '2015-10-24 14:04:55', '2015-10-24 14:04:55', '7c2acb86-cfcd-4715-aad7-a99009ef83cd'),
 ('67', 'Asset', '2015-10-29 12:41:10', '2015-10-29 12:41:10', 'edd57e22-f217-4e34-a96d-8722bd0917de'),
 ('68', 'Asset', '2015-10-29 12:41:15', '2015-10-29 12:41:15', 'c12653a8-1f85-43bb-b214-06b458fcd9d4'),
 ('69', 'Asset', '2015-10-29 12:41:19', '2015-10-29 12:41:19', '39c27188-034e-4aa3-8a70-35ce3e216ef8'),
 ('70', 'Asset', '2015-10-29 12:41:24', '2015-10-29 12:41:24', '86f12681-285c-4e4b-9a53-5ec8cec5c951'),
 ('71', 'Asset', '2015-10-29 12:41:29', '2015-10-29 12:41:29', 'b9a107bc-27b4-487c-bc62-a70c26c181e3'),
 ('74', 'Entry', '2016-02-16 10:34:53', '2016-02-16 10:34:53', 'fd5d31ea-5540-4ae3-8c9e-8c30fbab8601'),
 ('75', 'Entry', '2016-02-16 10:35:39', '2016-02-16 10:35:39', '8bf4f477-08f5-432e-82f5-3803fb160a19');



DROP TABLE IF EXISTS `craft_fieldlayouttabs`;


--
-- Schema for table `craft_fieldlayouttabs`
--
CREATE TABLE `craft_fieldlayouttabs` (
  `id` int(11) NOT NULL AUTO_INCREMENT,
  `layoutId` int(11) NOT NULL,
  `name` varchar(255) COLLATE utf8_unicode_ci NOT NULL,
  `sortOrder` tinyint(4) DEFAULT NULL,
  `dateCreated` datetime NOT NULL,
  `dateUpdated` datetime NOT NULL,
  `uid` char(36) COLLATE utf8_unicode_ci NOT NULL DEFAULT '0',
  PRIMARY KEY (`id`),
  KEY `craft_fieldlayouttabs_sortOrder_idx` (`sortOrder`),
  KEY `craft_fieldlayouttabs_layoutId_fk` (`layoutId`)
) ENGINE=InnoDB AUTO_INCREMENT=261 DEFAULT CHARSET=utf8 COLLATE=utf8_unicode_ci;

--
-- Data for table `craft_fieldlayouttabs`
--

INSERT INTO `craft_fieldlayouttabs` (`id`, `layoutId`, `name`, `sortOrder`, `dateCreated`, `dateUpdated`, `uid`) VALUES
 ('2', '5', 'Content', '1', '2015-07-22 10:53:28', '2015-07-22 10:53:28', '0bc2e52a-9bd6-4fc4-8bee-0e12d5e8ff65'),
 ('112', '23', 'Presse_Article', '1', '2015-07-23 13:21:39', '2015-07-23 13:21:39', 'cccdcc89-02f0-4d5b-9f89-da31eb2b2f52'),
 ('113', '40', 'Contenu', '1', '2015-07-23 16:43:19', '2015-07-23 16:43:19', 'a309f481-70a1-430d-aeef-69f5ac958775'),
 ('167', '49', 'Contenu', '1', '2015-08-21 07:50:23', '2015-08-21 07:50:23', '1859a544-7522-45b6-a355-43141f8e15a5'),
 ('234', '63', 'Contenu', '1', '2015-10-24 13:51:55', '2015-10-24 13:51:55', '9891a5c3-4bb7-4999-a673-1f1661a26c40'),
 ('235', '64', 'Contenu', '1', '2015-10-24 13:52:49', '2015-10-24 13:52:49', 'a8949af4-a7be-4822-b7d1-dd0d8121661f'),
 ('236', '66', 'Contenu', '1', '2015-10-24 14:04:55', '2015-10-24 14:04:55', '4236e4d6-43a2-4c13-92e0-c45833ce3627'),
 ('248', '74', 'Actualites_Article', '1', '2016-02-16 10:34:53', '2016-02-16 10:34:53', '0188df44-b77a-4ea6-a908-11f478669de5'),
 ('249', '75', 'Navigation', '1', '2016-02-16 10:35:39', '2016-02-16 10:35:39', 'baf01d66-315d-41be-a40f-348fafd734a3'),
 ('250', '75', 'Presentation', '2', '2016-02-16 10:35:39', '2016-02-16 10:35:39', 'd28871c8-e4aa-49e7-a6e6-df6e0ab9a7c2'),
 ('251', '75', 'Forfaits', '3', '2016-02-16 10:35:39', '2016-02-16 10:35:39', '4cd7b9f2-ecbe-47c6-975c-15b4c40abbe2'),
 ('252', '75', 'Soins', '4', '2016-02-16 10:35:39', '2016-02-16 10:35:39', 'e60ebe95-0832-4df4-b2bf-031e65def221'),
 ('253', '75', 'PrivatisationEvents', '5', '2016-02-16 10:35:39', '2016-02-16 10:35:39', '094f17b5-8a42-400f-ab84-3b45240dd497'),
 ('254', '75', 'Pros', '6', '2016-02-16 10:35:39', '2016-02-16 10:35:39', 'fd8eddc3-ec12-4f6c-829e-9964422590c8'),
 ('255', '75', 'Presse', '7', '2016-02-16 10:35:39', '2016-02-16 10:35:39', '59a6972c-6592-4263-94c2-aa9eee7d0eeb'),
 ('256', '75', 'Actualites', '8', '2016-02-16 10:35:39', '2016-02-16 10:35:39', 'ceb13796-2d1e-44d8-aed0-a137baec0ad8'),
 ('257', '75', 'Social', '9', '2016-02-16 10:35:39', '2016-02-16 10:35:39', 'ee7d7369-6f91-4506-b4dd-779659fb7363'),
 ('258', '75', 'Boutiques', '10', '2016-02-16 10:35:39', '2016-02-16 10:35:39', '4d84cf74-48c9-4806-badb-57c976461829'),
 ('259', '75', 'Contact', '11', '2016-02-16 10:35:39', '2016-02-16 10:35:39', 'dd36d5d8-39ed-4668-b743-e1090c563e42'),
 ('260', '75', 'Stores', '12', '2016-02-16 10:35:39', '2016-02-16 10:35:39', '8c23261d-c39f-4589-87fd-2d7575cfa417');



DROP TABLE IF EXISTS `craft_fields`;


--
-- Schema for table `craft_fields`
--
CREATE TABLE `craft_fields` (
  `id` int(11) NOT NULL AUTO_INCREMENT,
  `groupId` int(11) DEFAULT NULL,
  `name` varchar(255) COLLATE utf8_unicode_ci NOT NULL,
  `handle` varchar(58) COLLATE utf8_unicode_ci NOT NULL,
  `context` varchar(255) COLLATE utf8_unicode_ci NOT NULL DEFAULT 'global',
  `instructions` text COLLATE utf8_unicode_ci,
  `translatable` tinyint(1) unsigned NOT NULL DEFAULT '0',
  `type` varchar(150) COLLATE utf8_unicode_ci NOT NULL,
  `settings` text COLLATE utf8_unicode_ci,
  `dateCreated` datetime NOT NULL,
  `dateUpdated` datetime NOT NULL,
  `uid` char(36) COLLATE utf8_unicode_ci NOT NULL DEFAULT '0',
  PRIMARY KEY (`id`),
  UNIQUE KEY `craft_fields_handle_context_unq_idx` (`handle`,`context`),
  KEY `craft_fields_context_idx` (`context`),
  KEY `craft_fields_groupId_fk` (`groupId`)
) ENGINE=InnoDB AUTO_INCREMENT=142 DEFAULT CHARSET=utf8 COLLATE=utf8_unicode_ci;

--
-- Data for table `craft_fields`
--

INSERT INTO `craft_fields` (`id`, `groupId`, `name`, `handle`, `context`, `instructions`, `translatable`, `type`, `settings`, `dateCreated`, `dateUpdated`, `uid`) VALUES
 ('1', '1', 'Body', 'body', 'global', NULL, '1', 'RichText', '{\"configFile\":\"Standard.json\",\"columnType\":\"text\"}', '2015-07-22 10:53:28', '2015-07-22 10:53:28', 'b26a595b-cd8b-400f-8889-2c8500007889'),
 ('2', '1', 'Tags', 'tags', 'global', NULL, '0', 'Tags', '{\"source\":\"taggroup:1\"}', '2015-07-22 10:53:28', '2015-07-22 10:53:28', '9cfb1e20-850a-45de-a0f5-9913e1656f1b'),
 ('3', '2', 'Forfaits', 'forfaits', 'global', 'Element du menu', '0', 'PlainText', '{\"placeholder\":\"Forfaits\",\"maxLength\":\"\",\"multiline\":\"\",\"initialRows\":\"4\"}', '2015-07-22 11:07:01', '2015-07-22 11:07:01', '11aa99fb-e0fc-4c1f-b3a3-3f4a64c94c22'),
 ('4', '2', 'Soins', 'soins', 'global', 'Element du menu', '0', 'PlainText', '{\"placeholder\":\"Soins \\u00e0 la carte\",\"maxLength\":\"\",\"multiline\":\"\",\"initialRows\":\"4\"}', '2015-07-22 11:07:24', '2015-07-22 11:07:51', 'a2bfa7ad-35a4-4f8c-8540-6c2d939b8cc9'),
 ('5', '2', 'Privatisation', 'privatisation', 'global', 'Element du menu', '0', 'PlainText', '{\"placeholder\":\"Privatisation\\/Events\",\"maxLength\":\"\",\"multiline\":\"\",\"initialRows\":\"4\"}', '2015-07-22 11:08:24', '2015-07-22 11:08:24', '6d26b7f6-9812-4b5c-b7e8-f0e88fe78657'),
 ('6', '2', 'Espace Pro', 'espacePro', 'global', 'Element du menu', '0', 'PlainText', '{\"placeholder\":\"Espace Pro\",\"maxLength\":\"\",\"multiline\":\"\",\"initialRows\":\"4\"}', '2015-07-22 11:08:45', '2015-07-22 11:08:45', 'dcdc3c55-23e3-47c5-8107-c025859b2805'),
 ('7', '2', 'Presse', 'presse', 'global', 'Element du menu', '0', 'PlainText', '{\"placeholder\":\"Presse\",\"maxLength\":\"\",\"multiline\":\"\",\"initialRows\":\"4\"}', '2015-07-22 11:09:00', '2015-07-22 11:09:00', '52066c83-5366-433b-9a8e-6db37b33b36a'),
 ('8', '2', 'Social', 'social', 'global', 'Element du menu', '0', 'PlainText', '{\"placeholder\":\"We are social\",\"maxLength\":\"\",\"multiline\":\"\",\"initialRows\":\"4\"}', '2015-07-22 11:09:17', '2015-07-22 11:09:17', 'eb2a30ac-96d8-445f-9280-8695e6b9e5fd'),
 ('9', '2', 'Contact', 'contact', 'global', 'Element du menu', '0', 'PlainText', '{\"placeholder\":\"Contact\",\"maxLength\":\"\",\"multiline\":\"\",\"initialRows\":\"4\"}', '2015-07-22 11:09:31', '2015-07-22 11:09:31', '4697c5d2-6627-4a14-84df-94982bd439eb'),
 ('10', '3', 'Head_Title', 'headTitle', 'global', 'Titre de premier slider', '0', 'PlainText', '{\"placeholder\":\"Cr\\u00e9ateur de beaut\\u00e9\",\"maxLength\":\"\",\"multiline\":\"\",\"initialRows\":\"4\"}', '2015-07-22 11:19:16', '2015-07-22 11:19:16', '2f38ab61-0276-4cbe-87e3-07219b8b1bd2'),
 ('11', '3', 'Head_Description', 'headDescription', 'global', 'Description de la section d\'entête', '0', 'PlainText', '{\"placeholder\":\"Description\",\"maxLength\":\"\",\"multiline\":\"\",\"initialRows\":\"4\"}', '2015-07-22 11:19:41', '2015-07-22 11:19:41', '36aa9385-1690-415f-80c4-7dabc58cc0cc'),
 ('12', '3', 'Head_Button', 'headButton', 'global', 'Label du button de contact en entête de page', '0', 'PlainText', '{\"placeholder\":\"Prendre un RDV\",\"maxLength\":\"\",\"multiline\":\"\",\"initialRows\":\"4\"}', '2015-07-22 13:22:23', '2015-07-22 13:23:34', '74c3a21d-4cab-4a56-bb74-5abc60487a6c'),
 ('13', '4', 'Forfaits_Title', 'forfaitsTitle', 'global', 'Titre de la section \"Forfaits\"', '0', 'PlainText', '{\"placeholder\":\"Les forfaits Before\",\"maxLength\":\"\",\"multiline\":\"\",\"initialRows\":\"4\"}', '2015-07-22 13:26:08', '2015-07-22 13:26:08', '3a9e9ae9-a584-4f71-a559-bdb8053a6797'),
 ('14', '4', 'Forfaits_Desc', 'forfaitsDesc', 'global', 'Description de la section Forfait', '0', 'RichText', '{\"configFile\":\"\",\"cleanupHtml\":\"\",\"purifyHtml\":\"\",\"columnType\":\"text\"}', '2015-07-22 13:26:47', '2015-07-22 13:27:26', '39adbfae-5511-4ba2-9d95-9f14eea85789'),
 ('15', '4', 'Forfaits_Btn_Discover', 'forfaitsBtnDiscover', 'global', 'Label du bouton \"Découvrir le forfait\"', '0', 'PlainText', '{\"placeholder\":\"D\\u00e9couvrir le forfait\",\"maxLength\":\"\",\"multiline\":\"\",\"initialRows\":\"4\"}', '2015-07-22 13:29:12', '2015-07-22 13:29:12', 'c5e6840d-0b54-4862-9cca-955b4f281376'),
 ('16', '4', 'Forfait_Events_Title', 'forfaitEventsTitle', 'global', 'Titre du Forfait \"Events\"', '0', 'PlainText', '{\"placeholder\":\"Events\",\"maxLength\":\"\",\"multiline\":\"\",\"initialRows\":\"4\"}', '2015-07-22 13:29:59', '2015-07-22 13:29:59', '801ea019-1baf-4f9c-ac38-d6ecc72c0432'),
 ('17', '4', 'Forfait_Events_Intro', 'forfaitEventsIntro', 'global', 'Introduction au forfait events', '0', 'PlainText', '{\"placeholder\":\"Privatisez pour tous vos events (EVJF, baby shower\\u2026)\",\"maxLength\":\"\",\"multiline\":\"\",\"initialRows\":\"4\"}', '2015-07-22 13:30:51', '2015-07-22 13:31:03', '31d21765-134c-4d17-afe4-1498eb160b1e'),
 ('18', '4', 'Forfait_Events_Desc', 'forfaitEventsDesc', 'global', 'Description du Forfait \"Events\"', '0', 'RichText', '{\"configFile\":\"\",\"cleanupHtml\":\"\",\"purifyHtml\":\"\",\"columnType\":\"text\"}', '2015-07-22 13:31:34', '2015-07-22 13:31:34', 'dbedc414-a307-4818-9dbe-383adfdb6638'),
 ('19', '4', 'Forfait_Events_Price', 'forfaitEventsPrice', 'global', 'Prix indiqué pour le forfait', '0', 'PlainText', '{\"placeholder\":\"A partir de 35 \\u20ac\",\"maxLength\":\"\",\"multiline\":\"\",\"initialRows\":\"4\"}', '2015-07-22 13:31:58', '2015-07-22 13:31:58', '1be8da61-fef7-465e-9323-b030d82fbb2b'),
 ('20', '4', 'Forfait_Dating_Title', 'forfaitDatingTitle', 'global', 'Titre du Forfait Dating', '0', 'PlainText', '{\"placeholder\":\"Dating & Party\",\"maxLength\":\"\",\"multiline\":\"\",\"initialRows\":\"4\"}', '2015-07-22 13:33:17', '2015-07-22 13:33:17', 'b748c459-ea9b-4735-9e2c-5167f320f1dd'),
 ('21', '4', 'Forfait_Dating_Desc', 'forfaitDatingDesc', 'global', 'Description du forfait dating', '0', 'RichText', '{\"configFile\":\"\",\"cleanupHtml\":\"\",\"purifyHtml\":\"\",\"columnType\":\"text\"}', '2015-07-22 13:33:36', '2015-07-22 13:34:48', 'c53a8485-e683-4813-85a2-c5fc780e9c3c'),
 ('22', '4', 'Forfait_Dating_Intro', 'forfaitDatingIntro', 'global', 'Introduction au forfait Dating', '0', 'PlainText', '{\"placeholder\":\"Pour assurer vos RDV pros ou amoureux.\",\"maxLength\":\"\",\"multiline\":\"\",\"initialRows\":\"4\"}', '2015-07-22 13:34:06', '2015-07-22 13:34:06', '4b01dc4a-e903-406e-89aa-599e94e382dc'),
 ('23', '4', 'Forfait_Dating_Price', 'forfaitDatingPrice', 'global', 'Prix indiqué pour le forfait Dating', '0', 'PlainText', '{\"placeholder\":\"\",\"maxLength\":\"\",\"multiline\":\"\",\"initialRows\":\"4\"}', '2015-07-22 13:34:41', '2015-07-22 13:34:41', '0318c4c4-e5ef-45f8-86ff-362058f86cbb'),
 ('24', '4', 'Forfait_Wedding_Title', 'forfaitWeddingTitle', 'global', 'Titre du forfait Wedding', '0', 'PlainText', '{\"placeholder\":\"Wedding\",\"maxLength\":\"\",\"multiline\":\"\",\"initialRows\":\"4\"}', '2015-07-22 13:35:13', '2015-07-22 13:35:13', 'ab44b791-d349-4b5d-a89a-b5f8fd3818cf'),
 ('25', '4', 'Forfait_Wedding_Intro', 'forfaitWeddingIntro', 'global', 'Introduction au forfait wedding', '0', 'PlainText', '{\"placeholder\":\"Sublimez-vous pour le plus beau jour de votre vie.\",\"maxLength\":\"\",\"multiline\":\"\",\"initialRows\":\"4\"}', '2015-07-22 13:35:40', '2015-07-22 13:35:40', '14033cb5-4557-43f3-93d2-42ae201bcf1e'),
 ('26', '4', 'Forfait_Wedding_Desc', 'forfaitWeddingDesc', 'global', 'Description du forfait wedding', '0', 'RichText', '{\"configFile\":\"\",\"cleanupHtml\":\"\",\"purifyHtml\":\"\",\"columnType\":\"text\"}', '2015-07-22 13:36:03', '2015-07-22 13:36:03', '4899849c-ab4f-45c7-8bcc-25ac7a051f53'),
 ('27', '4', 'Forfait_Wedding_Price', 'forfaitWeddingPrice', 'global', 'Prix indiqué pour le forfait Wedding', '0', 'PlainText', '{\"placeholder\":\"A partir de XX\\u20ac\",\"maxLength\":\"\",\"multiline\":\"\",\"initialRows\":\"4\"}', '2015-07-22 13:36:31', '2015-07-22 13:36:31', 'db77f050-0d2b-4c4c-b2b3-a08bbde8a686'),
 ('28', '4', 'Forfait_Beach_Title', 'forfaitBeachTitle', 'global', 'Titre du forfait \"The Beach\"', '0', 'PlainText', '{\"placeholder\":\"The Beach\",\"maxLength\":\"\",\"multiline\":\"\",\"initialRows\":\"4\"}', '2015-07-22 13:36:51', '2015-07-22 13:36:51', '2e48fa72-28ed-4be8-87e1-bdb16f688f29'),
 ('29', '4', 'Forfait_Beach_Intro', 'forfaitBeachIntro', 'global', 'Introduction au forfait Beach', '0', 'PlainText', '{\"placeholder\":\"Pour \\u00eatre belle des pieds \\u00e0 la t\\u00eate pendant les vacances.\",\"maxLength\":\"\",\"multiline\":\"\",\"initialRows\":\"4\"}', '2015-07-22 13:37:17', '2015-07-22 13:37:17', 'a1037f75-dc42-4cac-a497-1ee3f358c0a4'),
 ('30', '4', 'Forfait_Beach_Desc', 'forfaitBeachDesc', 'global', 'Description du forfait \"The Beach\"', '0', 'RichText', '{\"configFile\":\"\",\"cleanupHtml\":\"\",\"purifyHtml\":\"\",\"columnType\":\"text\"}', '2015-07-22 13:37:48', '2015-07-22 13:37:48', '0a5063bc-93fa-4aaa-b88e-deba56478b5f'),
 ('31', '4', 'Forfait_Beach_Price', 'forfaitBeachPrice', 'global', 'Prix indiqué pour le forfait Beach', '0', 'PlainText', '{\"placeholder\":\"A partir de XX \\u20ac\",\"maxLength\":\"\",\"multiline\":\"\",\"initialRows\":\"4\"}', '2015-07-22 13:38:12', '2015-07-22 13:38:12', 'de20428a-110e-4822-b9df-9123fa1a32bd'),
 ('32', '5', 'Soins_Hair_Title', 'soinsHairTitle', 'global', 'Titre du contenu Bar à Coiffure', '0', 'PlainText', '{\"placeholder\":\"Bar \\u00e0 coiffure\",\"maxLength\":\"\",\"multiline\":\"\",\"initialRows\":\"4\"}', '2015-07-22 13:47:43', '2015-07-22 13:48:43', 'bb1e8c16-de87-421d-a903-01feaaac1bcd'),
 ('33', '5', 'Soins_Title', 'soinsTitle', 'global', 'Titre de la section Soins', '0', 'PlainText', '{\"placeholder\":\"Soins \\u00e0 la carte\",\"maxLength\":\"\",\"multiline\":\"\",\"initialRows\":\"4\"}', '2015-07-22 13:48:25', '2015-07-22 13:48:25', '1fb30cf1-90d0-4c2d-9867-bc426a0d37bc'),
 ('34', '5', 'Soins_Hair_Desc', 'soinsHairDesc', 'global', 'Description de l\'offre soins Coiffure', '0', 'RichText', '{\"configFile\":\"\",\"cleanupHtml\":\"1\",\"purifyHtml\":\"\",\"columnType\":\"text\"}', '2015-07-22 13:49:20', '2015-07-22 15:41:56', '65e38d57-0a90-4f4f-a236-e3bb374f1307'),
 ('35', '5', 'Soins_Nails_Title', 'soinsNailsTitle', 'global', 'Titre de la section Bar à Ongles', '0', 'PlainText', '{\"placeholder\":\"\",\"maxLength\":\"\",\"multiline\":\"\",\"initialRows\":\"4\"}', '2015-07-22 13:49:49', '2015-07-22 13:49:49', 'b0055c1d-b6ea-4caa-b286-6a7f7b7f07ba'),
 ('36', '5', 'Soins_Nails_Desc', 'soinsNailsDesc', 'global', 'Description de la section \"Bar à Ongles\"', '0', 'RichText', '{\"configFile\":\"\",\"cleanupHtml\":\"1\",\"purifyHtml\":\"\",\"columnType\":\"text\"}', '2015-07-22 13:50:14', '2015-07-22 15:42:05', 'd9461383-eba1-4390-9d75-6dfa10f27a56'),
 ('37', '5', 'Soins_MakeUp_Title', 'soinsMakeupTitle', 'global', 'Titre de la section Make Up', '0', 'PlainText', '{\"placeholder\":\"Bar \\u00e0 maquillage\",\"maxLength\":\"\",\"multiline\":\"\",\"initialRows\":\"4\"}', '2015-07-22 13:51:07', '2015-07-22 13:51:07', '441e947c-1a82-47e7-912c-9c2f6d7e307d'),
 ('38', '5', 'Soins_MakeUp_Desc', 'soinsMakeupDesc', 'global', 'Description de la section MakeUp', '0', 'RichText', '{\"configFile\":\"\",\"cleanupHtml\":\"1\",\"purifyHtml\":\"\",\"columnType\":\"text\"}', '2015-07-22 13:51:24', '2015-07-22 15:42:00', '9a19fce0-1d3c-448c-a0a2-903da736feb3'),
 ('39', '5', 'Soins_Spa_Title', 'soinsSpaTitle', 'global', 'Titre de la section Spa', '0', 'PlainText', '{\"placeholder\":\"Spa urbain\",\"maxLength\":\"\",\"multiline\":\"\",\"initialRows\":\"4\"}', '2015-07-22 13:51:42', '2015-07-22 13:51:42', '010bec27-6ed0-4d1d-a49f-47a7626e5013'),
 ('40', '5', 'Soins_Spa_Desc', 'soinsSpaDesc', 'global', 'Description de la partie Spa Urbain', '0', 'RichText', '{\"configFile\":\"\",\"cleanupHtml\":\"1\",\"purifyHtml\":\"\",\"columnType\":\"text\"}', '2015-07-22 13:52:01', '2015-07-22 15:42:09', 'd65f03f2-1186-45e7-8162-c1cdc7ac56e8'),
 ('41', '6', 'Domicile_Desc', 'eventsDesc', 'global', 'Description de la section \"A domicile\"', '0', 'RichText', '{\"configFile\":\"\",\"cleanupHtml\":\"1\",\"purifyHtml\":\"\",\"columnType\":\"text\"}', '2015-07-22 13:57:46', '2015-10-09 14:58:30', '874433e4-fbad-42a6-8667-99c48259faa8'),
 ('42', '6', 'Domicile_Title', 'eventsTitle', 'global', 'Titre de la section \"A domicile\"', '0', 'PlainText', '{\"placeholder\":\"Events\",\"maxLength\":\"\",\"multiline\":\"\",\"initialRows\":\"4\"}', '2015-07-22 13:58:16', '2015-10-09 14:58:51', '29ddb3c3-5f45-46bd-ac8f-22e9dc0e3f14'),
 ('43', '6', 'Events_Desc', 'privateDesc', 'global', 'Description de la section \"Events\"', '0', 'RichText', '{\"configFile\":\"\",\"cleanupHtml\":\"1\",\"purifyHtml\":\"\",\"columnType\":\"text\"}', '2015-07-22 13:58:36', '2015-10-09 14:59:23', '1458ffee-7f9f-4018-9417-fc16eef5d7d8'),
 ('44', '6', 'Events_Title', 'privateTitle', 'global', 'Titre de la section \"Events\"', '0', 'PlainText', '{\"placeholder\":\"Privatisation\",\"maxLength\":\"\",\"multiline\":\"\",\"initialRows\":\"4\"}', '2015-07-22 13:58:53', '2015-10-09 14:59:53', '01b25a99-6725-4edd-8716-66eb2c064dec'),
 ('45', '6', 'Events_Btn', 'privatisationBtn', 'global', 'Label du bouton de la section \"Events\"', '0', 'PlainText', '{\"placeholder\":\"Je privatise !\",\"maxLength\":\"\",\"multiline\":\"\",\"initialRows\":\"4\"}', '2015-07-22 14:00:27', '2015-10-09 15:00:51', '668f247e-1100-4d73-ab5c-56f71438e3fe'),
 ('46', '7', 'Pro_Desc', 'proDesc', 'global', 'Description de la section Espace Pro', '0', 'RichText', '{\"configFile\":\"\",\"cleanupHtml\":\"1\",\"purifyHtml\":\"\",\"columnType\":\"text\"}', '2015-07-22 14:03:24', '2015-07-22 15:41:35', 'a83a11c2-8b63-4e51-b567-498674d80cac'),
 ('47', '7', 'Pro_Title', 'proTitle', 'global', 'Titre de la section espace pro', '0', 'PlainText', '{\"placeholder\":\"Espace Pro\",\"maxLength\":\"\",\"multiline\":\"\",\"initialRows\":\"4\"}', '2015-07-22 14:03:53', '2015-07-22 14:03:53', 'fa4858b1-151a-457e-835c-f1c1c3108c4c'),
 ('48', '8', 'Presse_Title', 'presseTitle', 'global', 'Titre de la section Presse', '0', 'PlainText', '{\"placeholder\":\"Presse\",\"maxLength\":\"\",\"multiline\":\"\",\"initialRows\":\"4\"}', '2015-07-22 14:05:30', '2015-07-22 14:05:30', 'df848ece-6c17-4b43-a705-b4be51e5e388'),
 ('49', '8', 'Presse_Desc', 'presseDesc', 'global', 'Description de l\'espace presse', '0', 'RichText', '{\"configFile\":\"\",\"cleanupHtml\":\"1\",\"purifyHtml\":\"\",\"columnType\":\"text\"}', '2015-07-22 14:05:51', '2015-07-22 15:41:25', 'a79a748b-4e46-41ff-8ba7-496a6cbf75a9'),
 ('50', '8', 'Presse_Archive_Btn', 'presseArchiveBtn', 'global', 'Label du bouton \"voir les archives\"', '0', 'PlainText', '{\"placeholder\":\"Voir les archives\",\"maxLength\":\"\",\"multiline\":\"\",\"initialRows\":\"4\"}', '2015-07-22 14:06:15', '2015-07-22 14:06:15', '0d5ebf88-d0bb-4282-afe4-cad5728daaa7'),
 ('51', '9', 'Social_Title', 'socialTitle', 'global', 'Titre de la section social', '0', 'PlainText', '{\"placeholder\":\"We are Social\",\"maxLength\":\"\",\"multiline\":\"\",\"initialRows\":\"4\"}', '2015-07-22 14:08:56', '2015-07-22 14:08:56', '45ddbf33-36b4-4363-8322-a77d6e07dbba'),
 ('52', '9', 'Social_Desc', 'socialDesc', 'global', 'Description de la section Social', '0', 'PlainText', '{\"placeholder\":\"Ne ratez plus...\",\"maxLength\":\"\",\"multiline\":\"\",\"initialRows\":\"4\"}', '2015-07-22 14:09:14', '2015-07-22 14:09:14', '2d6e392b-fee0-44b5-86fd-bb76213ebd5f'),
 ('53', '9', 'Social_Insta', 'socialInsta', 'global', 'Instagram Title', '0', 'PlainText', '{\"placeholder\":\"Insta\",\"maxLength\":\"\",\"multiline\":\"\",\"initialRows\":\"4\"}', '2015-07-22 14:09:33', '2015-07-22 14:09:33', '4b2b9204-6fe5-46ab-9780-d5844cc108f3'),
 ('54', '9', 'Social_Fb', 'socialFb', 'global', 'Facebook', '0', 'PlainText', '{\"placeholder\":\"Facebook\",\"maxLength\":\"\",\"multiline\":\"\",\"initialRows\":\"4\"}', '2015-07-22 14:09:46', '2015-07-22 14:09:46', '1c7c0bc2-a3eb-48e6-82db-fa9d8cf9d56e'),
 ('55', '9', 'Social_Fb_Link', 'socialFbLink', 'global', 'Lien vers Facebook', '0', 'PlainText', '{\"placeholder\":\"http:\\/\\/www....\",\"maxLength\":\"\",\"multiline\":\"\",\"initialRows\":\"4\"}', '2015-07-22 14:10:24', '2015-07-22 14:10:24', 'e856f768-1400-42a3-b437-ea789d429c8b'),
 ('56', '9', 'Social_Insta_Link', 'socialInstaLink', 'global', 'Lien vers l\'instagram', '0', 'PlainText', '{\"placeholder\":\"http:\\/\\/www...\",\"maxLength\":\"\",\"multiline\":\"\",\"initialRows\":\"4\"}', '2015-07-22 14:10:44', '2015-07-22 14:10:44', '040a8596-25d9-4060-86b5-5ef89aca57b6'),
 ('57', '10', 'Contact_Title', 'contactTitle', 'global', 'Titre de la section Contact', '0', 'PlainText', '{\"placeholder\":\"Nous Contacter\",\"maxLength\":\"\",\"multiline\":\"\",\"initialRows\":\"4\"}', '2015-07-22 14:13:50', '2015-07-22 14:13:50', 'f1a1a067-0414-49a5-a668-9ebf7fbc4ee7'),
 ('58', '10', 'Contact_Hours', 'contactHours', 'global', 'Titre horaires', '0', 'PlainText', '{\"placeholder\":\"Horaires\",\"maxLength\":\"\",\"multiline\":\"\",\"initialRows\":\"4\"}', '2015-07-22 14:15:40', '2015-07-22 14:15:40', 'a093f906-bcff-4d02-a29b-7bc864c8ce79'),
 ('59', '10', 'Contact_Address', 'contactAddress', 'global', 'Titre adresse', '0', 'PlainText', '{\"placeholder\":\"Adresse\",\"maxLength\":\"\",\"multiline\":\"\",\"initialRows\":\"4\"}', '2015-07-22 14:15:57', '2015-07-22 14:15:57', 'b7a3bad6-84b6-409f-b08e-fa530d15fe37'),
 ('60', '10', 'Contact_Book', 'contactBook', 'global', 'Titre réservation', '0', 'PlainText', '{\"placeholder\":\"R\\u00e9servation\",\"maxLength\":\"\",\"multiline\":\"\",\"initialRows\":\"4\"}', '2015-07-22 14:16:10', '2015-07-22 14:16:10', '30939166-3afe-43c5-befb-70cf4dd685a8'),
 ('61', '10', 'Contact_Btm_Desc', 'contactBtmDesc', 'global', 'Description en dessous de la carte', '0', 'RichText', '{\"configFile\":\"\",\"cleanupHtml\":\"\",\"purifyHtml\":\"\",\"columnType\":\"text\"}', '2015-07-22 14:16:41', '2015-07-22 16:14:24', '3a8f0941-15b2-4534-86d7-1a4ff0b289c4'),
 ('62', '10', 'Contact_Franchise_Title', 'contactFranchiseTitle', 'global', 'Titre de la section Footer Franchise', '0', 'PlainText', '{\"placeholder\":\"Franchise\",\"maxLength\":\"\",\"multiline\":\"\",\"initialRows\":\"4\"}', '2015-07-22 14:18:51', '2015-07-22 14:18:51', 'f79ad572-6a48-4001-b944-7faf735a65b5'),
 ('63', '10', 'Contact_Franchise_Desc', 'contactFranchiseDesc', 'global', 'Contenu de la section Franchise', '0', 'RichText', '{\"configFile\":\"\",\"cleanupHtml\":\"\",\"purifyHtml\":\"\",\"columnType\":\"text\"}', '2015-07-22 14:19:27', '2015-07-22 14:19:27', '606d034d-8a6c-4d65-8961-0b4e9ba234a5'),
 ('64', '10', 'Contact_CGV_Title', 'contactCgvTitle', 'global', 'Titre de la section CGV en footer', '0', 'PlainText', '{\"placeholder\":\"CGV\",\"maxLength\":\"\",\"multiline\":\"\",\"initialRows\":\"4\"}', '2015-07-22 14:19:50', '2015-07-22 14:19:50', '07269db9-e4ed-47ae-bc8e-1d8c63f96b44'),
 ('65', '10', 'Contact_CGV_Desc', 'contactCgvDesc', 'global', 'Contenu de la section CGV', '0', 'RichText', '{\"configFile\":\"\",\"cleanupHtml\":\"\",\"purifyHtml\":\"\",\"columnType\":\"text\"}', '2015-07-22 14:20:14', '2015-07-22 14:20:14', '3b5289f4-4ae6-460e-ad93-bcd375ed93d4'),
 ('66', '10', 'Contact_Mentions_Title', 'contactMentionsTitle', 'global', 'Titre des mentions légales', '0', 'PlainText', '{\"placeholder\":\"Mentions l\\u00e9gales\",\"maxLength\":\"\",\"multiline\":\"\",\"initialRows\":\"4\"}', '2015-07-22 14:20:34', '2015-07-22 14:20:34', '1bc27b1d-20ec-4a5c-9fb3-bbde942e3cf1'),
 ('67', '10', 'Contact_Mentions_Desc', 'contactMentionsDesc', 'global', 'Contenu de la partie Mentions Légales', '0', 'RichText', '{\"configFile\":\"\",\"cleanupHtml\":\"\",\"purifyHtml\":\"\",\"columnType\":\"text\"}', '2015-07-22 14:20:51', '2015-07-22 14:20:51', '5760f14e-0fd1-456d-bc6a-1c9524669de9'),
 ('68', '10', 'Contact_Credits_Title', 'contactCreditsTitle', 'global', 'Titre de la partie Crédits', '0', 'PlainText', '{\"placeholder\":\"Cr\\u00e9dits\",\"maxLength\":\"\",\"multiline\":\"\",\"initialRows\":\"4\"}', '2015-07-22 14:21:19', '2015-07-22 14:21:19', '7db48224-2917-4e02-97ad-6770ea32dba2'),
 ('69', '10', 'Contact_Credits_Desc', 'contactCreditsDesc', 'global', 'Contenu de la partie crédits', '0', 'RichText', '{\"configFile\":\"\",\"cleanupHtml\":\"\",\"purifyHtml\":\"\",\"columnType\":\"text\"}', '2015-07-22 14:21:40', '2015-07-22 14:21:40', '3df0603b-a9b2-4ff8-bd85-9bda14a52bc4'),
 ('70', '10', 'Contact_us', 'contactUs', 'global', 'Contactez-nous', '0', 'PlainText', '{\"placeholder\":\"Contactez-nous\",\"maxLength\":\"\",\"multiline\":\"\",\"initialRows\":\"4\"}', '2015-07-22 14:27:59', '2015-07-22 14:27:59', '09079d27-91d7-432c-b705-13caeec82a73'),
 ('71', '11', 'Store1_Title', 'store1Title', 'global', 'Titre du Magasin 1', '0', 'PlainText', '{\"placeholder\":\"Villiers\",\"maxLength\":\"\",\"multiline\":\"\",\"initialRows\":\"4\"}', '2015-07-22 14:29:46', '2015-07-22 14:29:46', '6098daee-ef5b-4d1a-aa83-085790104a46'),
 ('72', '11', 'Store1_Hours', 'store1Hours', 'global', 'Heures d\'ouverture du Magasin 1', '0', 'RichText', '{\"configFile\":\"\",\"cleanupHtml\":\"1\",\"purifyHtml\":\"\",\"columnType\":\"text\"}', '2015-07-22 14:30:08', '2015-07-22 15:42:46', 'fae74b70-84ab-42f7-be41-d62eca182ee3'),
 ('73', '11', 'Store1_Book', 'store1Book', 'global', 'Infos de contact du magasin 1', '0', 'RichText', '{\"configFile\":\"\",\"cleanupHtml\":\"1\",\"purifyHtml\":\"\",\"columnType\":\"text\"}', '2015-07-22 14:30:35', '2015-07-22 15:42:41', 'df7b1470-a74e-4a41-bdbb-d60c340e7d61'),
 ('74', '11', 'Store1_Address', 'store1Address', 'global', 'Adresse du magasin 1', '0', 'RichText', '{\"configFile\":\"\",\"cleanupHtml\":\"1\",\"purifyHtml\":\"\",\"columnType\":\"text\"}', '2015-07-22 14:31:10', '2015-07-22 15:42:36', '772caa3d-ffdb-4c6e-9c20-8f9c222a2b44'),
 ('75', '11', 'Store2_Title', 'store2Title', 'global', 'Titre du magasin 2', '0', 'PlainText', '{\"placeholder\":\"Victor Hugo\",\"maxLength\":\"\",\"multiline\":\"\",\"initialRows\":\"4\"}', '2015-07-22 14:31:48', '2015-07-22 14:31:48', 'cd4ebf8d-2d29-4031-9786-035e1c136541'),
 ('76', '11', 'Store2_Address', 'store2Address', 'global', 'Adresse du magasin 2', '0', 'RichText', '{\"configFile\":\"\",\"cleanupHtml\":\"1\",\"purifyHtml\":\"\",\"columnType\":\"text\"}', '2015-07-22 14:32:09', '2015-07-22 15:42:50', 'df28606f-0aac-4b71-8840-66f2b126aedd'),
 ('77', '11', 'Store2_Hours', 'store2Hours', 'global', 'Heures du magasin 2', '0', 'RichText', '{\"configFile\":\"\",\"cleanupHtml\":\"1\",\"purifyHtml\":\"\",\"columnType\":\"text\"}', '2015-07-22 14:32:27', '2015-07-22 15:42:59', '605045c6-3b7a-47e2-80ba-610f86696293'),
 ('78', '11', 'Store2_Book', 'store2Book', 'global', 'Infos de contact du magasin 2', '0', 'RichText', '{\"configFile\":\"\",\"cleanupHtml\":\"1\",\"purifyHtml\":\"\",\"columnType\":\"text\"}', '2015-07-22 14:32:55', '2015-07-22 15:42:55', '67122cb3-8c8c-4b83-9c10-ebf1ddf6dece'),
 ('79', '12', 'SlidesTop', 'slidesTop', 'global', 'Images du slider de la home', '0', 'Assets', '{\"useSingleFolder\":\"\",\"sources\":[\"folder:2\"],\"defaultUploadLocationSource\":\"2\",\"defaultUploadLocationSubpath\":\"\",\"singleUploadLocationSource\":\"1\",\"singleUploadLocationSubpath\":\"\",\"restrictFiles\":\"1\",\"allowedKinds\":[\"image\"],\"limit\":\"5\",\"selectionLabel\":\"Ajouter un slide\"}', '2015-07-22 14:38:38', '2015-07-23 13:36:31', '2751163e-08e3-45de-9bc9-7cfbccfc8312'),
 ('80', '13', 'Image Article', 'imageArticle', 'global', 'Image de l\'article (taille recommandée : 549 × 734)', '0', 'Assets', '{\"useSingleFolder\":\"\",\"defaultUploadLocationSubpath\":\"uploads\\/press\",\"singleUploadLocationSubpath\":\"\",\"restrictFiles\":\"1\",\"allowedKinds\":[\"image\"],\"limit\":\"1\",\"selectionLabel\":\"Ajouter une image\"}', '2015-07-23 13:20:08', '2015-07-23 13:20:08', '820ee808-07b8-46a1-8b5a-32a19106e277'),
 ('81', '13', 'Titre Article', 'titreArticle', 'global', 'Court titre de l\'article', '0', 'PlainText', '{\"placeholder\":\"\",\"maxLength\":\"\",\"multiline\":\"\",\"initialRows\":\"4\"}', '2015-07-23 13:20:34', '2015-07-23 13:20:34', '1329f432-1374-48d7-b055-6e6266ddba2c'),
 ('82', '13', 'Desc Article', 'descArticle', 'global', 'Courte description de l\'article', '0', 'PlainText', '{\"placeholder\":\"\",\"maxLength\":\"\",\"multiline\":\"\",\"initialRows\":\"4\"}', '2015-07-23 13:20:46', '2015-07-23 13:20:46', '09ef925c-2394-479f-a72f-49f5a3e4e433'),
 ('83', '12', 'SlidesPro', 'slidespro', 'global', 'Image du slider Pro', '0', 'Assets', '{\"useSingleFolder\":\"\",\"sources\":[\"folder:3\"],\"defaultUploadLocationSource\":\"3\",\"defaultUploadLocationSubpath\":\"\",\"singleUploadLocationSource\":\"1\",\"singleUploadLocationSubpath\":\"\",\"restrictFiles\":\"\",\"limit\":\"5\",\"selectionLabel\":\"Ajouter un slide\"}', '2015-07-23 13:36:16', '2015-07-23 13:36:16', 'cc20660b-818f-407e-9074-2cac834f150a'),
 ('84', '14', 'MetaTitle', 'metatitle', 'global', 'Titre de la balise Meta', '0', 'PlainText', '{\"placeholder\":\"Before Bar ....\",\"maxLength\":\"\",\"multiline\":\"\",\"initialRows\":\"4\"}', '2015-07-23 16:42:26', '2015-07-23 16:42:26', '612530a7-d38c-4913-8534-0965a27a013a'),
 ('85', '14', 'Meta Description', 'metaDescription', 'global', 'Description ', '0', 'PlainText', '{\"placeholder\":\"Before Bar ...\",\"maxLength\":\"\",\"multiline\":\"\",\"initialRows\":\"4\"}', '2015-07-23 16:42:49', '2015-07-23 16:42:49', '26d4b780-fb53-481c-8fc0-fa6eb7e005b4'),
 ('86', '10', 'Contact_Mail_Success', 'contactMailSuccess', 'global', 'Message de confirmation du message envoyé', '0', 'PlainText', '{\"placeholder\":\"Votre message \\u00e0 bien \\u00e9t\\u00e9 envoy\\u00e9...\",\"maxLength\":\"\",\"multiline\":\"\",\"initialRows\":\"4\"}', '2015-07-24 06:32:00', '2015-07-24 06:32:00', '691cf51e-776a-4832-9544-3c704b0a8257'),
 ('87', '11', 'Store1_Link', 'store1Link', 'global', 'Lien vers le magasin 1', '0', 'PlainText', '{\"placeholder\":\"http:\\/\\/www....\",\"maxLength\":\"\",\"multiline\":\"\",\"initialRows\":\"4\"}', '2015-07-24 07:23:20', '2015-07-24 07:23:20', '22c068d6-0f04-4065-b578-6247e2bc7ecb'),
 ('88', '11', 'Store2_Link', 'store2Link', 'global', 'Lien vers le magasin 2', '0', 'PlainText', '{\"placeholder\":\"http:\\/\\/www...\",\"maxLength\":\"\",\"multiline\":\"\",\"initialRows\":\"4\"}', '2015-07-24 07:25:46', '2015-07-24 07:25:46', '2d2bc1bd-09cb-44d3-8996-2d1524b1e86c'),
 ('89', '15', 'Link_Beach_1', 'linkBeach1', 'global', '', '0', 'PlainText', '{\"placeholder\":\"\",\"maxLength\":\"\",\"multiline\":\"\",\"initialRows\":\"4\"}', '2015-07-24 17:46:58', '2015-07-24 17:46:58', 'f4856c72-b8a8-43db-babb-b38c6254d54e'),
 ('90', '15', 'Link_Beach_2', 'linkBeach2', 'global', '', '0', 'PlainText', '{\"placeholder\":\"\",\"maxLength\":\"\",\"multiline\":\"\",\"initialRows\":\"4\"}', '2015-07-24 17:47:06', '2015-07-24 17:47:06', 'e14c7ae9-18ea-4ef5-97a3-3046cc09b76a'),
 ('91', '15', 'Link_Dating_1', 'linkDating1', 'global', '', '0', 'PlainText', '{\"placeholder\":\"\",\"maxLength\":\"\",\"multiline\":\"\",\"initialRows\":\"4\"}', '2015-07-24 17:47:15', '2015-07-24 17:47:15', 'd5bccdb1-06ab-487a-aa72-571234c010e1'),
 ('92', '15', 'Link_Dating_2', 'linkDating2', 'global', '', '0', 'PlainText', '{\"placeholder\":\"\",\"maxLength\":\"\",\"multiline\":\"\",\"initialRows\":\"4\"}', '2015-07-24 17:47:22', '2015-07-24 17:47:22', '69c8f765-b096-4b81-99ed-2a3d7107f860'),
 ('93', '15', 'Link_Events_1', 'linkEvents1', 'global', '', '0', 'PlainText', '{\"placeholder\":\"\",\"maxLength\":\"\",\"multiline\":\"\",\"initialRows\":\"4\"}', '2015-07-24 17:47:33', '2015-07-24 17:47:33', '16f8575d-8b52-49f3-8d1a-5559832933de'),
 ('94', '15', 'Link_Events_2', 'linkEvents2', 'global', '', '0', 'PlainText', '{\"placeholder\":\"\",\"maxLength\":\"\",\"multiline\":\"\",\"initialRows\":\"4\"}', '2015-07-24 17:47:44', '2015-07-24 17:47:44', '1f50c984-b3b6-4d96-b707-e77828cd7fe1'),
 ('95', '15', 'Link_Hair_1', 'linkHair1', 'global', '', '0', 'PlainText', '{\"placeholder\":\"\",\"maxLength\":\"\",\"multiline\":\"\",\"initialRows\":\"4\"}', '2015-07-24 17:47:54', '2015-07-24 17:47:54', '55f3c859-7f12-48e3-a74b-9161256335bd'),
 ('96', '15', 'Link_Hair_2', 'linkHair2', 'global', '', '0', 'PlainText', '{\"placeholder\":\"\",\"maxLength\":\"\",\"multiline\":\"\",\"initialRows\":\"4\"}', '2015-07-24 17:48:02', '2015-07-24 17:48:02', '653e911f-0834-403e-a294-77228e3bac39'),
 ('97', '15', 'Link_Make_1', 'linkMake1', 'global', '', '0', 'PlainText', '{\"placeholder\":\"\",\"maxLength\":\"\",\"multiline\":\"\",\"initialRows\":\"4\"}', '2015-07-24 17:48:12', '2015-07-24 17:48:12', '70948baa-5143-490f-9e67-0750d724484a'),
 ('98', '15', 'Link_Make_2', 'linkMake2', 'global', '', '0', 'PlainText', '{\"placeholder\":\"\",\"maxLength\":\"\",\"multiline\":\"\",\"initialRows\":\"4\"}', '2015-07-24 17:48:19', '2015-07-24 17:48:19', '6ef4ffb3-198b-4f41-912a-7f1ad84c7873'),
 ('99', '15', 'Link_Nails_1', 'linkNails1', 'global', '', '0', 'PlainText', '{\"placeholder\":\"\",\"maxLength\":\"\",\"multiline\":\"\",\"initialRows\":\"4\"}', '2015-07-24 17:48:28', '2015-07-24 17:48:28', '601f1d04-54dd-4413-ba7c-6c045b9611c2'),
 ('100', '15', 'Link_Nails_2', 'linkNails2', 'global', '', '0', 'PlainText', '{\"placeholder\":\"\",\"maxLength\":\"\",\"multiline\":\"\",\"initialRows\":\"4\"}', '2015-07-24 17:48:34', '2015-07-24 17:48:34', '47a68f92-e139-4dad-9743-ffde94970b04');
INSERT INTO `craft_fields` (`id`, `groupId`, `name`, `handle`, `context`, `instructions`, `translatable`, `type`, `settings`, `dateCreated`, `dateUpdated`, `uid`) VALUES
 ('101', '15', 'Link_Spa_1', 'linkSpa1', 'global', '', '0', 'PlainText', '{\"placeholder\":\"\",\"maxLength\":\"\",\"multiline\":\"\",\"initialRows\":\"4\"}', '2015-07-24 17:48:42', '2015-07-24 17:48:42', '6d65de17-cd9d-4973-9469-dec4eefbb566'),
 ('102', '15', 'Link_Spa_2', 'linkSpa2', 'global', '', '0', 'PlainText', '{\"placeholder\":\"\",\"maxLength\":\"\",\"multiline\":\"\",\"initialRows\":\"4\"}', '2015-07-24 17:48:49', '2015-07-24 17:48:49', '4f25cc7c-22af-4e1e-b7b8-045711577eba'),
 ('103', '15', 'Link_Wedding_1', 'linkWedding1', 'global', '', '0', 'PlainText', '{\"placeholder\":\"\",\"maxLength\":\"\",\"multiline\":\"\",\"initialRows\":\"4\"}', '2015-07-24 17:48:56', '2015-07-24 17:48:56', '277ef035-9357-492e-b040-09ddc384e8b0'),
 ('104', '15', 'Link_Wedding_2', 'linkWedding2', 'global', '', '0', 'PlainText', '{\"placeholder\":\"\",\"maxLength\":\"\",\"multiline\":\"\",\"initialRows\":\"4\"}', '2015-07-24 17:49:03', '2015-07-24 17:49:03', 'a54fb5cb-0d74-4172-8e72-e7b1a0614657'),
 ('105', '6', 'Events_Img', 'eventsImg', 'global', '', '0', 'Assets', '{\"useSingleFolder\":\"\",\"sources\":[\"folder:4\"],\"defaultUploadLocationSource\":\"1\",\"defaultUploadLocationSubpath\":\"uploads\\/events\",\"singleUploadLocationSource\":\"1\",\"singleUploadLocationSubpath\":\"\",\"restrictFiles\":\"1\",\"allowedKinds\":[\"image\"],\"limit\":\"1\",\"selectionLabel\":\"Ajouter une ressource\"}', '2015-07-24 18:00:46', '2015-07-24 18:02:10', 'c9fe4184-21d7-4845-8afe-a791b25f6858'),
 ('106', '6', 'Domicile_Img', 'privateImg', 'global', '', '0', 'Assets', '{\"useSingleFolder\":\"\",\"sources\":[\"folder:4\"],\"defaultUploadLocationSource\":\"1\",\"defaultUploadLocationSubpath\":\"uploads\\/events\",\"singleUploadLocationSource\":\"1\",\"singleUploadLocationSubpath\":\"\",\"restrictFiles\":\"1\",\"allowedKinds\":[\"image\"],\"limit\":\"1\",\"selectionLabel\":\"Ajouter une ressource\"}', '2015-07-24 18:01:18', '2015-10-09 15:00:20', 'ade49332-d9d9-4ec2-9df7-a2fa06552a1e'),
 ('107', '14', 'GoogleAnalytics_Tracking', 'googleanalyticsTracking', 'global', 'Tracking Code Google Analytics', '0', 'PlainText', '{\"placeholder\":\"UA-XXXXXX-X\",\"maxLength\":\"\",\"multiline\":\"\",\"initialRows\":\"4\"}', '2015-08-21 07:49:04', '2015-08-21 07:49:04', 'b3e45238-78d7-40cf-bd9e-80b206a7e226'),
 ('108', '10', 'Contact_Mail_Error', 'contactMailError', 'global', 'Message d\'erreur du formulaire', '0', 'PlainText', '{\"placeholder\":\"Ce champ est obligatoire\",\"maxLength\":\"\",\"multiline\":\"\",\"initialRows\":\"4\"}', '2015-08-21 07:49:36', '2015-08-21 07:49:36', 'c4fcdf8a-1b5c-4828-b8f0-7fc2d142143a'),
 ('109', '2', 'Bons Cadeaux', 'bonsCadeaux', 'global', 'Label de l\'entrée \"Bons Cadeaux\" dans le menu', '0', 'PlainText', '{\"placeholder\":\"\",\"maxLength\":\"\",\"multiline\":\"\",\"initialRows\":\"4\"}', '2015-09-05 17:59:35', '2015-09-05 17:59:35', '2eef22e5-9318-46df-8295-088b93fab7ab'),
 ('110', '2', 'Bons Cadeaux Lien 1', 'bonsCadeauxLien1', 'global', 'Lien vers flexibeauty section bons cadeaux pour 17e', '0', 'PlainText', '{\"placeholder\":\"http:\\/\\/www.\",\"maxLength\":\"\",\"multiline\":\"\",\"initialRows\":\"4\"}', '2015-09-05 17:59:57', '2016-01-26 15:06:21', 'f371af93-88af-4d3d-99f5-9fc3fd4d1df4'),
 ('111', '3', 'CoverTop', 'covertop', 'global', 'Cover de la partie présentation (taille recommandée 1900 x 1200)', '0', 'Assets', '{\"useSingleFolder\":\"1\",\"sources\":\"*\",\"defaultUploadLocationSource\":\"1\",\"defaultUploadLocationSubpath\":\"\",\"singleUploadLocationSource\":\"2\",\"singleUploadLocationSubpath\":\"\",\"restrictFiles\":\"1\",\"allowedKinds\":[\"image\"],\"limit\":\"1\",\"selectionLabel\":\"Ajouter une ressource\"}', '2015-09-05 18:19:54', '2015-09-05 18:19:54', 'ba605a7c-8a4e-45bb-9c4f-cdf9be60c9bb'),
 ('112', '7', 'CoverPro', 'coverpro', 'global', 'Cover de la partie pros (taille recommandée 1900 x 1200)', '0', 'Assets', '{\"useSingleFolder\":\"1\",\"sources\":\"*\",\"defaultUploadLocationSource\":\"1\",\"defaultUploadLocationSubpath\":\"\",\"singleUploadLocationSource\":\"3\",\"singleUploadLocationSubpath\":\"\",\"restrictFiles\":\"1\",\"allowedKinds\":[\"image\"],\"limit\":\"1\",\"selectionLabel\":\"Ajouter une image\"}', '2015-09-05 18:20:26', '2015-09-05 18:20:26', '0d667b17-611d-476c-9d7d-95592790f366'),
 ('113', '16', 'Boutiques_CTA', 'boutiquesCta', 'global', 'Label du bouton \"voir les boutiques\"', '0', 'PlainText', '{\"placeholder\":\"Voir les boutiques\",\"maxLength\":\"\",\"multiline\":\"\",\"initialRows\":\"4\"}', '2015-09-29 09:45:53', '2015-09-29 09:45:53', 'b9faa05d-ddec-40f9-a374-22f4f254aeac'),
 ('114', '16', 'Boutiques_Map_CTA', 'boutiquesMapCta', 'global', 'Label du bouton \"voir la carte\"', '0', 'PlainText', '{\"placeholder\":\"Voir la carte\",\"maxLength\":\"\",\"multiline\":\"\",\"initialRows\":\"4\"}', '2015-09-29 09:46:47', '2015-09-29 09:46:47', 'efd54e08-7ce1-4d78-af0f-22bb18144aff'),
 ('115', '16', 'Boutiques_Pic_16', 'boutiquesPic16', 'global', 'Images pour le slide 16', '0', 'Assets', '{\"useSingleFolder\":\"1\",\"sources\":\"*\",\"defaultUploadLocationSource\":\"1\",\"defaultUploadLocationSubpath\":\"\",\"singleUploadLocationSource\":\"5\",\"singleUploadLocationSubpath\":\"\",\"restrictFiles\":\"1\",\"allowedKinds\":[\"image\"],\"limit\":\"\",\"selectionLabel\":\"Ajouter une image\"}', '2015-09-29 09:47:33', '2015-09-29 09:47:33', '7491a837-903e-4810-96c5-9351da615166'),
 ('116', '16', 'Boutiques_Pic_17', 'boutiquesPic17', 'global', 'Photos pour le slider (boutique du 17e)', '0', 'Assets', '{\"useSingleFolder\":\"1\",\"sources\":\"*\",\"defaultUploadLocationSource\":\"1\",\"defaultUploadLocationSubpath\":\"\",\"singleUploadLocationSource\":\"5\",\"singleUploadLocationSubpath\":\"\",\"restrictFiles\":\"1\",\"allowedKinds\":[\"image\"],\"limit\":\"\",\"selectionLabel\":\"Ajouter une image\"}', '2015-09-29 09:47:58', '2015-09-29 09:47:58', 'e8540053-5fcf-4353-828c-3ca7005a49ff'),
 ('117', '2', 'Shops', 'shops', 'global', 'Label pour le lien \"Boutiques\" dans le menu', '0', 'PlainText', '{\"placeholder\":\"Boutiques\",\"maxLength\":\"\",\"multiline\":\"\",\"initialRows\":\"4\"}', '2015-09-29 09:48:47', '2015-09-29 09:48:47', '6439261a-8adc-41e1-8f36-428e9053d6be'),
 ('118', '7', 'Pro_CTA', 'proCta', 'global', 'Texte du bouton pro', '0', 'PlainText', '{\"placeholder\":\"Prendre rendez-vous\",\"maxLength\":\"\",\"multiline\":\"\",\"initialRows\":\"4\"}', '2015-10-09 08:22:07', '2015-10-09 08:22:07', '3d54794c-a596-4993-afc7-60e3fe7232a4'),
 ('119', '6', 'Events_Link1', 'eventsLink1', 'global', 'Lien du bouton gauche ', '0', 'PlainText', '{\"placeholder\":\"http:\\/\\/www...\",\"maxLength\":\"\",\"multiline\":\"\",\"initialRows\":\"4\"}', '2015-10-13 13:32:59', '2015-10-13 13:32:59', '287ad8a3-69bf-4a88-9cfa-5f111c8b3db3'),
 ('120', '6', 'Events_Link2', 'eventsLink2', 'global', 'Lien du bouton de droite', '0', 'PlainText', '{\"placeholder\":\"http:\\/\\/www...\",\"maxLength\":\"\",\"multiline\":\"\",\"initialRows\":\"4\"}', '2015-10-13 13:33:28', '2015-10-13 13:33:28', 'abe66f66-7761-490e-b23f-b8e04cce56f6'),
 ('121', '6', 'Events_Btn1', 'eventsBtn1', 'global', 'Label du bouton 1', '0', 'PlainText', '{\"placeholder\":\"...\",\"maxLength\":\"\",\"multiline\":\"\",\"initialRows\":\"4\"}', '2015-10-13 13:36:45', '2015-10-13 13:36:45', '0974e042-2f72-455d-b076-f0a6c309f810'),
 ('122', '6', 'Events_Btn2', 'eventsBtn2', 'global', 'Label du bouton 2', '0', 'PlainText', '{\"placeholder\":\"...\",\"maxLength\":\"\",\"multiline\":\"\",\"initialRows\":\"4\"}', '2015-10-13 13:36:58', '2015-10-13 13:36:58', '95837e8d-ef7e-4a96-9efd-a35a078351b5'),
 ('123', '17', 'Offers_Events_CTA', 'offersEventsCta', 'global', '', '0', 'PlainText', '{\"placeholder\":\"\",\"maxLength\":\"\",\"multiline\":\"\",\"initialRows\":\"4\"}', '2015-10-24 13:59:13', '2015-10-24 13:59:13', '5694a0ad-dc59-49f5-baca-4be047d1e31d'),
 ('124', '17', 'Offers_Events_CTA1', 'offersEventsCta1', 'global', '', '0', 'PlainText', '{\"placeholder\":\"\",\"maxLength\":\"\",\"multiline\":\"\",\"initialRows\":\"4\"}', '2015-10-24 13:59:46', '2015-10-24 13:59:46', 'a33982a9-7769-48d5-a6b2-0988e0614455'),
 ('125', '17', 'Offers_Events_CTA2', 'offersEventsCta2', 'global', '', '0', 'PlainText', '{\"placeholder\":\"\",\"maxLength\":\"\",\"multiline\":\"\",\"initialRows\":\"4\"}', '2015-10-24 13:59:51', '2015-10-24 13:59:51', 'ef7479c7-9021-4cfb-b383-4533664a3427'),
 ('126', '17', 'Offers_Dating_CTA', 'offersDatingCta', 'global', '', '0', 'PlainText', '{\"placeholder\":\"\",\"maxLength\":\"\",\"multiline\":\"\",\"initialRows\":\"4\"}', '2015-10-24 14:00:24', '2015-10-24 14:00:24', '864d9184-caa2-48e2-88d9-46f7f89b1961'),
 ('127', '17', 'Offers_Dating_CTA1', 'offersDatingCta1', 'global', '', '0', 'PlainText', '{\"placeholder\":\"\",\"maxLength\":\"\",\"multiline\":\"\",\"initialRows\":\"4\"}', '2015-10-24 14:00:29', '2015-10-24 14:00:29', 'f861dbdc-6999-44f3-abb2-0a2a96168597'),
 ('128', '17', 'Offers_Dating_CTA2', 'offersDatingCta2', 'global', '', '0', 'PlainText', '{\"placeholder\":\"\",\"maxLength\":\"\",\"multiline\":\"\",\"initialRows\":\"4\"}', '2015-10-24 14:00:36', '2015-10-24 14:00:36', '670fb17f-bc9b-460d-9f7f-8692cb3661fe'),
 ('129', '17', 'Offers_Wedding_CTA', 'offersWeddingCta', 'global', '', '0', 'PlainText', '{\"placeholder\":\"\",\"maxLength\":\"\",\"multiline\":\"\",\"initialRows\":\"4\"}', '2015-10-24 14:01:09', '2015-10-24 14:01:09', 'b3a5f9fd-e824-493e-b9da-7344c00a1a3e'),
 ('130', '17', 'Offers_Wedding_CTA1', 'offersWeddingCta1', 'global', '', '0', 'PlainText', '{\"placeholder\":\"\",\"maxLength\":\"\",\"multiline\":\"\",\"initialRows\":\"4\"}', '2015-10-24 14:01:14', '2015-10-24 14:01:14', 'b9e103b8-82d8-4281-a0a0-ead0fecb375f'),
 ('131', '17', 'Offers_Wedding_CTA2', 'offersWeddingCta2', 'global', '', '0', 'PlainText', '{\"placeholder\":\"\",\"maxLength\":\"\",\"multiline\":\"\",\"initialRows\":\"4\"}', '2015-10-24 14:01:21', '2015-10-24 14:01:21', '069ab94b-7268-4827-938f-0eab81996231'),
 ('132', '17', 'Offers_Beach_CTA', 'offersBeachCta', 'global', '', '0', 'PlainText', '{\"placeholder\":\"\",\"maxLength\":\"\",\"multiline\":\"\",\"initialRows\":\"4\"}', '2015-10-24 14:01:37', '2015-10-24 14:01:37', '319133f3-80c2-4f3e-a2a2-84de0f304162'),
 ('133', '17', 'Offers_Beach_CTA1', 'offersBeachCta1', 'global', '', '0', 'PlainText', '{\"placeholder\":\"\",\"maxLength\":\"\",\"multiline\":\"\",\"initialRows\":\"4\"}', '2015-10-24 14:01:45', '2015-10-24 14:01:45', '05bd66bf-2b87-4dd2-8b37-af2e0f5744bb'),
 ('134', '17', 'Offers_Beach_CTA2', 'offersBeachCta2', 'global', '', '0', 'PlainText', '{\"placeholder\":\"\",\"maxLength\":\"\",\"multiline\":\"\",\"initialRows\":\"4\"}', '2015-10-24 14:01:52', '2015-10-24 14:01:52', 'a16714b1-043c-4c95-844d-813633dadfbe'),
 ('135', '2', 'Bons Cadeaux Lien 2', 'bonsCadeauxLien2', 'global', 'Lien pour la section gift 16e vers flexibeauty', '0', 'PlainText', '{\"placeholder\":\"http:\\/\\/www.\",\"maxLength\":\"\",\"multiline\":\"\",\"initialRows\":\"4\"}', '2016-01-26 15:06:53', '2016-01-26 15:06:53', 'ce54ccff-9d2b-49a0-b548-d2b43034d3ba'),
 ('136', '18', 'Actus_Archive_Btn', 'actusArchiveBtn', 'global', 'Label du bouton \"voir les actus\"', '0', 'PlainText', '{\"placeholder\":\"Voir les actualit\\u00e9s\",\"maxLength\":\"\",\"multiline\":\"\",\"initialRows\":\"4\"}', '2016-02-16 10:26:07', '2016-02-16 10:26:07', '4db3cb4d-ba27-4ef7-b29e-ce9fcdc79285'),
 ('137', '18', 'Actus_Desc', 'actusDesc', 'global', 'Description de l\'espace actus', '0', 'RichText', '{\"configFile\":\"\",\"cleanupHtml\":\"1\",\"purifyHtml\":\"\",\"columnType\":\"text\"}', '2016-02-16 10:26:41', '2016-02-16 10:26:41', 'a582e106-e9a8-40e3-a21d-7238028fa6f4'),
 ('138', '18', 'Actus_Title', 'actusTitle', 'global', 'Titre de la section Actus', '0', 'PlainText', '{\"placeholder\":\"Actualit\\u00e9s\",\"maxLength\":\"\",\"multiline\":\"\",\"initialRows\":\"4\"}', '2016-02-16 10:27:01', '2016-02-16 10:27:01', '8306bf47-5c8c-4c1e-833a-ea490bb03620'),
 ('139', '19', 'Desc_Actu', 'descActu', 'global', 'Courte description de l\'actu', '0', 'PlainText', '{\"placeholder\":\"\",\"maxLength\":\"\",\"multiline\":\"\",\"initialRows\":\"4\"}', '2016-02-16 10:27:37', '2016-02-16 10:27:37', 'b0342855-f28e-4656-9e56-af1e2ca5d443'),
 ('140', '19', 'Image Actu', 'imageActu', 'global', 'Image de l\'actualité', '0', 'Assets', '{\"useSingleFolder\":\"1\",\"sources\":[\"folder:1\"],\"defaultUploadLocationSource\":\"1\",\"defaultUploadLocationSubpath\":\"\",\"singleUploadLocationSource\":\"1\",\"singleUploadLocationSubpath\":\"\",\"restrictFiles\":\"1\",\"allowedKinds\":[\"image\"],\"limit\":\"1\",\"selectionLabel\":\"Ajouter une image\"}', '2016-02-16 10:28:16', '2016-02-16 10:28:16', 'e5e6b66e-0e1a-4881-9f4c-499fa3324a8e'),
 ('141', '19', 'Titre Actu', 'titreActu', 'global', 'Court titre de l\'actu', '0', 'PlainText', '{\"placeholder\":\"\",\"maxLength\":\"\",\"multiline\":\"\",\"initialRows\":\"4\"}', '2016-02-16 10:28:37', '2016-02-16 10:28:37', '56f6cd56-1b6e-4cee-b8ef-acfb66a7dc61');



DROP TABLE IF EXISTS `craft_globalsets`;


--
-- Schema for table `craft_globalsets`
--
CREATE TABLE `craft_globalsets` (
  `id` int(11) NOT NULL,
  `name` varchar(255) COLLATE utf8_unicode_ci NOT NULL,
  `handle` varchar(255) COLLATE utf8_unicode_ci NOT NULL,
  `fieldLayoutId` int(10) DEFAULT NULL,
  `dateCreated` datetime NOT NULL,
  `dateUpdated` datetime NOT NULL,
  `uid` char(36) COLLATE utf8_unicode_ci NOT NULL DEFAULT '0',
  PRIMARY KEY (`id`),
  UNIQUE KEY `craft_globalsets_name_unq_idx` (`name`),
  UNIQUE KEY `craft_globalsets_handle_unq_idx` (`handle`),
  KEY `craft_globalsets_fieldLayoutId_fk` (`fieldLayoutId`)
) ENGINE=InnoDB DEFAULT CHARSET=utf8 COLLATE=utf8_unicode_ci;

--
-- Data for table `craft_globalsets`
--

INSERT INTO `craft_globalsets` (`id`, `name`, `handle`, `fieldLayoutId`, `dateCreated`, `dateUpdated`, `uid`) VALUES
 ('10', 'Metas', 'metas', '40', '2015-07-23 16:43:19', '2015-07-23 16:43:19', '8537f852-7b88-4012-8c94-a3a3a1a410ca'),
 ('23', 'Links Offers', 'linksOffers', '63', '2015-07-24 17:37:49', '2015-10-24 13:51:55', '64944ad2-15e4-436e-9d0a-a42db122c671'),
 ('26', 'Analytics', 'analytics', '49', '2015-08-21 07:50:23', '2015-08-21 07:50:23', 'cf970948-1662-41bd-902d-477e55489a53'),
 ('45', 'Links Cares', 'linksCares', '64', '2015-10-24 13:47:27', '2015-10-24 13:52:49', 'd7a3e894-d5fd-4cd1-8af2-2bde22c5e08f'),
 ('46', 'Text Offers', 'textOffers', '66', '2015-10-24 13:57:37', '2015-10-24 14:04:55', 'a45c0ad5-6b23-4f3b-8e00-dad40aa7bc99');



DROP TABLE IF EXISTS `craft_info`;


--
-- Schema for table `craft_info`
--
CREATE TABLE `craft_info` (
  `id` int(11) NOT NULL AUTO_INCREMENT,
  `version` varchar(15) COLLATE utf8_unicode_ci NOT NULL,
  `build` int(11) unsigned NOT NULL,
  `schemaVersion` varchar(15) COLLATE utf8_unicode_ci NOT NULL,
  `releaseDate` datetime NOT NULL,
  `edition` tinyint(1) unsigned NOT NULL DEFAULT '0',
  `siteName` varchar(100) COLLATE utf8_unicode_ci NOT NULL,
  `siteUrl` varchar(255) COLLATE utf8_unicode_ci NOT NULL,
  `timezone` varchar(30) COLLATE utf8_unicode_ci DEFAULT NULL,
  `on` tinyint(1) unsigned NOT NULL DEFAULT '0',
  `maintenance` tinyint(1) unsigned NOT NULL DEFAULT '0',
  `track` varchar(40) COLLATE utf8_unicode_ci NOT NULL,
  `dateCreated` datetime NOT NULL,
  `dateUpdated` datetime NOT NULL,
  `uid` char(36) COLLATE utf8_unicode_ci NOT NULL DEFAULT '0',
  PRIMARY KEY (`id`)
) ENGINE=InnoDB AUTO_INCREMENT=2 DEFAULT CHARSET=utf8 COLLATE=utf8_unicode_ci;

--
-- Data for table `craft_info`
--

INSERT INTO `craft_info` (`id`, `version`, `build`, `schemaVersion`, `releaseDate`, `edition`, `siteName`, `siteUrl`, `timezone`, `on`, `maintenance`, `track`, `dateCreated`, `dateUpdated`, `uid`) VALUES
 ('1', '2.4', '2677', '2.4.0', '2015-07-21 18:19:52', '1', 'before', 'http://www.beforebar.com/pizza', 'UTC', '1', '0', 'stable', '2015-07-22 10:53:26', '2016-02-02 22:00:40', '4803ebfd-99ff-4634-b39a-2f03c7f18e93');



DROP TABLE IF EXISTS `craft_locales`;


--
-- Schema for table `craft_locales`
--
CREATE TABLE `craft_locales` (
  `locale` char(12) COLLATE utf8_unicode_ci NOT NULL,
  `sortOrder` tinyint(4) DEFAULT NULL,
  `dateCreated` datetime NOT NULL,
  `dateUpdated` datetime NOT NULL,
  `uid` char(36) COLLATE utf8_unicode_ci NOT NULL DEFAULT '0',
  PRIMARY KEY (`locale`),
  KEY `craft_locales_sortOrder_idx` (`sortOrder`)
) ENGINE=InnoDB DEFAULT CHARSET=utf8 COLLATE=utf8_unicode_ci;

--
-- Data for table `craft_locales`
--

INSERT INTO `craft_locales` (`locale`, `sortOrder`, `dateCreated`, `dateUpdated`, `uid`) VALUES
 ('fr_fr', '1', '2015-07-22 10:53:27', '2015-07-22 10:53:27', '8075d4e1-c3ee-48ef-be69-b3c93ef516ad');



DROP TABLE IF EXISTS `craft_matrixblocks`;


--
-- Schema for table `craft_matrixblocks`
--
CREATE TABLE `craft_matrixblocks` (
  `id` int(11) NOT NULL,
  `ownerId` int(11) NOT NULL,
  `fieldId` int(11) NOT NULL,
  `typeId` int(11) DEFAULT NULL,
  `sortOrder` tinyint(4) DEFAULT NULL,
  `ownerLocale` char(12) COLLATE utf8_unicode_ci DEFAULT NULL,
  `dateCreated` datetime NOT NULL,
  `dateUpdated` datetime NOT NULL,
  `uid` char(36) COLLATE utf8_unicode_ci NOT NULL DEFAULT '0',
  PRIMARY KEY (`id`),
  KEY `craft_matrixblocks_ownerId_idx` (`ownerId`),
  KEY `craft_matrixblocks_fieldId_idx` (`fieldId`),
  KEY `craft_matrixblocks_typeId_idx` (`typeId`),
  KEY `craft_matrixblocks_sortOrder_idx` (`sortOrder`),
  KEY `craft_matrixblocks_ownerLocale_fk` (`ownerLocale`)
) ENGINE=InnoDB DEFAULT CHARSET=utf8 COLLATE=utf8_unicode_ci;

DROP TABLE IF EXISTS `craft_matrixblocktypes`;


--
-- Schema for table `craft_matrixblocktypes`
--
CREATE TABLE `craft_matrixblocktypes` (
  `id` int(11) NOT NULL AUTO_INCREMENT,
  `fieldId` int(11) NOT NULL,
  `fieldLayoutId` int(11) DEFAULT NULL,
  `name` varchar(255) COLLATE utf8_unicode_ci NOT NULL,
  `handle` varchar(255) COLLATE utf8_unicode_ci NOT NULL,
  `sortOrder` tinyint(4) DEFAULT NULL,
  `dateCreated` datetime NOT NULL,
  `dateUpdated` datetime NOT NULL,
  `uid` char(36) COLLATE utf8_unicode_ci NOT NULL DEFAULT '0',
  PRIMARY KEY (`id`),
  UNIQUE KEY `craft_matrixblocktypes_name_fieldId_unq_idx` (`name`,`fieldId`),
  UNIQUE KEY `craft_matrixblocktypes_handle_fieldId_unq_idx` (`handle`,`fieldId`),
  KEY `craft_matrixblocktypes_fieldId_fk` (`fieldId`),
  KEY `craft_matrixblocktypes_fieldLayoutId_fk` (`fieldLayoutId`)
) ENGINE=InnoDB DEFAULT CHARSET=utf8 COLLATE=utf8_unicode_ci;

DROP TABLE IF EXISTS `craft_migrations`;


--
-- Schema for table `craft_migrations`
--
CREATE TABLE `craft_migrations` (
  `id` int(11) NOT NULL AUTO_INCREMENT,
  `pluginId` int(11) DEFAULT NULL,
  `version` varchar(255) COLLATE utf8_unicode_ci NOT NULL,
  `applyTime` datetime NOT NULL,
  `dateCreated` datetime NOT NULL,
  `dateUpdated` datetime NOT NULL,
  `uid` char(36) COLLATE utf8_unicode_ci NOT NULL DEFAULT '0',
  PRIMARY KEY (`id`),
  UNIQUE KEY `craft_migrations_version_unq_idx` (`version`),
  KEY `craft_migrations_pluginId_fk` (`pluginId`)
) ENGINE=InnoDB AUTO_INCREMENT=16 DEFAULT CHARSET=utf8 COLLATE=utf8_unicode_ci;

--
-- Data for table `craft_migrations`
--

INSERT INTO `craft_migrations` (`id`, `pluginId`, `version`, `applyTime`, `dateCreated`, `dateUpdated`, `uid`) VALUES
 ('1', NULL, 'm000000_000000_base', '2015-07-22 10:53:27', '2015-07-22 10:53:27', '2015-07-22 10:53:27', '6e64c161-030c-4a59-a73f-d76bdfa8881c'),
 ('2', NULL, 'm140730_000001_add_filename_and_format_to_transformindex', '2015-07-22 10:53:27', '2015-07-22 10:53:27', '2015-07-22 10:53:27', '5dcc2e37-5c9c-4cdc-9edb-7a6f227968e1'),
 ('3', NULL, 'm140815_000001_add_format_to_transforms', '2015-07-22 10:53:27', '2015-07-22 10:53:27', '2015-07-22 10:53:27', '12e4bd98-fc83-47bb-99fa-f573031c87b7'),
 ('4', NULL, 'm140822_000001_allow_more_than_128_items_per_field', '2015-07-22 10:53:27', '2015-07-22 10:53:27', '2015-07-22 10:53:27', 'e177840d-367a-439d-b38c-fd622deaf152'),
 ('5', NULL, 'm140829_000001_single_title_formats', '2015-07-22 10:53:27', '2015-07-22 10:53:27', '2015-07-22 10:53:27', '46d6c59e-c072-4085-a062-80782dbfd098'),
 ('6', NULL, 'm140831_000001_extended_cache_keys', '2015-07-22 10:53:27', '2015-07-22 10:53:27', '2015-07-22 10:53:27', '0f0b44ca-d887-415a-a9e0-6461198c0aa1'),
 ('7', NULL, 'm140922_000001_delete_orphaned_matrix_blocks', '2015-07-22 10:53:27', '2015-07-22 10:53:27', '2015-07-22 10:53:27', 'e575d2bb-ded7-44bb-8e27-4584638ef662'),
 ('8', NULL, 'm141008_000001_elements_index_tune', '2015-07-22 10:53:27', '2015-07-22 10:53:27', '2015-07-22 10:53:27', 'b2080575-8c19-464a-b127-a58149ab207a'),
 ('9', NULL, 'm141009_000001_assets_source_handle', '2015-07-22 10:53:27', '2015-07-22 10:53:27', '2015-07-22 10:53:27', '97c4042e-706c-4c21-97a4-f42be0bb2c00'),
 ('10', NULL, 'm141024_000001_field_layout_tabs', '2015-07-22 10:53:27', '2015-07-22 10:53:27', '2015-07-22 10:53:27', 'a2f9f026-85be-495d-af71-8dcfcc8844b1'),
 ('11', NULL, 'm141030_000001_drop_structure_move_permission', '2015-07-22 10:53:27', '2015-07-22 10:53:27', '2015-07-22 10:53:27', '041686d1-079a-4b05-83b0-37bfbb01dfb1'),
 ('12', NULL, 'm141103_000001_tag_titles', '2015-07-22 10:53:27', '2015-07-22 10:53:27', '2015-07-22 10:53:27', 'a990256c-ce41-463f-a6a3-10c89d72b996'),
 ('13', NULL, 'm141109_000001_user_status_shuffle', '2015-07-22 10:53:27', '2015-07-22 10:53:27', '2015-07-22 10:53:27', '885d4d4f-4b88-43dd-9bbf-ccfad4c30b1b'),
 ('14', NULL, 'm141126_000001_user_week_start_day', '2015-07-22 10:53:27', '2015-07-22 10:53:27', '2015-07-22 10:53:27', '123a8556-1c79-4341-aaae-dc963355ca65'),
 ('15', NULL, 'm150210_000001_adjust_user_photo_size', '2015-07-22 10:53:27', '2015-07-22 10:53:27', '2015-07-22 10:53:27', '67b73936-67dc-4844-99b0-6c73f9f48bcd');



DROP TABLE IF EXISTS `craft_plugins`;


--
-- Schema for table `craft_plugins`
--
CREATE TABLE `craft_plugins` (
  `id` int(11) NOT NULL AUTO_INCREMENT,
  `class` varchar(150) COLLATE utf8_unicode_ci NOT NULL,
  `version` char(15) COLLATE utf8_unicode_ci NOT NULL,
  `enabled` tinyint(1) unsigned NOT NULL DEFAULT '0',
  `settings` text COLLATE utf8_unicode_ci,
  `installDate` datetime NOT NULL,
  `dateCreated` datetime NOT NULL,
  `dateUpdated` datetime NOT NULL,
  `uid` char(36) COLLATE utf8_unicode_ci NOT NULL DEFAULT '0',
  PRIMARY KEY (`id`)
) ENGINE=InnoDB AUTO_INCREMENT=3 DEFAULT CHARSET=utf8 COLLATE=utf8_unicode_ci;

--
-- Data for table `craft_plugins`
--

INSERT INTO `craft_plugins` (`id`, `class`, `version`, `enabled`, `settings`, `installDate`, `dateCreated`, `dateUpdated`, `uid`) VALUES
 ('1', 'ContactForm', '1.4', '1', '{\"toEmail\":\"contact@beforebar.com\",\"prependSender\":\"Before Bar Site\",\"prependSubject\":\"Nouveau message du site Before Bar : \",\"allowAttachments\":\"\",\"honeypotField\":\"\"}', '2015-07-23 06:09:38', '2015-07-23 06:09:38', '2015-07-27 13:26:58', '5527bf73-9786-4e89-ab4e-acde8241e389'),
 ('2', 'RedactorCss', '0.1', '1', '{\"classes\":[{\"label\":\"Paragraph Normalizer\",\"class\":\"norm\"}]}', '2015-07-23 06:15:44', '2015-07-23 06:15:44', '2015-07-23 06:16:05', '2a0b524d-bfe7-4828-a325-e7da3f3752ac');



DROP TABLE IF EXISTS `craft_rackspaceaccess`;


--
-- Schema for table `craft_rackspaceaccess`
--
CREATE TABLE `craft_rackspaceaccess` (
  `id` int(11) NOT NULL AUTO_INCREMENT,
  `connectionKey` varchar(255) COLLATE utf8_unicode_ci NOT NULL,
  `token` varchar(255) COLLATE utf8_unicode_ci NOT NULL,
  `storageUrl` varchar(255) COLLATE utf8_unicode_ci NOT NULL,
  `cdnUrl` varchar(255) COLLATE utf8_unicode_ci NOT NULL,
  `dateCreated` datetime NOT NULL,
  `dateUpdated` datetime NOT NULL,
  `uid` char(36) COLLATE utf8_unicode_ci NOT NULL DEFAULT '0',
  PRIMARY KEY (`id`),
  UNIQUE KEY `craft_rackspaceaccess_connectionKey_unq_idx` (`connectionKey`)
) ENGINE=InnoDB DEFAULT CHARSET=utf8 COLLATE=utf8_unicode_ci;

DROP TABLE IF EXISTS `craft_relations`;


--
-- Schema for table `craft_relations`
--
CREATE TABLE `craft_relations` (
  `id` int(11) NOT NULL AUTO_INCREMENT,
  `fieldId` int(11) NOT NULL,
  `sourceId` int(11) NOT NULL,
  `sourceLocale` char(12) COLLATE utf8_unicode_ci DEFAULT NULL,
  `targetId` int(11) NOT NULL,
  `sortOrder` smallint(6) DEFAULT NULL,
  `dateCreated` datetime NOT NULL,
  `dateUpdated` datetime NOT NULL,
  `uid` char(36) COLLATE utf8_unicode_ci NOT NULL DEFAULT '0',
  PRIMARY KEY (`id`),
  UNIQUE KEY `craft_relations_fieldId_sourceId_sourceLocale_targetId_unq_idx` (`fieldId`,`sourceId`,`sourceLocale`,`targetId`),
  KEY `craft_relations_sourceId_fk` (`sourceId`),
  KEY `craft_relations_sourceLocale_fk` (`sourceLocale`),
  KEY `craft_relations_targetId_fk` (`targetId`)
) ENGINE=InnoDB AUTO_INCREMENT=981 DEFAULT CHARSET=utf8 COLLATE=utf8_unicode_ci;

--
-- Data for table `craft_relations`
--

INSERT INTO `craft_relations` (`id`, `fieldId`, `sourceId`, `sourceLocale`, `targetId`, `sortOrder`, `dateCreated`, `dateUpdated`, `uid`) VALUES
 ('10', '80', '17', NULL, '15', '1', '2015-07-24 09:31:31', '2015-07-24 09:31:31', 'cf1f3636-c6ac-4fc8-9c4c-98cc62c982cf'),
 ('11', '80', '18', NULL, '16', '1', '2015-07-24 09:32:02', '2015-07-24 09:32:02', '440f97fd-94e2-47c8-8304-d894968bfd4c'),
 ('12', '80', '19', NULL, '13', '1', '2015-07-24 09:32:19', '2015-07-24 09:32:19', '83d2abcf-3846-4e71-8110-18a32891bf23'),
 ('13', '80', '20', NULL, '14', '1', '2015-07-24 09:32:31', '2015-07-24 09:32:31', '1cd364a4-ea69-4df9-988b-6f5a29d6cf64'),
 ('14', '80', '21', NULL, '11', '1', '2015-07-24 09:33:13', '2015-07-24 09:33:13', 'd4f44fef-1812-4e9c-bccd-55c387579bc8'),
 ('15', '80', '22', NULL, '12', '1', '2015-07-24 09:33:22', '2015-07-24 09:33:22', '29fc7133-c84f-494c-bf0d-1a637f1403db'),
 ('781', '80', '63', NULL, '62', '1', '2015-12-06 07:58:26', '2015-12-06 07:58:26', 'd7c11722-b132-472a-8ee1-4e4e74fd89bd'),
 ('782', '80', '65', NULL, '64', '1', '2015-12-06 07:59:07', '2015-12-06 07:59:07', 'b941f35f-2083-4a2a-bb9e-ad7d0c9f1d4c'),
 ('883', '105', '2', NULL, '24', '1', '2016-02-16 10:44:13', '2016-02-16 10:44:13', 'd53b504e-9ee0-4126-88d8-910aea51788c'),
 ('884', '115', '2', NULL, '66', '1', '2016-02-16 10:44:13', '2016-02-16 10:44:13', '2c519b53-dcb3-4e93-8b67-cf0ed27bd77f'),
 ('885', '115', '2', NULL, '67', '2', '2016-02-16 10:44:13', '2016-02-16 10:44:13', '4c38a861-836b-430f-b021-9da37a8a23de'),
 ('886', '115', '2', NULL, '68', '3', '2016-02-16 10:44:13', '2016-02-16 10:44:13', '67895595-b72a-47c9-8324-816ed5e2db7e'),
 ('887', '115', '2', NULL, '69', '4', '2016-02-16 10:44:13', '2016-02-16 10:44:13', 'b73c0ae1-3073-4610-bea9-20413271a85b'),
 ('888', '115', '2', NULL, '70', '5', '2016-02-16 10:44:13', '2016-02-16 10:44:13', 'ff1dfcac-52e0-4119-b9b2-099e104e4883'),
 ('889', '115', '2', NULL, '71', '6', '2016-02-16 10:44:13', '2016-02-16 10:44:13', 'c2a38348-e615-445e-8191-ce6340e6ce4a'),
 ('890', '112', '2', NULL, '28', '1', '2016-02-16 10:44:13', '2016-02-16 10:44:13', 'b87459a5-1b26-4aa0-873f-b3e87ba19a41'),
 ('891', '111', '2', NULL, '27', '1', '2016-02-16 10:44:13', '2016-02-16 10:44:13', 'aa30c80e-e367-462e-82f7-ec92b86374a7'),
 ('892', '116', '2', NULL, '72', '1', '2016-02-16 10:44:14', '2016-02-16 10:44:14', '47912bc1-bf7f-4507-82df-4d45b7451c9c'),
 ('893', '116', '2', NULL, '73', '2', '2016-02-16 10:44:14', '2016-02-16 10:44:14', '2bf406d6-faf5-4f0d-b230-7921c7ddadd6'),
 ('894', '116', '2', NULL, '74', '3', '2016-02-16 10:44:14', '2016-02-16 10:44:14', 'c29f92f8-67c5-4472-a94a-724d22e6f50c'),
 ('895', '116', '2', NULL, '75', '4', '2016-02-16 10:44:14', '2016-02-16 10:44:14', '75385139-bf0f-4f2a-8038-902dfff11e42'),
 ('896', '116', '2', NULL, '76', '5', '2016-02-16 10:44:14', '2016-02-16 10:44:14', 'c2a76a17-f0de-4f98-b745-b986630564e1'),
 ('897', '116', '2', NULL, '77', '6', '2016-02-16 10:44:14', '2016-02-16 10:44:14', 'a12f8fec-7b74-4882-802e-b603317db8d8'),
 ('898', '106', '2', NULL, '25', '1', '2016-02-16 10:44:14', '2016-02-16 10:44:14', '72711e9f-02c4-4aa8-abf7-69fa9cb57e6c'),
 ('939', '140', '88', NULL, '90', '1', '2016-02-23 23:41:34', '2016-02-23 23:41:34', '026a2567-1031-4f9a-926c-4a737e88cd99'),
 ('941', '140', '91', NULL, '97', '1', '2016-02-23 23:41:57', '2016-02-23 23:41:57', '135aec9e-e4dc-4f58-aed3-31f850729182'),
 ('942', '140', '85', NULL, '84', '1', '2016-02-23 23:42:06', '2016-02-23 23:42:06', 'b6f664a8-5fce-4b32-bc03-bad5dbbbee76'),
 ('943', '140', '99', NULL, '98', '1', '2016-02-23 23:42:15', '2016-02-23 23:42:15', 'c690b89f-16fb-43eb-87b7-df0969c11bf6'),
 ('945', '140', '81', NULL, '80', '1', '2016-02-23 23:57:59', '2016-02-23 23:57:59', '9b07c630-a15e-41e7-a900-5d4e9fddeaa1'),
 ('948', '140', '100', NULL, '102', '1', '2016-02-24 08:05:02', '2016-02-24 08:05:02', '56c17f54-0edc-4153-a86a-6812c88aa7c8'),
 ('955', '140', '105', NULL, '104', '1', '2016-03-05 15:02:16', '2016-03-05 15:02:16', '3936ff39-d38d-49d5-8fd7-e4ed9503c8c6'),
 ('956', '140', '83', NULL, '103', '1', '2016-03-05 15:04:20', '2016-03-05 15:04:20', '6285f7f4-718d-47c1-8052-b5cf97ba518c'),
 ('957', '140', '107', NULL, '106', '1', '2016-03-05 15:20:50', '2016-03-05 15:20:50', '9b9490ff-0028-4af7-b0e2-6ef2a0fa2147'),
 ('966', '140', '111', NULL, '101', '1', '2016-03-20 00:29:52', '2016-03-20 00:29:52', '93775ca0-2f28-438c-b3cc-3e0ad439ff4e'),
 ('967', '140', '109', NULL, '112', '1', '2016-03-20 00:38:39', '2016-03-20 00:38:39', '4488fe90-fed6-4b40-9ca4-475da350ae2a'),
 ('968', '140', '114', NULL, '113', '1', '2016-03-24 07:50:12', '2016-03-24 07:50:12', '16ce5366-6b32-400b-9183-21e60ff28785'),
 ('969', '140', '116', NULL, '115', '1', '2016-03-30 07:43:17', '2016-03-30 07:43:17', '75d9da78-79e1-4358-8e9c-900d1a834dbd'),
 ('970', '140', '117', NULL, '118', '1', '2016-03-30 11:51:28', '2016-03-30 11:51:28', '11539524-ad11-4b5c-a59e-a02ba1ef5078'),
 ('971', '140', '120', NULL, '119', '1', '2016-04-04 18:52:16', '2016-04-04 18:52:16', 'a00ab28a-a976-49e4-be80-bcc84022de33'),
 ('972', '140', '122', NULL, '121', '1', '2016-04-08 20:59:55', '2016-04-08 20:59:55', 'f7c5c832-8c64-476b-a780-1e27ca04f4e6'),
 ('973', '140', '124', NULL, '123', '1', '2016-05-26 22:43:06', '2016-05-26 22:43:06', '2cf9693a-1715-456b-9b63-d2e7070de06b'),
 ('976', '140', '126', NULL, '125', '1', '2016-06-13 10:47:46', '2016-06-13 10:47:46', '873579cf-8d4c-4027-8c44-59da5fef4eaa'),
 ('977', '140', '128', NULL, '127', '1', '2016-06-17 22:01:25', '2016-06-17 22:01:25', 'c70651ba-6253-4da7-94f1-8d529b43ff60'),
 ('978', '140', '130', NULL, '129', '1', '2016-08-30 22:31:22', '2016-08-30 22:31:22', '43f3fb43-df8c-4d5a-96a1-3253504e9603'),
 ('979', '140', '132', NULL, '131', '1', '2016-10-02 22:10:08', '2016-10-02 22:10:08', 'd0b962d8-bc7c-4bf4-8823-d64c853fa818'),
 ('980', '140', '134', NULL, '133', '1', '2016-11-04 21:58:32', '2016-11-04 21:58:32', '44592da7-d9a2-4420-b714-d46c1f731ce6');



DROP TABLE IF EXISTS `craft_routes`;


--
-- Schema for table `craft_routes`
--
CREATE TABLE `craft_routes` (
  `id` int(11) NOT NULL AUTO_INCREMENT,
  `locale` char(12) COLLATE utf8_unicode_ci DEFAULT NULL,
  `urlParts` varchar(255) COLLATE utf8_unicode_ci NOT NULL,
  `urlPattern` varchar(255) COLLATE utf8_unicode_ci NOT NULL,
  `template` varchar(255) COLLATE utf8_unicode_ci NOT NULL,
  `sortOrder` tinyint(4) DEFAULT NULL,
  `dateCreated` datetime NOT NULL,
  `dateUpdated` datetime NOT NULL,
  `uid` char(36) COLLATE utf8_unicode_ci NOT NULL DEFAULT '0',
  PRIMARY KEY (`id`),
  UNIQUE KEY `craft_routes_urlPattern_unq_idx` (`urlPattern`),
  KEY `craft_routes_locale_idx` (`locale`)
) ENGINE=InnoDB DEFAULT CHARSET=utf8 COLLATE=utf8_unicode_ci;

DROP TABLE IF EXISTS `craft_searchindex`;


--
-- Schema for table `craft_searchindex`
--
CREATE TABLE `craft_searchindex` (
  `elementId` int(11) NOT NULL,
  `attribute` varchar(25) COLLATE utf8_unicode_ci NOT NULL,
  `fieldId` int(11) NOT NULL,
  `locale` char(12) COLLATE utf8_unicode_ci NOT NULL,
  `keywords` text COLLATE utf8_unicode_ci NOT NULL,
  PRIMARY KEY (`elementId`,`attribute`,`fieldId`,`locale`),
  FULLTEXT KEY `craft_searchindex_keywords_idx` (`keywords`)
) ENGINE=MyISAM DEFAULT CHARSET=utf8 COLLATE=utf8_unicode_ci;

--
-- Data for table `craft_searchindex`
--

INSERT INTO `craft_searchindex` (`elementId`, `attribute`, `fieldId`, `locale`, `keywords`) VALUES
 ('1', 'username', '0', 'fr_fr', ' beforeadmin '),
 ('1', 'firstname', '0', 'fr_fr', ' before '),
 ('1', 'lastname', '0', 'fr_fr', ' bar '),
 ('1', 'fullname', '0', 'fr_fr', ' before bar '),
 ('1', 'email', '0', 'fr_fr', ' contact beforebar com '),
 ('1', 'slug', '0', 'fr_fr', ''),
 ('2', 'slug', '0', 'fr_fr', ' homepage '),
 ('2', 'title', '0', 'fr_fr', ' before bar '),
 ('2', 'field', '1', 'fr_fr', ' it s true this site doesn t have a whole lot of content yet but don t worry our web developers have just installed the cms and they re setting things up for the content editors this very moment soon localhost will be an oasis of fresh perspectives sharp analyses and astute opinions that will keep you coming back again and again '),
 ('2', 'field', '3', 'fr_fr', ' forfaits '),
 ('2', 'field', '7', 'fr_fr', ' presse '),
 ('2', 'field', '5', 'fr_fr', ' events '),
 ('2', 'field', '8', 'fr_fr', ' social '),
 ('2', 'field', '4', 'fr_fr', ' à la carte '),
 ('2', 'field', '11', 'fr_fr', ' before beauty bar vous sublime avant chaque evenement '),
 ('2', 'field', '10', 'fr_fr', ' createur de beaute '),
 ('2', 'field', '12', 'fr_fr', ' prendre rendez vous '),
 ('2', 'field', '6', 'fr_fr', ' pro '),
 ('2', 'field', '9', 'fr_fr', ' contact '),
 ('2', 'field', '30', 'fr_fr', ' pour etre belle des pieds a la tete pour vos vacances beaute mains pieds et pose de vernis beaute mains pieds et vernis semi permanent beaute mains pieds vernis maillot bresilien et jambes completes beaute mains pieds vernis maillot bresilien demi jambes et aisselles '),
 ('2', 'field', '29', 'fr_fr', ' pour etre belle des pieds a la tete pour vos vacances '),
 ('2', 'field', '31', 'fr_fr', ' a partir de 52 personne '),
 ('2', 'field', '28', 'fr_fr', ' the beach '),
 ('2', 'field', '21', 'fr_fr', ' avant un rdv professionnel ou amoureux brushing ou coiffure d un soir maquillage beaute mains avec pose de vernis '),
 ('2', 'field', '22', 'fr_fr', ' avant un rdv professionnel ou amoureux '),
 ('2', 'field', '23', 'fr_fr', ' a partir de 42 personne '),
 ('2', 'field', '20', 'fr_fr', ' dating party '),
 ('2', 'field', '18', 'fr_fr', ' pour toutes vos occasions entre filles vernis semi permanent beaute des mains des pieds atelier make up entre filles '),
 ('2', 'field', '17', 'fr_fr', ' privatisez pour tous vos events evjf baby shower '),
 ('2', 'field', '19', 'fr_fr', ' a partir de 40 personne '),
 ('2', 'field', '16', 'fr_fr', ' events '),
 ('2', 'field', '26', 'fr_fr', ' pour etre au top le plus beau jour de votre vie essai maquillage ou coiffure maquillage et coiffure du jour j formule complete sur 8 jours jusqu au mariage '),
 ('2', 'field', '25', 'fr_fr', ' pour etre au top le plus beau jour de votre vie '),
 ('2', 'field', '27', 'fr_fr', ' a partir de 100 '),
 ('2', 'field', '24', 'fr_fr', ' wedding '),
 ('2', 'field', '15', 'fr_fr', ' decouvrir le forfait '),
 ('2', 'field', '14', 'fr_fr', ' before beauty bar est le premier bar a beaute avant evenements dans l air du temps son concept associe un forfait beaute rapide et accessible a chaque occasion de la vie d une femme decouvrez ci dessous nos 4 forfaits stars pour celles qui ne trouvent pas leur bonheur before propose aussi des prestations a la carte '),
 ('2', 'field', '13', 'fr_fr', ' les forfaits before '),
 ('2', 'field', '34', 'fr_fr', ' nos professionnels vous accueilllent et mettent leur expertise a votre service elegant leger ou electrique tous les styles sont permis a partir de 20 '),
 ('11', 'slug', '0', 'fr_fr', ' grazia cover '),
 ('11', 'title', '0', 'fr_fr', ' grazia cover '),
 ('2', 'field', '32', 'fr_fr', ' bar a coiffure '),
 ('2', 'field', '38', 'fr_fr', ' quelle que soit l occasion votre visage est au centre de nos attentions a travers les teintes et les textures faites vous chouchouter selon vos envies a partir de 25 '),
 ('11', 'kind', '0', 'fr_fr', ' image '),
 ('2', 'field', '37', 'fr_fr', ' bar a maquillage '),
 ('2', 'field', '36', 'fr_fr', ' profitez d un savoir faire unique pour etre belle jusqu au bout des ongles une touche de vernis sublimera vos pieds et mains a merveille a partir de 10 '),
 ('11', 'extension', '0', 'fr_fr', ' png '),
 ('2', 'field', '35', 'fr_fr', ' bar a ongles '),
 ('2', 'field', '40', 'fr_fr', ' prenez un moment de detente pour vous ressourcer et energiser votre peau nos soins sont varies et complets pour une sensation durable de fraicheur a partir de 35 '),
 ('11', 'filename', '0', 'fr_fr', ' before bar grazia cover png '),
 ('2', 'field', '39', 'fr_fr', ' spa urbain '),
 ('2', 'field', '33', 'fr_fr', ' soins a la carte '),
 ('2', 'field', '41', 'fr_fr', ' la before team se deplace chez vous ou dans le lieu de votre choix nos before artists sont a vos cotes pour vous conseiller et vous sublimer lors de tous vos evenements '),
 ('2', 'field', '42', 'fr_fr', ' à domicile '),
 ('2', 'field', '43', 'fr_fr', ' privatisez l un de nos salons design girly pour toutes vos occasions entre filles evjf baby shower anniversaire pour un moment unique et inoubliable rien qu entre vous '),
 ('2', 'field', '44', 'fr_fr', ' before events '),
 ('2', 'field', '45', 'fr_fr', ' en savoir plus '),
 ('2', 'field', '47', 'fr_fr', ' espace pro '),
 ('2', 'field', '46', 'fr_fr', ' parce que before est aussi une conciergerie beaute de luxe nous vous accompagnons dans vos evenements professionnels avec nos formules d animations beaute pour les entreprises nail bar maquillage bar a tresses bar a brushing '),
 ('2', 'field', '50', 'fr_fr', ' voir nos parutions '),
 ('2', 'field', '49', 'fr_fr', ' on parle de nous dans la presse parce que les petits mots elogieux font toujours plaisir vous pouvez retrouver tous les billets sur le salon et son actualite '),
 ('2', 'field', '110', 'fr_fr', ' https app flexybeauty com before giftitems '),
 ('2', 'field', '48', 'fr_fr', ' presse '),
 ('2', 'field', '51', 'fr_fr', ' we are social '),
 ('2', 'field', '52', 'fr_fr', ' ne ratez plus aucune actu before '),
 ('2', 'field', '54', 'fr_fr', ' facebook '),
 ('2', 'field', '55', 'fr_fr', ' https www facebook com beforebeautybar '),
 ('2', 'field', '53', 'fr_fr', ' insta '),
 ('2', 'field', '56', 'fr_fr', ' https instagram com beforebeautybar '),
 ('2', 'field', '57', 'fr_fr', ' nous contacter '),
 ('2', 'field', '58', 'fr_fr', ' horaires '),
 ('2', 'field', '59', 'fr_fr', ' adresse '),
 ('2', 'field', '60', 'fr_fr', ' reservation '),
 ('2', 'field', '61', 'fr_fr', ' vous avez une question particuliere vous voulez privatiser notre salon ou souhaitez que l on vous accompagne lors d un evenement ecrivez nous nous vous repondrons dans les plus brefs delais '),
 ('2', 'field', '118', 'fr_fr', ' contactez nous '),
 ('2', 'field', '64', 'fr_fr', ' cgv '),
 ('2', 'field', '65', 'fr_fr', ' contenu cgv '),
 ('2', 'field', '68', 'fr_fr', ' credits '),
 ('2', 'field', '69', 'fr_fr', ' conception da ux black pizza integration developpement black pizza prises de vue da black pizza photographie erwan fichou coiffure maquillage manucure before beauty bar '),
 ('2', 'field', '62', 'fr_fr', ' franchise '),
 ('2', 'field', '63', 'fr_fr', ''),
 ('2', 'field', '66', 'fr_fr', ' mentions legales '),
 ('2', 'field', '67', 'fr_fr', ' propriété societe editrice sarl before exercant sous l enseigne beforebar com capital social 8 000 siege social 97 bis rue de jouffroy d abbans 75017 paris france numero d identification 529 779 126 rcs paris n tva fr 53 529 779 126 publication directeur de la publication yael koskas telephone 01 77 19 12 22 du mardi au samedi de 10 h a 19h30 crédits photos droit de propriete sur les visuels before beauty bar hébergeur ovh 2 rue de kellermann bp 80157 roubaix '),
 ('2', 'field', '70', 'fr_fr', ' contactez nous '),
 ('2', 'field', '74', 'fr_fr', ' 97 bis rue jouffroy d abbans75017 paris '),
 ('2', 'field', '73', 'fr_fr', ' 01 77 19 12 22 '),
 ('2', 'field', '72', 'fr_fr', ' du mardi au samedi de 10h00 a 19h30 '),
 ('2', 'field', '71', 'fr_fr', ' before 17e '),
 ('2', 'field', '76', 'fr_fr', ' 74 rue saint didier75016 paris '),
 ('2', 'field', '78', 'fr_fr', ' 01 42 56 26 48 '),
 ('2', 'field', '77', 'fr_fr', ' du mardi au samedi de 10h00 a 19h30 '),
 ('2', 'field', '75', 'fr_fr', ' before 16e '),
 ('2', 'field', '79', 'fr_fr', ''),
 ('4', 'filename', '0', 'fr_fr', ' before bar press_right jpg '),
 ('4', 'extension', '0', 'fr_fr', ' jpg '),
 ('4', 'kind', '0', 'fr_fr', ' image '),
 ('4', 'slug', '0', 'fr_fr', ' press right '),
 ('4', 'title', '0', 'fr_fr', ' press right '),
 ('6', 'filename', '0', 'fr_fr', ' before bar press_right_1 jpg '),
 ('6', 'extension', '0', 'fr_fr', ' jpg ');
INSERT INTO `craft_searchindex` (`elementId`, `attribute`, `fieldId`, `locale`, `keywords`) VALUES
 ('6', 'kind', '0', 'fr_fr', ' image '),
 ('6', 'slug', '0', 'fr_fr', ' press right 1 '),
 ('6', 'title', '0', 'fr_fr', ' press right 1 '),
 ('10', 'field', '84', 'fr_fr', ' before beauty bar salon de beaute avant evenements paris '),
 ('10', 'field', '85', 'fr_fr', ' before beauty bar sont des salons de beaute situes a paris proposant des soins du visage des soins du corps manucure coiffure maquillage et spa venez vous detendre '),
 ('10', 'slug', '0', 'fr_fr', ''),
 ('2', 'field', '86', 'fr_fr', ' votre message a bien ete envoye nous vous recontacterons dans les plus brefs delais '),
 ('2', 'field', '87', 'fr_fr', ' https app flexybeauty com before home '),
 ('2', 'field', '88', 'fr_fr', ' https app flexybeauty com before 16 home '),
 ('55', 'extension', '0', 'fr_fr', ' jpg '),
 ('26', 'slug', '0', 'fr_fr', ''),
 ('2', 'field', '108', 'fr_fr', ' ce champ est obligatoire '),
 ('26', 'field', '107', 'fr_fr', ' ua 69117278 1 '),
 ('2', 'field', '109', 'fr_fr', ' bons cadeaux '),
 ('12', 'filename', '0', 'fr_fr', ' before bar grazia text png '),
 ('12', 'extension', '0', 'fr_fr', ' png '),
 ('12', 'kind', '0', 'fr_fr', ' image '),
 ('12', 'slug', '0', 'fr_fr', ' grazia text '),
 ('12', 'title', '0', 'fr_fr', ' grazia text '),
 ('13', 'filename', '0', 'fr_fr', ' before bar jalouse cover png '),
 ('13', 'extension', '0', 'fr_fr', ' png '),
 ('13', 'kind', '0', 'fr_fr', ' image '),
 ('13', 'slug', '0', 'fr_fr', ' jalouse cover '),
 ('13', 'title', '0', 'fr_fr', ' jalouse cover '),
 ('14', 'filename', '0', 'fr_fr', ' before bar jalouse text png '),
 ('14', 'extension', '0', 'fr_fr', ' png '),
 ('14', 'kind', '0', 'fr_fr', ' image '),
 ('14', 'slug', '0', 'fr_fr', ' jalouse text '),
 ('14', 'title', '0', 'fr_fr', ' jalouse text '),
 ('15', 'filename', '0', 'fr_fr', ' before bar mariee cover png '),
 ('15', 'extension', '0', 'fr_fr', ' png '),
 ('15', 'kind', '0', 'fr_fr', ' image '),
 ('15', 'slug', '0', 'fr_fr', ' mariee cover '),
 ('15', 'title', '0', 'fr_fr', ' mariee cover '),
 ('16', 'filename', '0', 'fr_fr', ' before bar mariee text png '),
 ('16', 'extension', '0', 'fr_fr', ' png '),
 ('16', 'kind', '0', 'fr_fr', ' image '),
 ('16', 'slug', '0', 'fr_fr', ' mariee text '),
 ('16', 'title', '0', 'fr_fr', ' mariee text '),
 ('17', 'field', '81', 'fr_fr', ' mariee '),
 ('17', 'field', '82', 'fr_fr', ' decembre 2014 '),
 ('17', 'field', '80', 'fr_fr', ' mariee cover '),
 ('17', 'slug', '0', 'fr_fr', ' mariee cover '),
 ('17', 'title', '0', 'fr_fr', ' mariee_cover '),
 ('18', 'field', '81', 'fr_fr', ' mariee '),
 ('18', 'field', '82', 'fr_fr', ' decembre 2014 '),
 ('18', 'field', '80', 'fr_fr', ' mariee text '),
 ('18', 'slug', '0', 'fr_fr', ' mariee texte '),
 ('18', 'title', '0', 'fr_fr', ' mariee_texte '),
 ('19', 'field', '81', 'fr_fr', ' jalouse '),
 ('19', 'field', '82', 'fr_fr', ' mai 2015 '),
 ('19', 'field', '80', 'fr_fr', ' jalouse cover '),
 ('19', 'slug', '0', 'fr_fr', ' jalouse cover '),
 ('19', 'title', '0', 'fr_fr', ' jalouse_cover '),
 ('20', 'field', '81', 'fr_fr', ' jalouse '),
 ('20', 'field', '82', 'fr_fr', ' mai 2015 '),
 ('20', 'field', '80', 'fr_fr', ' jalouse text '),
 ('20', 'slug', '0', 'fr_fr', ' jalouse texte '),
 ('20', 'title', '0', 'fr_fr', ' jalouse_texte '),
 ('21', 'field', '81', 'fr_fr', ' grazia '),
 ('21', 'field', '82', 'fr_fr', ' juin 2015 '),
 ('21', 'field', '80', 'fr_fr', ' grazia cover '),
 ('21', 'slug', '0', 'fr_fr', ' grazia cover '),
 ('21', 'title', '0', 'fr_fr', ' grazia_cover '),
 ('22', 'field', '81', 'fr_fr', ' grazia '),
 ('22', 'field', '82', 'fr_fr', ' juin 2015 '),
 ('22', 'field', '80', 'fr_fr', ' grazia text '),
 ('22', 'slug', '0', 'fr_fr', ' grazia texte '),
 ('22', 'title', '0', 'fr_fr', ' grazia_texte '),
 ('23', 'slug', '0', 'fr_fr', ''),
 ('23', 'field', '89', 'fr_fr', ' https app flexybeauty com before category 5310356083703808 '),
 ('23', 'field', '90', 'fr_fr', ' https app flexybeauty com before 16 category 6419686543589376 '),
 ('23', 'field', '91', 'fr_fr', ' https app flexybeauty com before category 5156810466000896 '),
 ('23', 'field', '92', 'fr_fr', ' https app flexybeauty com before 16 category 5901557795127296 '),
 ('23', 'field', '93', 'fr_fr', ' javascript b4_bar choose_select 1 '),
 ('23', 'field', '94', 'fr_fr', ' https app flexybeauty com before 16 category 6250230219538432 '),
 ('23', 'field', '95', 'fr_fr', ' https app flexybeauty com before category 5151825351147520 '),
 ('23', 'field', '96', 'fr_fr', ' https app flexybeauty com before 16 category 5401142565535744 '),
 ('23', 'field', '97', 'fr_fr', ' https app flexybeauty com before category 5714775304568832 '),
 ('23', 'field', '98', 'fr_fr', ' https app flexybeauty com before 16 category 5391274341302272 '),
 ('23', 'field', '99', 'fr_fr', ' https app flexybeauty com before category 5096363633147904 '),
 ('23', 'field', '100', 'fr_fr', ' https app flexybeauty com before 16 category 5668600916475904 '),
 ('23', 'field', '101', 'fr_fr', ' https app flexybeauty com before category 5108363985682432 '),
 ('23', 'field', '102', 'fr_fr', ' https app flexybeauty com before 16 category 6328036781719552 '),
 ('23', 'field', '103', 'fr_fr', ' javascript b4_bar choose_select 6 '),
 ('23', 'field', '104', 'fr_fr', ' https app flexybeauty com before 16 category 4687586899525632 '),
 ('24', 'filename', '0', 'fr_fr', ' privatisez un salon beaute jpg '),
 ('24', 'extension', '0', 'fr_fr', ' jpg '),
 ('24', 'kind', '0', 'fr_fr', ' image '),
 ('24', 'slug', '0', 'fr_fr', ' private '),
 ('24', 'title', '0', 'fr_fr', ' private '),
 ('25', 'filename', '0', 'fr_fr', ' beaute a domicile jpg '),
 ('25', 'extension', '0', 'fr_fr', ' jpg '),
 ('25', 'kind', '0', 'fr_fr', ' image '),
 ('25', 'slug', '0', 'fr_fr', ' event '),
 ('25', 'title', '0', 'fr_fr', ' event '),
 ('2', 'field', '105', 'fr_fr', ' private '),
 ('2', 'field', '106', 'fr_fr', ' event '),
 ('27', 'filename', '0', 'fr_fr', ' before bar cover jpg '),
 ('27', 'extension', '0', 'fr_fr', ' jpg ');
INSERT INTO `craft_searchindex` (`elementId`, `attribute`, `fieldId`, `locale`, `keywords`) VALUES
 ('27', 'kind', '0', 'fr_fr', ' image '),
 ('27', 'slug', '0', 'fr_fr', ' cover 1 '),
 ('27', 'title', '0', 'fr_fr', ' cover 1 '),
 ('2', 'field', '112', 'fr_fr', ' pro 1 '),
 ('2', 'field', '111', 'fr_fr', ' cover 1 '),
 ('28', 'filename', '0', 'fr_fr', ' conciergerie beaute luxe jpg '),
 ('28', 'extension', '0', 'fr_fr', ' jpg '),
 ('28', 'kind', '0', 'fr_fr', ' image '),
 ('28', 'slug', '0', 'fr_fr', ' pro 1 '),
 ('28', 'title', '0', 'fr_fr', ' pro 1 '),
 ('54', 'filename', '0', 'fr_fr', ' 16e_02 jpg '),
 ('54', 'extension', '0', 'fr_fr', ' jpg '),
 ('54', 'kind', '0', 'fr_fr', ' image '),
 ('54', 'slug', '0', 'fr_fr', ''),
 ('54', 'title', '0', 'fr_fr', ' 16e 02 '),
 ('55', 'filename', '0', 'fr_fr', ' 16e_03 jpg '),
 ('2', 'field', '113', 'fr_fr', ' voir le salon '),
 ('2', 'field', '114', 'fr_fr', ' voir le plan '),
 ('2', 'field', '115', 'fr_fr', ' 16e 01 1 16e 02 1 16e 03 1 16e 04 16e 05 16e 06 '),
 ('2', 'field', '116', 'fr_fr', ' 17e 01 1 17e 02 1 17e 03 1 17e 04 17e 05 17e 06 '),
 ('2', 'field', '117', 'fr_fr', ' nos salons '),
 ('2', 'field', '121', 'fr_fr', ' je privatise '),
 ('2', 'field', '119', 'fr_fr', ' javascript b4_bar choose_select 1 '),
 ('2', 'field', '122', 'fr_fr', ' voir les formules '),
 ('2', 'field', '120', 'fr_fr', ' https app flexybeauty com before 16 category 6250230219538432 '),
 ('32', 'extension', '0', 'fr_fr', ' jpg '),
 ('32', 'filename', '0', 'fr_fr', ' 16_mg_3798 jpg '),
 ('32', 'kind', '0', 'fr_fr', ' image '),
 ('32', 'slug', '0', 'fr_fr', ''),
 ('32', 'title', '0', 'fr_fr', ' 16 mg 3798 '),
 ('33', 'filename', '0', 'fr_fr', ' 16_mg_3859 jpg '),
 ('33', 'extension', '0', 'fr_fr', ' jpg '),
 ('33', 'kind', '0', 'fr_fr', ' image '),
 ('33', 'slug', '0', 'fr_fr', ''),
 ('33', 'title', '0', 'fr_fr', ' 16 mg 3859 '),
 ('34', 'filename', '0', 'fr_fr', ' 16_mg_3896 jpg '),
 ('34', 'extension', '0', 'fr_fr', ' jpg '),
 ('34', 'kind', '0', 'fr_fr', ' image '),
 ('34', 'slug', '0', 'fr_fr', ''),
 ('34', 'title', '0', 'fr_fr', ' 16 mg 3896 '),
 ('35', 'filename', '0', 'fr_fr', ' 17_concept_photo1 jpg '),
 ('35', 'extension', '0', 'fr_fr', ' jpg '),
 ('35', 'kind', '0', 'fr_fr', ' image '),
 ('35', 'slug', '0', 'fr_fr', ''),
 ('35', 'title', '0', 'fr_fr', ' 17 concept photo1 '),
 ('36', 'filename', '0', 'fr_fr', ' 17_concept_photo5 jpg '),
 ('36', 'extension', '0', 'fr_fr', ' jpg '),
 ('36', 'kind', '0', 'fr_fr', ' image '),
 ('36', 'slug', '0', 'fr_fr', ''),
 ('36', 'title', '0', 'fr_fr', ' 17 concept photo5 '),
 ('37', 'filename', '0', 'fr_fr', ' 17_concept_photo7 jpg '),
 ('37', 'extension', '0', 'fr_fr', ' jpg '),
 ('37', 'kind', '0', 'fr_fr', ' image '),
 ('37', 'slug', '0', 'fr_fr', ''),
 ('37', 'title', '0', 'fr_fr', ' 17 concept photo7 '),
 ('56', 'kind', '0', 'fr_fr', ' image '),
 ('56', 'slug', '0', 'fr_fr', ''),
 ('56', 'title', '0', 'fr_fr', ' 17e 01 '),
 ('57', 'filename', '0', 'fr_fr', ' 17e_02 jpg '),
 ('57', 'extension', '0', 'fr_fr', ' jpg '),
 ('57', 'kind', '0', 'fr_fr', ' image '),
 ('57', 'slug', '0', 'fr_fr', ''),
 ('57', 'title', '0', 'fr_fr', ' 17e 02 '),
 ('58', 'filename', '0', 'fr_fr', ' 17e_03 jpg '),
 ('58', 'extension', '0', 'fr_fr', ' jpg '),
 ('55', 'kind', '0', 'fr_fr', ' image '),
 ('55', 'slug', '0', 'fr_fr', ''),
 ('55', 'title', '0', 'fr_fr', ' 16e 03 '),
 ('56', 'filename', '0', 'fr_fr', ' 17e_01 jpg '),
 ('56', 'extension', '0', 'fr_fr', ' jpg '),
 ('45', 'slug', '0', 'fr_fr', ''),
 ('45', 'field', '95', 'fr_fr', ' https app flexybeauty com before category 5151825351147520 '),
 ('45', 'field', '96', 'fr_fr', ' https app flexybeauty com before 16 category 5401142565535744 '),
 ('45', 'field', '97', 'fr_fr', ' https app flexybeauty com before category 5714775304568832 '),
 ('45', 'field', '98', 'fr_fr', ' https app flexybeauty com before 16 category 5391274341302272 '),
 ('45', 'field', '99', 'fr_fr', ' https app flexybeauty com before category 5096363633147904 '),
 ('45', 'field', '100', 'fr_fr', ' https app flexybeauty com before 16 category 5668600916475904 '),
 ('45', 'field', '101', 'fr_fr', ' https app flexybeauty com before category 5108363985682432 '),
 ('45', 'field', '102', 'fr_fr', ' https app flexybeauty com before 16 category 6328036781719552 '),
 ('46', 'slug', '0', 'fr_fr', ''),
 ('46', 'field', '132', 'fr_fr', ' prendre rdv '),
 ('46', 'field', '133', 'fr_fr', ' before 17eme '),
 ('46', 'field', '134', 'fr_fr', ' before 16eme '),
 ('46', 'field', '126', 'fr_fr', ' prendre rdv '),
 ('46', 'field', '127', 'fr_fr', ' before 17eme '),
 ('46', 'field', '128', 'fr_fr', ' before 16eme '),
 ('46', 'field', '123', 'fr_fr', ' en savoir plus '),
 ('46', 'field', '124', 'fr_fr', ' je privatise '),
 ('46', 'field', '125', 'fr_fr', ' voir les formules '),
 ('46', 'field', '129', 'fr_fr', ' en savoir plus '),
 ('46', 'field', '130', 'fr_fr', ' nous contacter '),
 ('46', 'field', '131', 'fr_fr', ' voir les formules '),
 ('63', 'slug', '0', 'fr_fr', ' public texte '),
 ('58', 'title', '0', 'fr_fr', ' 17e 03 '),
 ('58', 'slug', '0', 'fr_fr', ''),
 ('58', 'kind', '0', 'fr_fr', ' image '),
 ('53', 'title', '0', 'fr_fr', ' 16e 01 '),
 ('53', 'slug', '0', 'fr_fr', ''),
 ('53', 'kind', '0', 'fr_fr', ' image '),
 ('53', 'extension', '0', 'fr_fr', ' jpg ');
INSERT INTO `craft_searchindex` (`elementId`, `attribute`, `fieldId`, `locale`, `keywords`) VALUES
 ('53', 'filename', '0', 'fr_fr', ' 16e_01 jpg '),
 ('63', 'field', '80', 'fr_fr', ' public texte '),
 ('63', 'field', '82', 'fr_fr', ' decembre 2015 '),
 ('63', 'field', '81', 'fr_fr', ' public '),
 ('62', 'title', '0', 'fr_fr', ' public texte '),
 ('62', 'slug', '0', 'fr_fr', ' public texte '),
 ('62', 'extension', '0', 'fr_fr', ' png '),
 ('62', 'kind', '0', 'fr_fr', ' image '),
 ('62', 'filename', '0', 'fr_fr', ' before bar public texte png '),
 ('63', 'title', '0', 'fr_fr', ' public_texte '),
 ('64', 'filename', '0', 'fr_fr', ' before bar public cover png '),
 ('64', 'extension', '0', 'fr_fr', ' png '),
 ('64', 'kind', '0', 'fr_fr', ' image '),
 ('64', 'slug', '0', 'fr_fr', ' public cover '),
 ('64', 'title', '0', 'fr_fr', ' public cover '),
 ('65', 'field', '81', 'fr_fr', ' public '),
 ('65', 'field', '82', 'fr_fr', ' decembre 2015 '),
 ('65', 'field', '80', 'fr_fr', ' public cover '),
 ('65', 'slug', '0', 'fr_fr', ' public cover '),
 ('65', 'title', '0', 'fr_fr', ' public_cover '),
 ('2', 'field', '135', 'fr_fr', ' https app flexybeauty com before 16 giftitems '),
 ('66', 'filename', '0', 'fr_fr', ' salon beaute paris16 1 jpg '),
 ('66', 'extension', '0', 'fr_fr', ' jpg '),
 ('66', 'kind', '0', 'fr_fr', ' image '),
 ('66', 'slug', '0', 'fr_fr', ' 16e 01 1 '),
 ('66', 'title', '0', 'fr_fr', ' 16e 01 1 '),
 ('67', 'filename', '0', 'fr_fr', ' salon beaute paris16 2 jpg '),
 ('67', 'extension', '0', 'fr_fr', ' jpg '),
 ('67', 'kind', '0', 'fr_fr', ' image '),
 ('67', 'slug', '0', 'fr_fr', ' 16e 02 1 '),
 ('67', 'title', '0', 'fr_fr', ' 16e 02 1 '),
 ('68', 'filename', '0', 'fr_fr', ' salon beaute paris16 3 jpg '),
 ('68', 'extension', '0', 'fr_fr', ' jpg '),
 ('68', 'kind', '0', 'fr_fr', ' image '),
 ('68', 'slug', '0', 'fr_fr', ' 16e 03 1 '),
 ('68', 'title', '0', 'fr_fr', ' 16e 03 1 '),
 ('69', 'filename', '0', 'fr_fr', ' salon beaute paris16 4 jpg '),
 ('69', 'extension', '0', 'fr_fr', ' jpg '),
 ('69', 'kind', '0', 'fr_fr', ' image '),
 ('69', 'slug', '0', 'fr_fr', ' 16e 04 '),
 ('69', 'title', '0', 'fr_fr', ' 16e 04 '),
 ('70', 'filename', '0', 'fr_fr', ' salon beaute paris16 5 jpg '),
 ('70', 'extension', '0', 'fr_fr', ' jpg '),
 ('70', 'kind', '0', 'fr_fr', ' image '),
 ('70', 'slug', '0', 'fr_fr', ' 16e 05 '),
 ('70', 'title', '0', 'fr_fr', ' 16e 05 '),
 ('71', 'filename', '0', 'fr_fr', ' salon beaute paris16 6 jpg '),
 ('71', 'extension', '0', 'fr_fr', ' jpg '),
 ('71', 'kind', '0', 'fr_fr', ' image '),
 ('71', 'slug', '0', 'fr_fr', ' 16e 06 '),
 ('71', 'title', '0', 'fr_fr', ' 16e 06 '),
 ('72', 'filename', '0', 'fr_fr', ' salon beaute paris17 1 jpg '),
 ('72', 'extension', '0', 'fr_fr', ' jpg '),
 ('72', 'kind', '0', 'fr_fr', ' image '),
 ('72', 'slug', '0', 'fr_fr', ' 17e 01 1 '),
 ('72', 'title', '0', 'fr_fr', ' 17e 01 1 '),
 ('73', 'filename', '0', 'fr_fr', ' salon beaute paris17 2 jpg '),
 ('73', 'extension', '0', 'fr_fr', ' jpg '),
 ('73', 'kind', '0', 'fr_fr', ' image '),
 ('73', 'slug', '0', 'fr_fr', ' 17e 02 1 '),
 ('73', 'title', '0', 'fr_fr', ' 17e 02 1 '),
 ('74', 'filename', '0', 'fr_fr', ' salon beaute paris17 3 jpg '),
 ('74', 'extension', '0', 'fr_fr', ' jpg '),
 ('74', 'kind', '0', 'fr_fr', ' image '),
 ('74', 'slug', '0', 'fr_fr', ' 17e 03 1 '),
 ('74', 'title', '0', 'fr_fr', ' 17e 03 1 '),
 ('75', 'filename', '0', 'fr_fr', ' salon beaute paris17 4 jpg '),
 ('75', 'extension', '0', 'fr_fr', ' jpg '),
 ('75', 'kind', '0', 'fr_fr', ' image '),
 ('75', 'slug', '0', 'fr_fr', ' 17e 04 '),
 ('75', 'title', '0', 'fr_fr', ' 17e 04 '),
 ('76', 'filename', '0', 'fr_fr', ' salon beaute paris17 5 jpg '),
 ('76', 'extension', '0', 'fr_fr', ' jpg '),
 ('76', 'kind', '0', 'fr_fr', ' image '),
 ('76', 'slug', '0', 'fr_fr', ' 17e 05 '),
 ('76', 'title', '0', 'fr_fr', ' 17e 05 '),
 ('77', 'filename', '0', 'fr_fr', ' salon beaute paris17 6 jpg '),
 ('77', 'extension', '0', 'fr_fr', ' jpg '),
 ('77', 'kind', '0', 'fr_fr', ' image '),
 ('77', 'slug', '0', 'fr_fr', ' 17e 06 '),
 ('77', 'title', '0', 'fr_fr', ' 17e 06 '),
 ('2', 'field', '138', 'fr_fr', ' actualites '),
 ('2', 'field', '137', 'fr_fr', ' decouvrez nos actualites '),
 ('2', 'field', '136', 'fr_fr', ' voir les actualites '),
 ('78', 'filename', '0', 'fr_fr', ' anna_todd_chez_before_bar jpg '),
 ('78', 'extension', '0', 'fr_fr', ' jpg '),
 ('78', 'kind', '0', 'fr_fr', ' image '),
 ('78', 'slug', '0', 'fr_fr', ''),
 ('78', 'title', '0', 'fr_fr', ' anna todd chez before bar '),
 ('89', 'kind', '0', 'fr_fr', ' image '),
 ('89', 'slug', '0', 'fr_fr', ''),
 ('89', 'title', '0', 'fr_fr', ' img 4391 '),
 ('90', 'filename', '0', 'fr_fr', ' img_4390 jpg '),
 ('89', 'extension', '0', 'fr_fr', ' jpg '),
 ('80', 'filename', '0', 'fr_fr', ' ines olympe mercadal jpg '),
 ('80', 'extension', '0', 'fr_fr', ' jpg '),
 ('80', 'kind', '0', 'fr_fr', ' image '),
 ('80', 'slug', '0', 'fr_fr', ''),
 ('80', 'title', '0', 'fr_fr', ' ines olympe mercadal '),
 ('81', 'field', '141', 'fr_fr', ' 02 fevrier 2016 ');
INSERT INTO `craft_searchindex` (`elementId`, `attribute`, `fieldId`, `locale`, `keywords`) VALUES
 ('81', 'field', '139', 'fr_fr', ' nails by before beauty bar des egeries lors du shooting de la talentueuse ines olympe mercadal pour sa nouvelle marque '),
 ('81', 'field', '140', 'fr_fr', ' ines olympe mercadal '),
 ('81', 'slug', '0', 'fr_fr', ' ines olympe '),
 ('81', 'title', '0', 'fr_fr', ' 02 fevrier 2016 '),
 ('89', 'filename', '0', 'fr_fr', ' img_4391 jpg '),
 ('82', 'filename', '0', 'fr_fr', ' jessica_minh_anh_autumn fashion_show eiffel tower jpg '),
 ('82', 'extension', '0', 'fr_fr', ' jpg '),
 ('82', 'kind', '0', 'fr_fr', ' image '),
 ('82', 'slug', '0', 'fr_fr', ''),
 ('82', 'title', '0', 'fr_fr', ' jessica minh anh autumn fashion show eiffel tower '),
 ('83', 'field', '141', 'fr_fr', ' 31 octobre 2014 '),
 ('83', 'field', '139', 'fr_fr', ' j autumn fashion show defile haute couture a la tour eiffel maquillage coiffure manucure realisation de la structure tour eiffel faite de cheveux naturels pour jessica minh anh '),
 ('83', 'field', '140', 'fr_fr', ' image 2 '),
 ('83', 'slug', '0', 'fr_fr', ' fashion show '),
 ('83', 'title', '0', 'fr_fr', ' 31 octobre 2014 '),
 ('84', 'filename', '0', 'fr_fr', ' public_buzz_awards_before_beauty_bar jpg '),
 ('84', 'extension', '0', 'fr_fr', ' jpg '),
 ('84', 'kind', '0', 'fr_fr', ' image '),
 ('84', 'slug', '0', 'fr_fr', ''),
 ('84', 'title', '0', 'fr_fr', ' public buzz awards before beauty bar '),
 ('85', 'field', '141', 'fr_fr', ' 01 avril 2015 '),
 ('85', 'field', '139', 'fr_fr', ' animation beaute pour les public buzz awards by before beauty bar '),
 ('85', 'field', '140', 'fr_fr', ' public buzz awards before beauty bar '),
 ('85', 'slug', '0', 'fr_fr', ' public buzz '),
 ('85', 'title', '0', 'fr_fr', ' 01 avril 2015 '),
 ('86', 'filename', '0', 'fr_fr', ' img_4389 jpg '),
 ('86', 'extension', '0', 'fr_fr', ' jpg '),
 ('86', 'kind', '0', 'fr_fr', ' image '),
 ('86', 'slug', '0', 'fr_fr', ' img 4389 '),
 ('86', 'title', '0', 'fr_fr', ' img 4389 '),
 ('88', 'field', '139', 'fr_fr', ' animation nail bar pour theory '),
 ('88', 'field', '141', 'fr_fr', ' 13 fevrier 2016 '),
 ('88', 'field', '140', 'fr_fr', ' img 4390 '),
 ('88', 'slug', '0', 'fr_fr', ' 13 02 2016 '),
 ('88', 'title', '0', 'fr_fr', ' 13 fevrier 2016 '),
 ('90', 'extension', '0', 'fr_fr', ' jpg '),
 ('90', 'kind', '0', 'fr_fr', ' image '),
 ('90', 'slug', '0', 'fr_fr', ''),
 ('90', 'title', '0', 'fr_fr', ' img 4390 '),
 ('91', 'field', '141', 'fr_fr', ' 08 janvier 2016 '),
 ('91', 'field', '139', 'fr_fr', ' animation beaute chez before pour la sortie du livre before saison 1 de l incroyable romanciere anna todd '),
 ('91', 'field', '140', 'fr_fr', ' img 4409 '),
 ('91', 'slug', '0', 'fr_fr', ' janvier 2016 '),
 ('91', 'title', '0', 'fr_fr', ' 08 janvier 2016 '),
 ('92', 'filename', '0', 'fr_fr', ' img_4399 jpg '),
 ('92', 'extension', '0', 'fr_fr', ' jpg '),
 ('92', 'kind', '0', 'fr_fr', ' image '),
 ('92', 'slug', '0', 'fr_fr', ''),
 ('92', 'title', '0', 'fr_fr', ' img 4399 '),
 ('93', 'filename', '0', 'fr_fr', ' img_4404 jpg '),
 ('93', 'extension', '0', 'fr_fr', ' jpg '),
 ('93', 'kind', '0', 'fr_fr', ' image '),
 ('93', 'slug', '0', 'fr_fr', ''),
 ('93', 'title', '0', 'fr_fr', ' img 4404 '),
 ('94', 'filename', '0', 'fr_fr', ' img_4407 jpg '),
 ('94', 'extension', '0', 'fr_fr', ' jpg '),
 ('94', 'kind', '0', 'fr_fr', ' image '),
 ('94', 'slug', '0', 'fr_fr', ''),
 ('94', 'title', '0', 'fr_fr', ' img 4407 '),
 ('95', 'filename', '0', 'fr_fr', ' img_4408 jpg '),
 ('95', 'extension', '0', 'fr_fr', ' jpg '),
 ('95', 'kind', '0', 'fr_fr', ' image '),
 ('95', 'slug', '0', 'fr_fr', ''),
 ('95', 'title', '0', 'fr_fr', ' img 4408 '),
 ('96', 'filename', '0', 'fr_fr', ' img_2644 jpg '),
 ('96', 'extension', '0', 'fr_fr', ' jpg '),
 ('96', 'kind', '0', 'fr_fr', ' image '),
 ('96', 'slug', '0', 'fr_fr', ''),
 ('96', 'title', '0', 'fr_fr', ' img 2644 '),
 ('97', 'filename', '0', 'fr_fr', ' img_4409 jpg '),
 ('97', 'extension', '0', 'fr_fr', ' jpg '),
 ('97', 'kind', '0', 'fr_fr', ' image '),
 ('97', 'slug', '0', 'fr_fr', ''),
 ('97', 'title', '0', 'fr_fr', ' img 4409 '),
 ('98', 'filename', '0', 'fr_fr', ' img_4410 jpg '),
 ('98', 'extension', '0', 'fr_fr', ' jpg '),
 ('98', 'kind', '0', 'fr_fr', ' image '),
 ('98', 'slug', '0', 'fr_fr', ''),
 ('98', 'title', '0', 'fr_fr', ' img 4410 '),
 ('99', 'field', '141', 'fr_fr', ' 12 mars 08 avril 2015 '),
 ('99', 'field', '139', 'fr_fr', ' bar a maquillage nail bar by before pour la soiree des nouvelles collections chez comptoir des cotonniers '),
 ('99', 'field', '140', 'fr_fr', ' img 4410 '),
 ('99', 'slug', '0', 'fr_fr', ' 12 mars 08 avril 2015 '),
 ('99', 'title', '0', 'fr_fr', ' 12 mars 08 avril 2015 '),
 ('100', 'field', '141', 'fr_fr', ' 22 mai 2015 '),
 ('100', 'field', '139', 'fr_fr', ' animation nail bar au molitor a l occasion de la sortie du bleu molitor by essie pro '),
 ('100', 'field', '140', 'fr_fr', ' image 1 '),
 ('100', 'slug', '0', 'fr_fr', ' 22 mai 2015 '),
 ('100', 'title', '0', 'fr_fr', ' 22 mai 2015 '),
 ('101', 'filename', '0', 'fr_fr', ' image jpeg '),
 ('101', 'extension', '0', 'fr_fr', ' jpeg '),
 ('101', 'kind', '0', 'fr_fr', ' image '),
 ('101', 'slug', '0', 'fr_fr', ' image '),
 ('101', 'title', '0', 'fr_fr', ' image '),
 ('102', 'filename', '0', 'fr_fr', ' image_1 jpeg '),
 ('102', 'extension', '0', 'fr_fr', ' jpeg '),
 ('102', 'kind', '0', 'fr_fr', ' image '),
 ('102', 'slug', '0', 'fr_fr', ''),
 ('102', 'title', '0', 'fr_fr', ' image 1 '),
 ('103', 'filename', '0', 'fr_fr', ' image_2 jpeg ');
INSERT INTO `craft_searchindex` (`elementId`, `attribute`, `fieldId`, `locale`, `keywords`) VALUES
 ('103', 'extension', '0', 'fr_fr', ' jpeg '),
 ('103', 'kind', '0', 'fr_fr', ' image '),
 ('103', 'slug', '0', 'fr_fr', ''),
 ('103', 'title', '0', 'fr_fr', ' image 2 '),
 ('104', 'filename', '0', 'fr_fr', ' img_4422 jpg '),
 ('104', 'extension', '0', 'fr_fr', ' jpg '),
 ('104', 'kind', '0', 'fr_fr', ' image '),
 ('104', 'slug', '0', 'fr_fr', ''),
 ('104', 'title', '0', 'fr_fr', ' img 4422 '),
 ('105', 'field', '141', 'fr_fr', ' 06 octobre 2014 '),
 ('105', 'field', '139', 'fr_fr', ' maquillage coiffure manucure pour tournage et presse de femme actuelle nouvelle identite visuelle des ampoules coup d eclat by asepta '),
 ('106', 'filename', '0', 'fr_fr', ' 2bec94a6 716e 44f8 9b7d 46b0fedeb335 jpg '),
 ('105', 'field', '140', 'fr_fr', ' img 4422 '),
 ('105', 'slug', '0', 'fr_fr', ' 06 octobre 2014 '),
 ('105', 'title', '0', 'fr_fr', ' 06 octobre 2014 '),
 ('106', 'extension', '0', 'fr_fr', ' jpg '),
 ('106', 'kind', '0', 'fr_fr', ' image '),
 ('106', 'slug', '0', 'fr_fr', ''),
 ('106', 'title', '0', 'fr_fr', ' 2bec94a6 716e 44f8 9b7d 46b0fedeb335 '),
 ('107', 'field', '141', 'fr_fr', ' 07 avril 2015 '),
 ('107', 'field', '139', 'fr_fr', ' animation nail bar dans le prestigieux spa de l hotel burgundy pour le lancement de la collection spring by essie pro '),
 ('107', 'field', '140', 'fr_fr', ' 2bec94a6 716e 44f8 9b7d 46b0fedeb335 '),
 ('107', 'slug', '0', 'fr_fr', ' 07 avril 2015 '),
 ('107', 'title', '0', 'fr_fr', ' 07 avril 2015 '),
 ('108', 'filename', '0', 'fr_fr', ' image_3 jpeg '),
 ('108', 'extension', '0', 'fr_fr', ' jpeg '),
 ('108', 'kind', '0', 'fr_fr', ' image '),
 ('108', 'slug', '0', 'fr_fr', ''),
 ('108', 'title', '0', 'fr_fr', ' image 3 '),
 ('109', 'field', '141', 'fr_fr', ' 08 mars 2016 '),
 ('109', 'field', '139', 'fr_fr', ' animation beaute pour bcbgmaxazria a l occasion de la journee internationale de le femme '),
 ('109', 'field', '140', 'fr_fr', ' image 4 '),
 ('109', 'slug', '0', 'fr_fr', ' 08 mars 2016 '),
 ('109', 'title', '0', 'fr_fr', ' 08 mars 2016 '),
 ('111', 'field', '140', 'fr_fr', ' image '),
 ('111', 'field', '139', 'fr_fr', ' animation beaute pour paulie and me concept store trendy qui met a l honneur des createurs de talent '),
 ('111', 'field', '141', 'fr_fr', ' 19 mars 2016 '),
 ('111', 'slug', '0', 'fr_fr', ' 19 mars 2016 '),
 ('111', 'title', '0', 'fr_fr', ' 19 mars 2016 '),
 ('112', 'filename', '0', 'fr_fr', ' image_4 jpeg '),
 ('112', 'extension', '0', 'fr_fr', ' jpeg '),
 ('112', 'kind', '0', 'fr_fr', ' image '),
 ('112', 'slug', '0', 'fr_fr', ''),
 ('112', 'title', '0', 'fr_fr', ' image 4 '),
 ('113', 'filename', '0', 'fr_fr', ' image_5 jpeg '),
 ('113', 'extension', '0', 'fr_fr', ' jpeg '),
 ('113', 'kind', '0', 'fr_fr', ' image '),
 ('113', 'slug', '0', 'fr_fr', ''),
 ('113', 'title', '0', 'fr_fr', ' image 5 '),
 ('114', 'field', '141', 'fr_fr', ' 26 janvier 2016 '),
 ('114', 'field', '139', 'fr_fr', ' shooting pour la marque fiabila toutes les manucures graphiques pour la nouvelle identite visuelle ont ete realisees par before beauty bar '),
 ('114', 'field', '140', 'fr_fr', ' image 5 '),
 ('114', 'slug', '0', 'fr_fr', ' 26 janvier 2016 '),
 ('114', 'title', '0', 'fr_fr', ' 26 janvier 2016 '),
 ('115', 'filename', '0', 'fr_fr', ' image_6 jpeg '),
 ('115', 'extension', '0', 'fr_fr', ' jpeg '),
 ('115', 'kind', '0', 'fr_fr', ' image '),
 ('115', 'slug', '0', 'fr_fr', ''),
 ('115', 'title', '0', 'fr_fr', ' image 6 '),
 ('116', 'field', '141', 'fr_fr', ' 29 mars 2016 '),
 ('116', 'field', '139', 'fr_fr', ' animation coiffure make up nail bar by before pour la soiree les escales au bastille design center organisee par all around the girl '),
 ('116', 'field', '140', 'fr_fr', ' image 6 '),
 ('116', 'slug', '0', 'fr_fr', ' 29 mars 2016 '),
 ('116', 'title', '0', 'fr_fr', ' 29 mars 2016 '),
 ('117', 'field', '141', 'fr_fr', ' 30 mars 2016 '),
 ('117', 'field', '139', 'fr_fr', ' tuto manucure japonaise by before pour les reines du shopping et cristina cordula '),
 ('117', 'field', '140', 'fr_fr', ' image 7 '),
 ('117', 'slug', '0', 'fr_fr', ' 30 mars 21 '),
 ('117', 'title', '0', 'fr_fr', ' 30 mars 2016 '),
 ('118', 'filename', '0', 'fr_fr', ' image_7 jpeg '),
 ('118', 'extension', '0', 'fr_fr', ' jpeg '),
 ('118', 'kind', '0', 'fr_fr', ' image '),
 ('118', 'slug', '0', 'fr_fr', ''),
 ('118', 'title', '0', 'fr_fr', ' image 7 '),
 ('119', 'filename', '0', 'fr_fr', ' image_8 jpeg '),
 ('119', 'extension', '0', 'fr_fr', ' jpeg '),
 ('119', 'kind', '0', 'fr_fr', ' image '),
 ('119', 'slug', '0', 'fr_fr', ''),
 ('119', 'title', '0', 'fr_fr', ' image 8 '),
 ('120', 'field', '141', 'fr_fr', ' 02 03 04 avril 2016 '),
 ('120', 'field', '139', 'fr_fr', ' partenaire de flexybeauty sur le congres international de l esthetique spa 2016 '),
 ('120', 'field', '140', 'fr_fr', ' image 8 '),
 ('120', 'slug', '0', 'fr_fr', ' 02 03 04 avril 2016 '),
 ('120', 'title', '0', 'fr_fr', ' 02 03 04 avril 2016 '),
 ('121', 'filename', '0', 'fr_fr', ' image_9 jpeg '),
 ('121', 'extension', '0', 'fr_fr', ' jpeg '),
 ('121', 'kind', '0', 'fr_fr', ' image '),
 ('121', 'slug', '0', 'fr_fr', ''),
 ('121', 'title', '0', 'fr_fr', ' image 9 '),
 ('122', 'field', '141', 'fr_fr', ' 09 avril 2016 '),
 ('122', 'field', '139', 'fr_fr', ' animation beaute le bar a tresse by before pour l incontournable centre commercial les passages a boulogne '),
 ('122', 'field', '140', 'fr_fr', ' image 9 '),
 ('122', 'slug', '0', 'fr_fr', ' 09 avril 2016 '),
 ('122', 'title', '0', 'fr_fr', ' 09 avril 2016 '),
 ('123', 'filename', '0', 'fr_fr', ' image_10 jpeg '),
 ('123', 'extension', '0', 'fr_fr', ' jpeg '),
 ('123', 'kind', '0', 'fr_fr', ' image '),
 ('123', 'slug', '0', 'fr_fr', ''),
 ('123', 'title', '0', 'fr_fr', ' image 10 '),
 ('124', 'field', '141', 'fr_fr', ' 26 mai 2016 ');
INSERT INTO `craft_searchindex` (`elementId`, `attribute`, `fieldId`, `locale`, `keywords`) VALUES
 ('124', 'field', '139', 'fr_fr', ' animation nail bar pour la summer break party des galeries lafayette a l occasion de la fete des meres '),
 ('124', 'field', '140', 'fr_fr', ' image 10 '),
 ('124', 'slug', '0', 'fr_fr', ' 26 mai 2016 '),
 ('124', 'title', '0', 'fr_fr', ' 26 mai 2016 '),
 ('125', 'filename', '0', 'fr_fr', ' image_11 jpeg '),
 ('125', 'extension', '0', 'fr_fr', ' jpeg '),
 ('125', 'kind', '0', 'fr_fr', ' image '),
 ('125', 'slug', '0', 'fr_fr', ''),
 ('125', 'title', '0', 'fr_fr', ' image 11 '),
 ('126', 'field', '141', 'fr_fr', ' 12 juin 2016 '),
 ('126', 'field', '139', 'fr_fr', ' animation beaute pour caromy co dans le sublime palace parisien plaza athenee make up by before beauty bar '),
 ('126', 'field', '140', 'fr_fr', ' image 11 '),
 ('126', 'slug', '0', 'fr_fr', ' 12 juin 2016 '),
 ('126', 'title', '0', 'fr_fr', ' 12 juin 2016 '),
 ('127', 'filename', '0', 'fr_fr', ' image_12 jpeg '),
 ('127', 'extension', '0', 'fr_fr', ' jpeg '),
 ('127', 'kind', '0', 'fr_fr', ' image '),
 ('127', 'slug', '0', 'fr_fr', ''),
 ('127', 'title', '0', 'fr_fr', ' image 12 '),
 ('128', 'field', '141', 'fr_fr', ' 17 juin 2016 '),
 ('128', 'field', '139', 'fr_fr', ' animation beaute nail bar essie pro by before pour le summer beauty day a l academie des experts l oreal paris '),
 ('128', 'field', '140', 'fr_fr', ' image 12 '),
 ('128', 'slug', '0', 'fr_fr', ' 17 juin 2016 '),
 ('128', 'title', '0', 'fr_fr', ' 17 juin 2016 '),
 ('129', 'filename', '0', 'fr_fr', ' image_13 jpeg '),
 ('129', 'extension', '0', 'fr_fr', ' jpeg '),
 ('129', 'kind', '0', 'fr_fr', ' image '),
 ('129', 'slug', '0', 'fr_fr', ''),
 ('129', 'title', '0', 'fr_fr', ' image 13 '),
 ('130', 'field', '141', 'fr_fr', ' 30 aout 2016 '),
 ('130', 'field', '139', 'fr_fr', ' animation beaute by before make up nail bar au faust pour les 140 ans de la prestigieuse marque lancel '),
 ('130', 'field', '140', 'fr_fr', ' image 13 '),
 ('130', 'slug', '0', 'fr_fr', ' 30 aout 2016 '),
 ('130', 'title', '0', 'fr_fr', ' 30 aout 2016 '),
 ('131', 'filename', '0', 'fr_fr', ' img_1108 jpg '),
 ('131', 'extension', '0', 'fr_fr', ' jpg '),
 ('131', 'kind', '0', 'fr_fr', ' image '),
 ('131', 'slug', '0', 'fr_fr', ''),
 ('131', 'title', '0', 'fr_fr', ' img 1108 '),
 ('132', 'field', '141', 'fr_fr', ' 30 septembre au 02 octobre 2016 '),
 ('132', 'field', '139', 'fr_fr', ' animation beaute by before sur l ile de bendor pour le festival new romance 2016 '),
 ('132', 'field', '140', 'fr_fr', ' img 1108 '),
 ('132', 'slug', '0', 'fr_fr', ' 30 septembre au 02 octobre 2016 '),
 ('132', 'title', '0', 'fr_fr', ' 30 septembre au 02 octobre 2016 '),
 ('133', 'filename', '0', 'fr_fr', ' img_1264 jpg '),
 ('133', 'extension', '0', 'fr_fr', ' jpg '),
 ('133', 'kind', '0', 'fr_fr', ' image '),
 ('133', 'slug', '0', 'fr_fr', ''),
 ('133', 'title', '0', 'fr_fr', ' img 1264 '),
 ('134', 'field', '141', 'fr_fr', ' 03 novembre 2016 '),
 ('134', 'field', '139', 'fr_fr', ' animation beaute by before avec l equipe de telematin a l occasion de l anniversaire de laura tenoudji '),
 ('134', 'field', '140', 'fr_fr', ' img 1264 '),
 ('134', 'slug', '0', 'fr_fr', ' 03 novembre 2016 '),
 ('134', 'title', '0', 'fr_fr', ' 03 novembre 2016 ');



DROP TABLE IF EXISTS `craft_sections`;


--
-- Schema for table `craft_sections`
--
CREATE TABLE `craft_sections` (
  `id` int(11) NOT NULL AUTO_INCREMENT,
  `structureId` int(11) DEFAULT NULL,
  `name` varchar(255) COLLATE utf8_unicode_ci NOT NULL,
  `handle` varchar(255) COLLATE utf8_unicode_ci NOT NULL,
  `type` enum('single','channel','structure') COLLATE utf8_unicode_ci NOT NULL DEFAULT 'channel',
  `hasUrls` tinyint(1) unsigned NOT NULL DEFAULT '1',
  `template` varchar(500) COLLATE utf8_unicode_ci DEFAULT NULL,
  `enableVersioning` tinyint(1) unsigned NOT NULL DEFAULT '0',
  `dateCreated` datetime NOT NULL,
  `dateUpdated` datetime NOT NULL,
  `uid` char(36) COLLATE utf8_unicode_ci NOT NULL DEFAULT '0',
  PRIMARY KEY (`id`),
  UNIQUE KEY `craft_sections_name_unq_idx` (`name`),
  UNIQUE KEY `craft_sections_handle_unq_idx` (`handle`),
  KEY `craft_sections_structureId_fk` (`structureId`)
) ENGINE=InnoDB AUTO_INCREMENT=5 DEFAULT CHARSET=utf8 COLLATE=utf8_unicode_ci;

--
-- Data for table `craft_sections`
--

INSERT INTO `craft_sections` (`id`, `structureId`, `name`, `handle`, `type`, `hasUrls`, `template`, `enableVersioning`, `dateCreated`, `dateUpdated`, `uid`) VALUES
 ('1', NULL, 'Homepage', 'homepage', 'single', '1', 'before', '1', '2015-07-22 10:53:28', '2015-07-22 11:02:17', '912f74fc-a364-4dd5-a42a-55e2c74e08ac'),
 ('3', NULL, 'Article Presse', 'articlePresse', 'channel', '0', NULL, '1', '2015-07-23 13:17:00', '2015-07-23 13:17:00', '58c9be72-68d0-45ac-a604-40b8da52e725'),
 ('4', NULL, 'Actualités', 'actualites', 'channel', '0', NULL, '1', '2016-02-16 10:34:35', '2016-02-16 10:34:35', '8e9ef66c-10df-4590-8261-2ce4add0181c');



DROP TABLE IF EXISTS `craft_sections_i18n`;


--
-- Schema for table `craft_sections_i18n`
--
CREATE TABLE `craft_sections_i18n` (
  `id` int(11) NOT NULL AUTO_INCREMENT,
  `sectionId` int(11) NOT NULL,
  `locale` char(12) COLLATE utf8_unicode_ci NOT NULL,
  `enabledByDefault` tinyint(1) unsigned NOT NULL DEFAULT '1',
  `urlFormat` varchar(255) COLLATE utf8_unicode_ci DEFAULT NULL,
  `nestedUrlFormat` varchar(255) COLLATE utf8_unicode_ci DEFAULT NULL,
  `dateCreated` datetime NOT NULL,
  `dateUpdated` datetime NOT NULL,
  `uid` char(36) COLLATE utf8_unicode_ci NOT NULL DEFAULT '0',
  PRIMARY KEY (`id`),
  UNIQUE KEY `craft_sections_i18n_sectionId_locale_unq_idx` (`sectionId`,`locale`),
  KEY `craft_sections_i18n_locale_fk` (`locale`)
) ENGINE=InnoDB AUTO_INCREMENT=5 DEFAULT CHARSET=utf8 COLLATE=utf8_unicode_ci;

--
-- Data for table `craft_sections_i18n`
--

INSERT INTO `craft_sections_i18n` (`id`, `sectionId`, `locale`, `enabledByDefault`, `urlFormat`, `nestedUrlFormat`, `dateCreated`, `dateUpdated`, `uid`) VALUES
 ('1', '1', 'fr_fr', '0', '__home__', NULL, '2015-07-22 10:53:28', '2015-07-22 11:02:17', '3275c3be-fe1c-4d2b-91d3-f2e60df644d6'),
 ('3', '3', 'fr_fr', '0', NULL, NULL, '2015-07-23 13:17:00', '2015-07-23 13:17:00', '2fc174fd-0496-460f-ad81-2bcfdd9ccfd2'),
 ('4', '4', 'fr_fr', '0', NULL, NULL, '2016-02-16 10:34:35', '2016-02-16 10:34:35', 'af92d6e6-cdd1-4c4b-8304-3975c252c4e1');



DROP TABLE IF EXISTS `craft_sessions`;


--
-- Schema for table `craft_sessions`
--
CREATE TABLE `craft_sessions` (
  `id` int(11) NOT NULL AUTO_INCREMENT,
  `userId` int(11) NOT NULL,
  `token` char(100) COLLATE utf8_unicode_ci NOT NULL,
  `dateCreated` datetime NOT NULL,
  `dateUpdated` datetime NOT NULL,
  `uid` char(36) COLLATE utf8_unicode_ci NOT NULL DEFAULT '0',
  PRIMARY KEY (`id`),
  KEY `craft_sessions_uid_idx` (`uid`),
  KEY `craft_sessions_token_idx` (`token`),
  KEY `craft_sessions_dateUpdated_idx` (`dateUpdated`),
  KEY `craft_sessions_userId_fk` (`userId`)
) ENGINE=InnoDB AUTO_INCREMENT=134 DEFAULT CHARSET=utf8 COLLATE=utf8_unicode_ci;

DROP TABLE IF EXISTS `craft_shunnedmessages`;


--
-- Schema for table `craft_shunnedmessages`
--
CREATE TABLE `craft_shunnedmessages` (
  `id` int(11) NOT NULL AUTO_INCREMENT,
  `userId` int(11) NOT NULL,
  `message` varchar(255) COLLATE utf8_unicode_ci NOT NULL,
  `expiryDate` datetime DEFAULT NULL,
  `dateCreated` datetime NOT NULL,
  `dateUpdated` datetime NOT NULL,
  `uid` char(36) COLLATE utf8_unicode_ci NOT NULL DEFAULT '0',
  PRIMARY KEY (`id`),
  UNIQUE KEY `craft_shunnedmessages_userId_message_unq_idx` (`userId`,`message`)
) ENGINE=InnoDB DEFAULT CHARSET=utf8 COLLATE=utf8_unicode_ci;

DROP TABLE IF EXISTS `craft_structureelements`;


--
-- Schema for table `craft_structureelements`
--
CREATE TABLE `craft_structureelements` (
  `id` int(11) NOT NULL AUTO_INCREMENT,
  `structureId` int(11) NOT NULL,
  `elementId` int(11) DEFAULT NULL,
  `root` int(11) unsigned DEFAULT NULL,
  `lft` int(11) unsigned NOT NULL,
  `rgt` int(11) unsigned NOT NULL,
  `level` smallint(6) unsigned NOT NULL,
  `dateCreated` datetime NOT NULL,
  `dateUpdated` datetime NOT NULL,
  `uid` char(36) COLLATE utf8_unicode_ci NOT NULL DEFAULT '0',
  PRIMARY KEY (`id`),
  UNIQUE KEY `craft_structureelements_structureId_elementId_unq_idx` (`structureId`,`elementId`),
  KEY `craft_structureelements_root_idx` (`root`),
  KEY `craft_structureelements_lft_idx` (`lft`),
  KEY `craft_structureelements_rgt_idx` (`rgt`),
  KEY `craft_structureelements_level_idx` (`level`),
  KEY `craft_structureelements_elementId_fk` (`elementId`)
) ENGINE=InnoDB DEFAULT CHARSET=utf8 COLLATE=utf8_unicode_ci;

DROP TABLE IF EXISTS `craft_structures`;


--
-- Schema for table `craft_structures`
--
CREATE TABLE `craft_structures` (
  `id` int(11) NOT NULL AUTO_INCREMENT,
  `maxLevels` smallint(6) unsigned DEFAULT NULL,
  `dateCreated` datetime NOT NULL,
  `dateUpdated` datetime NOT NULL,
  `uid` char(36) COLLATE utf8_unicode_ci NOT NULL DEFAULT '0',
  PRIMARY KEY (`id`)
) ENGINE=InnoDB DEFAULT CHARSET=utf8 COLLATE=utf8_unicode_ci;

DROP TABLE IF EXISTS `craft_systemsettings`;


--
-- Schema for table `craft_systemsettings`
--
CREATE TABLE `craft_systemsettings` (
  `id` int(11) NOT NULL AUTO_INCREMENT,
  `category` varchar(15) COLLATE utf8_unicode_ci NOT NULL,
  `settings` text COLLATE utf8_unicode_ci,
  `dateCreated` datetime NOT NULL,
  `dateUpdated` datetime NOT NULL,
  `uid` char(36) COLLATE utf8_unicode_ci NOT NULL DEFAULT '0',
  PRIMARY KEY (`id`),
  UNIQUE KEY `craft_systemsettings_category_unq_idx` (`category`)
) ENGINE=InnoDB AUTO_INCREMENT=2 DEFAULT CHARSET=utf8 COLLATE=utf8_unicode_ci;

--
-- Data for table `craft_systemsettings`
--

INSERT INTO `craft_systemsettings` (`id`, `category`, `settings`, `dateCreated`, `dateUpdated`, `uid`) VALUES
 ('1', 'email', '{\"protocol\":\"php\",\"emailAddress\":\"alex@idenproject.com\",\"senderName\":\"before\"}', '2015-07-22 10:53:28', '2015-07-22 10:53:28', 'b1734e1f-5a91-4d7f-b611-29f4a9757205');



DROP TABLE IF EXISTS `craft_taggroups`;


--
-- Schema for table `craft_taggroups`
--
CREATE TABLE `craft_taggroups` (
  `id` int(11) NOT NULL AUTO_INCREMENT,
  `name` varchar(255) COLLATE utf8_unicode_ci NOT NULL,
  `handle` varchar(255) COLLATE utf8_unicode_ci NOT NULL,
  `fieldLayoutId` int(10) DEFAULT NULL,
  `dateCreated` datetime NOT NULL,
  `dateUpdated` datetime NOT NULL,
  `uid` char(36) COLLATE utf8_unicode_ci NOT NULL DEFAULT '0',
  PRIMARY KEY (`id`),
  UNIQUE KEY `craft_taggroups_name_unq_idx` (`name`),
  UNIQUE KEY `craft_taggroups_handle_unq_idx` (`handle`),
  KEY `craft_taggroups_fieldLayoutId_fk` (`fieldLayoutId`)
) ENGINE=InnoDB AUTO_INCREMENT=2 DEFAULT CHARSET=utf8 COLLATE=utf8_unicode_ci;

--
-- Data for table `craft_taggroups`
--

INSERT INTO `craft_taggroups` (`id`, `name`, `handle`, `fieldLayoutId`, `dateCreated`, `dateUpdated`, `uid`) VALUES
 ('1', 'Default', 'default', '1', '2015-07-22 10:53:28', '2015-07-22 10:53:28', 'f6225071-023d-4625-a7c4-6551fd38b2ee');



DROP TABLE IF EXISTS `craft_tags`;


--
-- Schema for table `craft_tags`
--
CREATE TABLE `craft_tags` (
  `id` int(11) NOT NULL,
  `groupId` int(11) NOT NULL,
  `dateCreated` datetime NOT NULL,
  `dateUpdated` datetime NOT NULL,
  `uid` char(36) COLLATE utf8_unicode_ci NOT NULL DEFAULT '0',
  PRIMARY KEY (`id`),
  KEY `craft_tags_groupId_fk` (`groupId`)
) ENGINE=InnoDB DEFAULT CHARSET=utf8 COLLATE=utf8_unicode_ci;

DROP TABLE IF EXISTS `craft_tasks`;


--
-- Schema for table `craft_tasks`
--
CREATE TABLE `craft_tasks` (
  `id` int(11) NOT NULL AUTO_INCREMENT,
  `root` int(11) unsigned DEFAULT NULL,
  `lft` int(11) unsigned NOT NULL,
  `rgt` int(11) unsigned NOT NULL,
  `level` smallint(6) unsigned NOT NULL,
  `currentStep` int(11) unsigned DEFAULT NULL,
  `totalSteps` int(11) unsigned DEFAULT NULL,
  `status` enum('pending','error','running') COLLATE utf8_unicode_ci DEFAULT NULL,
  `type` varchar(150) COLLATE utf8_unicode_ci NOT NULL,
  `description` varchar(255) COLLATE utf8_unicode_ci DEFAULT NULL,
  `settings` text COLLATE utf8_unicode_ci,
  `dateCreated` datetime NOT NULL,
  `dateUpdated` datetime NOT NULL,
  `uid` char(36) COLLATE utf8_unicode_ci NOT NULL DEFAULT '0',
  PRIMARY KEY (`id`),
  KEY `craft_tasks_root_idx` (`root`),
  KEY `craft_tasks_lft_idx` (`lft`),
  KEY `craft_tasks_rgt_idx` (`rgt`),
  KEY `craft_tasks_level_idx` (`level`)
) ENGINE=InnoDB AUTO_INCREMENT=2 DEFAULT CHARSET=utf8 COLLATE=utf8_unicode_ci;

DROP TABLE IF EXISTS `craft_templatecachecriteria`;


--
-- Schema for table `craft_templatecachecriteria`
--
CREATE TABLE `craft_templatecachecriteria` (
  `id` int(11) NOT NULL AUTO_INCREMENT,
  `cacheId` int(11) NOT NULL,
  `type` varchar(150) COLLATE utf8_unicode_ci NOT NULL,
  `criteria` text COLLATE utf8_unicode_ci NOT NULL,
  PRIMARY KEY (`id`),
  KEY `craft_templatecachecriteria_cacheId_fk` (`cacheId`),
  KEY `craft_templatecachecriteria_type_idx` (`type`)
) ENGINE=InnoDB DEFAULT CHARSET=utf8 COLLATE=utf8_unicode_ci;

DROP TABLE IF EXISTS `craft_templatecacheelements`;


--
-- Schema for table `craft_templatecacheelements`
--
CREATE TABLE `craft_templatecacheelements` (
  `cacheId` int(11) NOT NULL,
  `elementId` int(11) NOT NULL,
  KEY `craft_templatecacheelements_cacheId_fk` (`cacheId`),
  KEY `craft_templatecacheelements_elementId_fk` (`elementId`)
) ENGINE=InnoDB DEFAULT CHARSET=utf8 COLLATE=utf8_unicode_ci;

DROP TABLE IF EXISTS `craft_templatecaches`;


--
-- Schema for table `craft_templatecaches`
--
CREATE TABLE `craft_templatecaches` (
  `id` int(11) NOT NULL AUTO_INCREMENT,
  `cacheKey` varchar(255) COLLATE utf8_unicode_ci NOT NULL,
  `locale` char(12) COLLATE utf8_unicode_ci NOT NULL,
  `path` varchar(255) COLLATE utf8_unicode_ci DEFAULT NULL,
  `expiryDate` datetime NOT NULL,
  `body` mediumtext COLLATE utf8_unicode_ci NOT NULL,
  PRIMARY KEY (`id`),
  KEY `craft_templatecaches_expiryDate_cacheKey_locale_path_idx` (`expiryDate`,`cacheKey`,`locale`,`path`),
  KEY `craft_templatecaches_locale_fk` (`locale`)
) ENGINE=InnoDB DEFAULT CHARSET=utf8 COLLATE=utf8_unicode_ci;

DROP TABLE IF EXISTS `craft_tokens`;


--
-- Schema for table `craft_tokens`
--
CREATE TABLE `craft_tokens` (
  `id` int(11) NOT NULL AUTO_INCREMENT,
  `token` char(32) COLLATE utf8_unicode_ci NOT NULL,
  `route` text COLLATE utf8_unicode_ci,
  `usageLimit` tinyint(3) unsigned DEFAULT NULL,
  `usageCount` tinyint(3) unsigned DEFAULT NULL,
  `expiryDate` datetime NOT NULL,
  `dateCreated` datetime NOT NULL,
  `dateUpdated` datetime NOT NULL,
  `uid` char(36) COLLATE utf8_unicode_ci NOT NULL DEFAULT '0',
  PRIMARY KEY (`id`),
  UNIQUE KEY `craft_tokens_token_unq_idx` (`token`),
  KEY `craft_tokens_expiryDate_idx` (`expiryDate`)
) ENGINE=InnoDB DEFAULT CHARSET=utf8 COLLATE=utf8_unicode_ci;

DROP TABLE IF EXISTS `craft_usergroups`;


--
-- Schema for table `craft_usergroups`
--
CREATE TABLE `craft_usergroups` (
  `id` int(11) NOT NULL AUTO_INCREMENT,
  `name` varchar(255) COLLATE utf8_unicode_ci NOT NULL,
  `handle` varchar(255) COLLATE utf8_unicode_ci NOT NULL,
  `dateCreated` datetime NOT NULL,
  `dateUpdated` datetime NOT NULL,
  `uid` char(36) COLLATE utf8_unicode_ci NOT NULL DEFAULT '0',
  PRIMARY KEY (`id`)
) ENGINE=InnoDB DEFAULT CHARSET=utf8 COLLATE=utf8_unicode_ci;

DROP TABLE IF EXISTS `craft_usergroups_users`;


--
-- Schema for table `craft_usergroups_users`
--
CREATE TABLE `craft_usergroups_users` (
  `id` int(11) NOT NULL AUTO_INCREMENT,
  `groupId` int(11) NOT NULL,
  `userId` int(11) NOT NULL,
  `dateCreated` datetime NOT NULL,
  `dateUpdated` datetime NOT NULL,
  `uid` char(36) COLLATE utf8_unicode_ci NOT NULL DEFAULT '0',
  PRIMARY KEY (`id`),
  UNIQUE KEY `craft_usergroups_users_groupId_userId_unq_idx` (`groupId`,`userId`),
  KEY `craft_usergroups_users_userId_fk` (`userId`)
) ENGINE=InnoDB DEFAULT CHARSET=utf8 COLLATE=utf8_unicode_ci;

DROP TABLE IF EXISTS `craft_userpermissions`;


--
-- Schema for table `craft_userpermissions`
--
CREATE TABLE `craft_userpermissions` (
  `id` int(11) NOT NULL AUTO_INCREMENT,
  `name` varchar(255) COLLATE utf8_unicode_ci NOT NULL,
  `dateCreated` datetime NOT NULL,
  `dateUpdated` datetime NOT NULL,
  `uid` char(36) COLLATE utf8_unicode_ci NOT NULL DEFAULT '0',
  PRIMARY KEY (`id`),
  UNIQUE KEY `craft_userpermissions_name_unq_idx` (`name`)
) ENGINE=InnoDB DEFAULT CHARSET=utf8 COLLATE=utf8_unicode_ci;

DROP TABLE IF EXISTS `craft_userpermissions_usergroups`;


--
-- Schema for table `craft_userpermissions_usergroups`
--
CREATE TABLE `craft_userpermissions_usergroups` (
  `id` int(11) NOT NULL AUTO_INCREMENT,
  `permissionId` int(11) NOT NULL,
  `groupId` int(11) NOT NULL,
  `dateCreated` datetime NOT NULL,
  `dateUpdated` datetime NOT NULL,
  `uid` char(36) COLLATE utf8_unicode_ci NOT NULL DEFAULT '0',
  PRIMARY KEY (`id`),
  UNIQUE KEY `craft_userpermissions_usergroups_permissionId_groupId_unq_idx` (`permissionId`,`groupId`),
  KEY `craft_userpermissions_usergroups_groupId_fk` (`groupId`)
) ENGINE=InnoDB DEFAULT CHARSET=utf8 COLLATE=utf8_unicode_ci;

DROP TABLE IF EXISTS `craft_userpermissions_users`;


--
-- Schema for table `craft_userpermissions_users`
--
CREATE TABLE `craft_userpermissions_users` (
  `id` int(11) NOT NULL AUTO_INCREMENT,
  `permissionId` int(11) NOT NULL,
  `userId` int(11) NOT NULL,
  `dateCreated` datetime NOT NULL,
  `dateUpdated` datetime NOT NULL,
  `uid` char(36) COLLATE utf8_unicode_ci NOT NULL DEFAULT '0',
  PRIMARY KEY (`id`),
  UNIQUE KEY `craft_userpermissions_users_permissionId_userId_unq_idx` (`permissionId`,`userId`),
  KEY `craft_userpermissions_users_userId_fk` (`userId`)
) ENGINE=InnoDB DEFAULT CHARSET=utf8 COLLATE=utf8_unicode_ci;

DROP TABLE IF EXISTS `craft_users`;


--
-- Schema for table `craft_users`
--
CREATE TABLE `craft_users` (
  `id` int(11) NOT NULL,
  `username` varchar(100) COLLATE utf8_unicode_ci NOT NULL,
  `photo` varchar(100) COLLATE utf8_unicode_ci DEFAULT NULL,
  `firstName` varchar(100) COLLATE utf8_unicode_ci DEFAULT NULL,
  `lastName` varchar(100) COLLATE utf8_unicode_ci DEFAULT NULL,
  `email` varchar(255) COLLATE utf8_unicode_ci NOT NULL,
  `password` char(255) COLLATE utf8_unicode_ci DEFAULT NULL,
  `preferredLocale` char(12) COLLATE utf8_unicode_ci DEFAULT NULL,
  `weekStartDay` tinyint(1) unsigned NOT NULL DEFAULT '0',
  `admin` tinyint(1) unsigned NOT NULL DEFAULT '0',
  `client` tinyint(1) unsigned NOT NULL DEFAULT '0',
  `locked` tinyint(1) unsigned NOT NULL DEFAULT '0',
  `suspended` tinyint(1) unsigned NOT NULL DEFAULT '0',
  `pending` tinyint(1) unsigned NOT NULL DEFAULT '0',
  `archived` tinyint(1) unsigned NOT NULL DEFAULT '0',
  `lastLoginDate` datetime DEFAULT NULL,
  `lastLoginAttemptIPAddress` varchar(45) COLLATE utf8_unicode_ci DEFAULT NULL,
  `invalidLoginWindowStart` datetime DEFAULT NULL,
  `invalidLoginCount` tinyint(4) unsigned DEFAULT NULL,
  `lastInvalidLoginDate` datetime DEFAULT NULL,
  `lockoutDate` datetime DEFAULT NULL,
  `verificationCode` char(100) COLLATE utf8_unicode_ci DEFAULT NULL,
  `verificationCodeIssuedDate` datetime DEFAULT NULL,
  `unverifiedEmail` varchar(255) COLLATE utf8_unicode_ci DEFAULT NULL,
  `passwordResetRequired` tinyint(1) unsigned NOT NULL DEFAULT '0',
  `lastPasswordChangeDate` datetime DEFAULT NULL,
  `dateCreated` datetime NOT NULL,
  `dateUpdated` datetime NOT NULL,
  `uid` char(36) COLLATE utf8_unicode_ci NOT NULL DEFAULT '0',
  PRIMARY KEY (`id`),
  UNIQUE KEY `craft_users_username_unq_idx` (`username`),
  UNIQUE KEY `craft_users_email_unq_idx` (`email`),
  KEY `craft_users_verificationCode_idx` (`verificationCode`),
  KEY `craft_users_uid_idx` (`uid`),
  KEY `craft_users_preferredLocale_fk` (`preferredLocale`)
) ENGINE=InnoDB DEFAULT CHARSET=utf8 COLLATE=utf8_unicode_ci;

--
-- Data for table `craft_users`
--

INSERT INTO `craft_users` (`id`, `username`, `photo`, `firstName`, `lastName`, `email`, `password`, `preferredLocale`, `weekStartDay`, `admin`, `client`, `locked`, `suspended`, `pending`, `archived`, `lastLoginDate`, `lastLoginAttemptIPAddress`, `invalidLoginWindowStart`, `invalidLoginCount`, `lastInvalidLoginDate`, `lockoutDate`, `verificationCode`, `verificationCodeIssuedDate`, `unverifiedEmail`, `passwordResetRequired`, `lastPasswordChangeDate`, `dateCreated`, `dateUpdated`, `uid`) VALUES
 ('1', 'beforeadmin', NULL, 'Before', 'Bar', 'contact@beforebar.com', '$2y$13$sCFsJvCaOouuI6K75BRBQOGnQC61rApE8Y4Kym2WwCVTibXQ7poMa', NULL, '1', '1', '0', '0', '0', '0', '0', '2016-11-08 09:46:04', '80.15.154.62', NULL, NULL, '2016-11-08 09:45:50', NULL, NULL, NULL, NULL, '0', '2015-07-23 16:39:35', '2015-07-22 10:53:27', '2016-11-08 09:46:04', '7ecab7a1-d01c-4837-a7ff-ae5df548d307');



DROP TABLE IF EXISTS `craft_widgets`;


--
-- Schema for table `craft_widgets`
--
CREATE TABLE `craft_widgets` (
  `id` int(11) NOT NULL AUTO_INCREMENT,
  `userId` int(11) NOT NULL,
  `type` varchar(150) COLLATE utf8_unicode_ci NOT NULL,
  `sortOrder` tinyint(4) DEFAULT NULL,
  `settings` text COLLATE utf8_unicode_ci,
  `enabled` tinyint(1) unsigned NOT NULL DEFAULT '1',
  `dateCreated` datetime NOT NULL,
  `dateUpdated` datetime NOT NULL,
  `uid` char(36) COLLATE utf8_unicode_ci NOT NULL DEFAULT '0',
  PRIMARY KEY (`id`),
  KEY `craft_widgets_userId_fk` (`userId`)
) ENGINE=InnoDB AUTO_INCREMENT=7 DEFAULT CHARSET=utf8 COLLATE=utf8_unicode_ci;

--
-- Data for table `craft_widgets`
--

INSERT INTO `craft_widgets` (`id`, `userId`, `type`, `sortOrder`, `settings`, `enabled`, `dateCreated`, `dateUpdated`, `uid`) VALUES
 ('1', '1', 'RecentEntries', '1', '{\"limit\":\"10\"}', '0', '2015-07-22 10:53:33', '2015-07-22 16:09:36', '43ec0f28-ad6a-487c-9bb3-71b97944d99e'),
 ('2', '1', 'GetHelp', '2', NULL, '0', '2015-07-22 10:53:33', '2015-07-22 16:09:38', 'c2d6a15d-8e5e-458a-8280-01704cb783f8'),
 ('3', '1', 'Updates', '3', NULL, '0', '2015-07-22 10:53:33', '2015-07-22 16:09:40', 'c323f0a6-3b87-471f-ba0e-cd5f49503f21'),
 ('4', '1', 'Feed', '4', '{\"url\":\"http:\\/\\/feeds.feedburner.com\\/blogandtonic\",\"title\":\"Blog & Tonic\"}', '0', '2015-07-22 10:53:33', '2015-07-22 16:09:42', 'df0760ea-4f8a-4d15-9bf5-f98cf5a6e9b3'),
 ('5', '1', 'RecentEntries', '5', '{\"limit\":\"10\"}', '0', '2015-07-22 16:09:49', '2015-07-22 16:10:06', 'e6999bb1-48a9-4afc-a630-17f656511306'),
 ('6', '1', 'GetHelp', '6', NULL, '1', '2015-07-22 16:10:34', '2015-07-22 16:10:34', 'ed3e5a30-4499-4f0d-8ec8-883eda45209f');


--
-- Constraints for tables
--


--
-- Constraints for table `craft_assetfiles`
--
ALTER TABLE `craft_assetfiles`
	ADD CONSTRAINT `craft_assetfiles_folderId_fk` FOREIGN KEY (`folderId`) REFERENCES `craft_assetfolders` (`id`) ON DELETE CASCADE,
	ADD CONSTRAINT `craft_assetfiles_id_fk` FOREIGN KEY (`id`) REFERENCES `craft_elements` (`id`) ON DELETE CASCADE,
	ADD CONSTRAINT `craft_assetfiles_sourceId_fk` FOREIGN KEY (`sourceId`) REFERENCES `craft_assetsources` (`id`) ON DELETE CASCADE;

--
-- Constraints for table `craft_assetfolders`
--
ALTER TABLE `craft_assetfolders`
	ADD CONSTRAINT `craft_assetfolders_parentId_fk` FOREIGN KEY (`parentId`) REFERENCES `craft_assetfolders` (`id`) ON DELETE CASCADE,
	ADD CONSTRAINT `craft_assetfolders_sourceId_fk` FOREIGN KEY (`sourceId`) REFERENCES `craft_assetsources` (`id`) ON DELETE CASCADE;

--
-- Constraints for table `craft_assetindexdata`
--
ALTER TABLE `craft_assetindexdata`
	ADD CONSTRAINT `craft_assetindexdata_sourceId_fk` FOREIGN KEY (`sourceId`) REFERENCES `craft_assetsources` (`id`) ON DELETE CASCADE;

--
-- Constraints for table `craft_assetsources`
--
ALTER TABLE `craft_assetsources`
	ADD CONSTRAINT `craft_assetsources_fieldLayoutId_fk` FOREIGN KEY (`fieldLayoutId`) REFERENCES `craft_fieldlayouts` (`id`) ON DELETE SET NULL;

--
-- Constraints for table `craft_categories`
--
ALTER TABLE `craft_categories`
	ADD CONSTRAINT `craft_categories_groupId_fk` FOREIGN KEY (`groupId`) REFERENCES `craft_categorygroups` (`id`) ON DELETE CASCADE,
	ADD CONSTRAINT `craft_categories_id_fk` FOREIGN KEY (`id`) REFERENCES `craft_elements` (`id`) ON DELETE CASCADE;

--
-- Constraints for table `craft_categorygroups`
--
ALTER TABLE `craft_categorygroups`
	ADD CONSTRAINT `craft_categorygroups_fieldLayoutId_fk` FOREIGN KEY (`fieldLayoutId`) REFERENCES `craft_fieldlayouts` (`id`) ON DELETE SET NULL,
	ADD CONSTRAINT `craft_categorygroups_structureId_fk` FOREIGN KEY (`structureId`) REFERENCES `craft_structures` (`id`) ON DELETE CASCADE;

--
-- Constraints for table `craft_categorygroups_i18n`
--
ALTER TABLE `craft_categorygroups_i18n`
	ADD CONSTRAINT `craft_categorygroups_i18n_groupId_fk` FOREIGN KEY (`groupId`) REFERENCES `craft_categorygroups` (`id`) ON DELETE CASCADE,
	ADD CONSTRAINT `craft_categorygroups_i18n_locale_fk` FOREIGN KEY (`locale`) REFERENCES `craft_locales` (`locale`) ON DELETE CASCADE ON UPDATE CASCADE;

--
-- Constraints for table `craft_content`
--
ALTER TABLE `craft_content`
	ADD CONSTRAINT `craft_content_elementId_fk` FOREIGN KEY (`elementId`) REFERENCES `craft_elements` (`id`) ON DELETE CASCADE,
	ADD CONSTRAINT `craft_content_locale_fk` FOREIGN KEY (`locale`) REFERENCES `craft_locales` (`locale`) ON DELETE CASCADE ON UPDATE CASCADE;

--
-- Constraints for table `craft_elements_i18n`
--
ALTER TABLE `craft_elements_i18n`
	ADD CONSTRAINT `craft_elements_i18n_elementId_fk` FOREIGN KEY (`elementId`) REFERENCES `craft_elements` (`id`) ON DELETE CASCADE,
	ADD CONSTRAINT `craft_elements_i18n_locale_fk` FOREIGN KEY (`locale`) REFERENCES `craft_locales` (`locale`) ON DELETE CASCADE ON UPDATE CASCADE;

--
-- Constraints for table `craft_emailmessages`
--
ALTER TABLE `craft_emailmessages`
	ADD CONSTRAINT `craft_emailmessages_locale_fk` FOREIGN KEY (`locale`) REFERENCES `craft_locales` (`locale`) ON DELETE CASCADE ON UPDATE CASCADE;

--
-- Constraints for table `craft_entries`
--
ALTER TABLE `craft_entries`
	ADD CONSTRAINT `craft_entries_authorId_fk` FOREIGN KEY (`authorId`) REFERENCES `craft_users` (`id`) ON DELETE CASCADE,
	ADD CONSTRAINT `craft_entries_id_fk` FOREIGN KEY (`id`) REFERENCES `craft_elements` (`id`) ON DELETE CASCADE,
	ADD CONSTRAINT `craft_entries_sectionId_fk` FOREIGN KEY (`sectionId`) REFERENCES `craft_sections` (`id`) ON DELETE CASCADE,
	ADD CONSTRAINT `craft_entries_typeId_fk` FOREIGN KEY (`typeId`) REFERENCES `craft_entrytypes` (`id`) ON DELETE CASCADE;

--
-- Constraints for table `craft_entrydrafts`
--
ALTER TABLE `craft_entrydrafts`
	ADD CONSTRAINT `craft_entrydrafts_creatorId_fk` FOREIGN KEY (`creatorId`) REFERENCES `craft_users` (`id`) ON DELETE CASCADE,
	ADD CONSTRAINT `craft_entrydrafts_entryId_fk` FOREIGN KEY (`entryId`) REFERENCES `craft_entries` (`id`) ON DELETE CASCADE,
	ADD CONSTRAINT `craft_entrydrafts_locale_fk` FOREIGN KEY (`locale`) REFERENCES `craft_locales` (`locale`) ON DELETE CASCADE ON UPDATE CASCADE,
	ADD CONSTRAINT `craft_entrydrafts_sectionId_fk` FOREIGN KEY (`sectionId`) REFERENCES `craft_sections` (`id`) ON DELETE CASCADE;

--
-- Constraints for table `craft_entrytypes`
--
ALTER TABLE `craft_entrytypes`
	ADD CONSTRAINT `craft_entrytypes_fieldLayoutId_fk` FOREIGN KEY (`fieldLayoutId`) REFERENCES `craft_fieldlayouts` (`id`) ON DELETE SET NULL,
	ADD CONSTRAINT `craft_entrytypes_sectionId_fk` FOREIGN KEY (`sectionId`) REFERENCES `craft_sections` (`id`) ON DELETE CASCADE;

--
-- Constraints for table `craft_entryversions`
--
ALTER TABLE `craft_entryversions`
	ADD CONSTRAINT `craft_entryversions_creatorId_fk` FOREIGN KEY (`creatorId`) REFERENCES `craft_users` (`id`) ON DELETE SET NULL,
	ADD CONSTRAINT `craft_entryversions_entryId_fk` FOREIGN KEY (`entryId`) REFERENCES `craft_entries` (`id`) ON DELETE CASCADE,
	ADD CONSTRAINT `craft_entryversions_locale_fk` FOREIGN KEY (`locale`) REFERENCES `craft_locales` (`locale`) ON DELETE CASCADE ON UPDATE CASCADE,
	ADD CONSTRAINT `craft_entryversions_sectionId_fk` FOREIGN KEY (`sectionId`) REFERENCES `craft_sections` (`id`) ON DELETE CASCADE;

--
-- Constraints for table `craft_fieldlayoutfields`
--
ALTER TABLE `craft_fieldlayoutfields`
	ADD CONSTRAINT `craft_fieldlayoutfields_fieldId_fk` FOREIGN KEY (`fieldId`) REFERENCES `craft_fields` (`id`) ON DELETE CASCADE,
	ADD CONSTRAINT `craft_fieldlayoutfields_layoutId_fk` FOREIGN KEY (`layoutId`) REFERENCES `craft_fieldlayouts` (`id`) ON DELETE CASCADE,
	ADD CONSTRAINT `craft_fieldlayoutfields_tabId_fk` FOREIGN KEY (`tabId`) REFERENCES `craft_fieldlayouttabs` (`id`) ON DELETE CASCADE;

--
-- Constraints for table `craft_fieldlayouttabs`
--
ALTER TABLE `craft_fieldlayouttabs`
	ADD CONSTRAINT `craft_fieldlayouttabs_layoutId_fk` FOREIGN KEY (`layoutId`) REFERENCES `craft_fieldlayouts` (`id`) ON DELETE CASCADE;

--
-- Constraints for table `craft_fields`
--
ALTER TABLE `craft_fields`
	ADD CONSTRAINT `craft_fields_groupId_fk` FOREIGN KEY (`groupId`) REFERENCES `craft_fieldgroups` (`id`) ON DELETE CASCADE;

--
-- Constraints for table `craft_globalsets`
--
ALTER TABLE `craft_globalsets`
	ADD CONSTRAINT `craft_globalsets_fieldLayoutId_fk` FOREIGN KEY (`fieldLayoutId`) REFERENCES `craft_fieldlayouts` (`id`) ON DELETE SET NULL,
	ADD CONSTRAINT `craft_globalsets_id_fk` FOREIGN KEY (`id`) REFERENCES `craft_elements` (`id`) ON DELETE CASCADE;

--
-- Constraints for table `craft_matrixblocks`
--
ALTER TABLE `craft_matrixblocks`
	ADD CONSTRAINT `craft_matrixblocks_fieldId_fk` FOREIGN KEY (`fieldId`) REFERENCES `craft_fields` (`id`) ON DELETE CASCADE,
	ADD CONSTRAINT `craft_matrixblocks_id_fk` FOREIGN KEY (`id`) REFERENCES `craft_elements` (`id`) ON DELETE CASCADE,
	ADD CONSTRAINT `craft_matrixblocks_ownerId_fk` FOREIGN KEY (`ownerId`) REFERENCES `craft_elements` (`id`) ON DELETE CASCADE,
	ADD CONSTRAINT `craft_matrixblocks_ownerLocale_fk` FOREIGN KEY (`ownerLocale`) REFERENCES `craft_locales` (`locale`) ON DELETE CASCADE ON UPDATE CASCADE,
	ADD CONSTRAINT `craft_matrixblocks_typeId_fk` FOREIGN KEY (`typeId`) REFERENCES `craft_matrixblocktypes` (`id`) ON DELETE CASCADE;

--
-- Constraints for table `craft_matrixblocktypes`
--
ALTER TABLE `craft_matrixblocktypes`
	ADD CONSTRAINT `craft_matrixblocktypes_fieldId_fk` FOREIGN KEY (`fieldId`) REFERENCES `craft_fields` (`id`) ON DELETE CASCADE,
	ADD CONSTRAINT `craft_matrixblocktypes_fieldLayoutId_fk` FOREIGN KEY (`fieldLayoutId`) REFERENCES `craft_fieldlayouts` (`id`) ON DELETE SET NULL;

--
-- Constraints for table `craft_migrations`
--
ALTER TABLE `craft_migrations`
	ADD CONSTRAINT `craft_migrations_pluginId_fk` FOREIGN KEY (`pluginId`) REFERENCES `craft_plugins` (`id`) ON DELETE CASCADE;

--
-- Constraints for table `craft_relations`
--
ALTER TABLE `craft_relations`
	ADD CONSTRAINT `craft_relations_fieldId_fk` FOREIGN KEY (`fieldId`) REFERENCES `craft_fields` (`id`) ON DELETE CASCADE,
	ADD CONSTRAINT `craft_relations_sourceId_fk` FOREIGN KEY (`sourceId`) REFERENCES `craft_elements` (`id`) ON DELETE CASCADE,
	ADD CONSTRAINT `craft_relations_sourceLocale_fk` FOREIGN KEY (`sourceLocale`) REFERENCES `craft_locales` (`locale`) ON DELETE CASCADE ON UPDATE CASCADE,
	ADD CONSTRAINT `craft_relations_targetId_fk` FOREIGN KEY (`targetId`) REFERENCES `craft_elements` (`id`) ON DELETE CASCADE;

--
-- Constraints for table `craft_routes`
--
ALTER TABLE `craft_routes`
	ADD CONSTRAINT `craft_routes_locale_fk` FOREIGN KEY (`locale`) REFERENCES `craft_locales` (`locale`) ON DELETE CASCADE ON UPDATE CASCADE;

--
-- Constraints for table `craft_sections`
--
ALTER TABLE `craft_sections`
	ADD CONSTRAINT `craft_sections_structureId_fk` FOREIGN KEY (`structureId`) REFERENCES `craft_structures` (`id`) ON DELETE SET NULL;

--
-- Constraints for table `craft_sections_i18n`
--
ALTER TABLE `craft_sections_i18n`
	ADD CONSTRAINT `craft_sections_i18n_locale_fk` FOREIGN KEY (`locale`) REFERENCES `craft_locales` (`locale`) ON DELETE CASCADE ON UPDATE CASCADE,
	ADD CONSTRAINT `craft_sections_i18n_sectionId_fk` FOREIGN KEY (`sectionId`) REFERENCES `craft_sections` (`id`) ON DELETE CASCADE;

--
-- Constraints for table `craft_sessions`
--
ALTER TABLE `craft_sessions`
	ADD CONSTRAINT `craft_sessions_userId_fk` FOREIGN KEY (`userId`) REFERENCES `craft_users` (`id`) ON DELETE CASCADE;

--
-- Constraints for table `craft_shunnedmessages`
--
ALTER TABLE `craft_shunnedmessages`
	ADD CONSTRAINT `craft_shunnedmessages_userId_fk` FOREIGN KEY (`userId`) REFERENCES `craft_users` (`id`) ON DELETE CASCADE;

--
-- Constraints for table `craft_structureelements`
--
ALTER TABLE `craft_structureelements`
	ADD CONSTRAINT `craft_structureelements_elementId_fk` FOREIGN KEY (`elementId`) REFERENCES `craft_elements` (`id`) ON DELETE CASCADE,
	ADD CONSTRAINT `craft_structureelements_structureId_fk` FOREIGN KEY (`structureId`) REFERENCES `craft_structures` (`id`) ON DELETE CASCADE;

--
-- Constraints for table `craft_taggroups`
--
ALTER TABLE `craft_taggroups`
	ADD CONSTRAINT `craft_taggroups_fieldLayoutId_fk` FOREIGN KEY (`fieldLayoutId`) REFERENCES `craft_fieldlayouts` (`id`) ON DELETE SET NULL;

--
-- Constraints for table `craft_tags`
--
ALTER TABLE `craft_tags`
	ADD CONSTRAINT `craft_tags_groupId_fk` FOREIGN KEY (`groupId`) REFERENCES `craft_taggroups` (`id`) ON DELETE CASCADE,
	ADD CONSTRAINT `craft_tags_id_fk` FOREIGN KEY (`id`) REFERENCES `craft_elements` (`id`) ON DELETE CASCADE;

--
-- Constraints for table `craft_templatecachecriteria`
--
ALTER TABLE `craft_templatecachecriteria`
	ADD CONSTRAINT `craft_templatecachecriteria_cacheId_fk` FOREIGN KEY (`cacheId`) REFERENCES `craft_templatecaches` (`id`) ON DELETE CASCADE;

--
-- Constraints for table `craft_templatecacheelements`
--
ALTER TABLE `craft_templatecacheelements`
	ADD CONSTRAINT `craft_templatecacheelements_cacheId_fk` FOREIGN KEY (`cacheId`) REFERENCES `craft_templatecaches` (`id`) ON DELETE CASCADE,
	ADD CONSTRAINT `craft_templatecacheelements_elementId_fk` FOREIGN KEY (`elementId`) REFERENCES `craft_elements` (`id`) ON DELETE CASCADE;

--
-- Constraints for table `craft_templatecaches`
--
ALTER TABLE `craft_templatecaches`
	ADD CONSTRAINT `craft_templatecaches_locale_fk` FOREIGN KEY (`locale`) REFERENCES `craft_locales` (`locale`) ON DELETE CASCADE ON UPDATE CASCADE;

--
-- Constraints for table `craft_usergroups_users`
--
ALTER TABLE `craft_usergroups_users`
	ADD CONSTRAINT `craft_usergroups_users_groupId_fk` FOREIGN KEY (`groupId`) REFERENCES `craft_usergroups` (`id`) ON DELETE CASCADE,
	ADD CONSTRAINT `craft_usergroups_users_userId_fk` FOREIGN KEY (`userId`) REFERENCES `craft_users` (`id`) ON DELETE CASCADE;

--
-- Constraints for table `craft_userpermissions_usergroups`
--
ALTER TABLE `craft_userpermissions_usergroups`
	ADD CONSTRAINT `craft_userpermissions_usergroups_groupId_fk` FOREIGN KEY (`groupId`) REFERENCES `craft_usergroups` (`id`) ON DELETE CASCADE,
	ADD CONSTRAINT `craft_userpermissions_usergroups_permissionId_fk` FOREIGN KEY (`permissionId`) REFERENCES `craft_userpermissions` (`id`) ON DELETE CASCADE;

--
-- Constraints for table `craft_userpermissions_users`
--
ALTER TABLE `craft_userpermissions_users`
	ADD CONSTRAINT `craft_userpermissions_users_permissionId_fk` FOREIGN KEY (`permissionId`) REFERENCES `craft_userpermissions` (`id`) ON DELETE CASCADE,
	ADD CONSTRAINT `craft_userpermissions_users_userId_fk` FOREIGN KEY (`userId`) REFERENCES `craft_users` (`id`) ON DELETE CASCADE;

--
-- Constraints for table `craft_users`
--
ALTER TABLE `craft_users`
	ADD CONSTRAINT `craft_users_id_fk` FOREIGN KEY (`id`) REFERENCES `craft_elements` (`id`) ON DELETE CASCADE,
	ADD CONSTRAINT `craft_users_preferredLocale_fk` FOREIGN KEY (`preferredLocale`) REFERENCES `craft_locales` (`locale`) ON DELETE SET NULL ON UPDATE CASCADE;

--
-- Constraints for table `craft_widgets`
--
ALTER TABLE `craft_widgets`
	ADD CONSTRAINT `craft_widgets_userId_fk` FOREIGN KEY (`userId`) REFERENCES `craft_users` (`id`) ON DELETE CASCADE;

SET FOREIGN_KEY_CHECKS = 1;
